Date,sat,mat,supply_vfd_speed,economizer_sig,cooling_sig
1/16/2023 12:24,78,72,0,20,34
1/16/2023 12:39,79,73,0,20,33
1/16/2023 12:54,78,72,0,20,32
1/16/2023 13:09,77,73,0,20,33
1/16/2023 13:24,78,72,0,100,32
1/16/2023 13:39,79,71,0,100,31
1/16/2023 13:54,80,70,0,20,30
1/16/2023 14:09,81,70,0,20,31
1/16/2023 14:24,82,70,0,20,32
1/16/2023 14:39,81,71,0,20,31
1/16/2023 14:54,82,70,0,20,32
1/16/2023 15:09,81,70,0,20,31
1/16/2023 15:24,82,70,0,20,32
1/16/2023 15:39,83,71,0,100,31
1/16/2023 15:54,84,72,0,100,32
1/16/2023 16:09,85,73,0,20,33
1/16/2023 16:24,84,72,0,20,32
1/16/2023 16:39,83,73,0,20,31
1/16/2023 16:54,82,72,0,20,32
1/16/2023 17:09,81,71,0,20,31
1/16/2023 17:24,80,72,0,20,32
1/16/2023 17:39,81,71,0,20,33
1/16/2023 17:54,80,72,0,100,34
1/16/2023 18:09,79,71,0,100,33
1/16/2023 18:24,80,72,0,20,32
1/16/2023 18:39,81,73,0,20,31
1/16/2023 18:54,82,74,0,20,30
1/16/2023 19:09,83,73,0,20,31
1/16/2023 19:24,84,74,0,20,30
1/16/2023 19:39,85,73,0,20,29
1/16/2023 19:54,86,74,0,20,28
1/16/2023 20:09,85,73,0,100,29
1/16/2023 20:24,86,74,0,100,28
1/16/2023 20:39,87,73,0,20,29
1/16/2023 20:54,86,72,0,20,30
1/16/2023 21:09,85,73,0,20,29
1/16/2023 21:24,86,72,0,20,28
1/16/2023 21:39,87,73,0,20,27
1/16/2023 21:54,86,74,0,20,26
1/16/2023 22:09,85,75,0,20,27
1/16/2023 22:24,86,76,0,100,28
1/16/2023 22:39,87,77,0,100,27
1/16/2023 22:54,86,78,0,20,26
1/16/2023 23:09,87,79,0,20,25
1/16/2023 23:24,88,80,0,20,26
1/16/2023 23:39,87,79,0,20,27
1/16/2023 23:54,86,78,0,20,28
1/17/2023 0:09,85,79,0,20,29
1/17/2023 0:24,86,80,0,20,30
1/17/2023 0:39,87,80,0,100,29
1/17/2023 0:54,88,79,0,100,30
1/17/2023 1:09,87,80,0,20,31
1/17/2023 1:24,88,79,37,20,32
1/17/2023 1:39,89,80,36,20,31
1/17/2023 1:54,88,80,35,20,0
1/17/2023 2:09,87,79,36,55,0
1/17/2023 2:24,88,80,37,20,31
1/17/2023 2:39,89,79,38,20,0
1/17/2023 2:54,88,80,39,55,0
1/17/2023 3:09,89,80,40,20,31
1/17/2023 3:24,90,79,41,55,30
1/17/2023 3:39,89,78,40,20,0
1/17/2023 3:54,90,79,41,55,0
1/17/2023 4:09,89,78,40,20,31
1/17/2023 4:24,90,77,39,20,26
1/17/2023 4:39,90,76,38,20,0
1/17/2023 4:54,89,75,37,55,0
1/17/2023 5:09,90,74,38,20,31
1/17/2023 5:24,89,75,37,20,28
1/17/2023 5:39,90,76,38,20,29
1/17/2023 5:54,90,75,37,20,0
1/17/2023 6:09,89,74,36,55,0
1/17/2023 6:24,88,75,35,20,31
1/17/2023 6:39,89,74,36,20,27
1/17/2023 6:54,88,73,37,20,26
1/17/2023 7:09,87,74,38,20,0
1/17/2023 7:24,86,75,39,20,0
1/17/2023 7:39,87,74,38,85,25
1/17/2023 7:54,88,75,39,85,24
1/17/2023 8:09,87,76,38,20,23
1/17/2023 8:24,86,75,37,20,0
1/17/2023 8:39,85,74,36,20,0
1/17/2023 8:54,86,75,35,20,26
1/17/2023 9:09,85,76,34,20,25
1/17/2023 9:24,86,75,33,20,24
1/17/2023 9:39,85,76,34,20,25
1/17/2023 9:54,86,77,35,20,0
1/17/2023 10:09,87,78,36,20,0
1/17/2023 10:24,88,79,37,20,26
1/17/2023 10:39,89,78,36,85,27
1/17/2023 10:54,90,77,35,20,26
1/17/2023 11:09,90,76,36,20,0
1/17/2023 11:24,90,77,35,20,0
1/17/2023 11:39,89,78,36,20,26
1/17/2023 11:54,90,79,35,85,26
1/17/2023 12:09,89,80,34,20,27
1/17/2023 12:24,90,80,33,20,0
1/17/2023 12:39,90,80,32,20,0
1/17/2023 12:54,89,80,33,88,26
1/17/2023 13:09,90,80,32,20,27
1/17/2023 13:24,90,80,33,20,28
1/17/2023 13:39,89,80,32,20,29
1/17/2023 13:54,90,79,33,20,28
1/17/2023 14:09,89,78,32,82,29
1/17/2023 14:24,90,79,31,44,28
1/17/2023 14:39,90,80,32,20,29
1/17/2023 14:54,90,80,33,88,28
1/17/2023 15:09,89,79,34,20,27
1/17/2023 15:24,90,80,33,20,28
1/17/2023 15:39,90,79,32,45,27
1/17/2023 15:54,90,80,33,20,26
1/17/2023 16:09,90,80,34,20,27
1/17/2023 16:24,90,80,35,20,26
1/17/2023 16:39,90,80,36,20,27
1/17/2023 16:54,89,79,35,20,28
1/17/2023 17:09,88,78,34,20,29
1/17/2023 17:24,89,79,33,20,30
1/17/2023 17:39,90,78,34,20,29
1/17/2023 17:54,89,79,35,20,28
1/17/2023 18:09,88,80,36,20,27
1/17/2023 18:24,89,80,35,20,28
1/17/2023 18:39,90,79,34,20,27
1/17/2023 18:54,89,78,33,20,26
1/17/2023 19:09,88,77,32,20,25
1/17/2023 19:24,89,78,33,20,24
1/17/2023 19:39,88,77,34,20,25
1/17/2023 19:54,87,78,33,20,24
1/17/2023 20:09,88,79,34,20,23
1/17/2023 20:24,89,80,33,20,22
1/17/2023 20:39,88,80,34,20,21
1/17/2023 20:54,89,79,33,20,22
1/17/2023 21:09,88,78,34,20,23
1/17/2023 21:24,87,79,33,20,24
1/17/2023 21:39,88,80,32,20,23
1/17/2023 21:54,89,80,33,20,22
1/17/2023 22:09,90,79,32,20,23
1/17/2023 22:24,90,80,31,20,24
1/17/2023 22:39,90,79,30,20,23
1/17/2023 22:54,89,80,29,20,22
1/17/2023 23:09,88,79,28,20,21
1/17/2023 23:24,87,78,27,20,20
1/17/2023 23:39,88,77,28,20,19
1/17/2023 23:54,87,76,29,20,18
1/18/2023 0:09,86,75,30,20,17
1/18/2023 0:24,85,74,31,20,18
1/18/2023 0:39,84,75,32,20,17
1/18/2023 0:54,83,74,31,20,16
1/18/2023 1:09,82,75,30,20,15
1/18/2023 1:24,81,76,31,20,14
1/18/2023 1:39,82,77,32,20,13
1/18/2023 1:54,81,76,33,20,14
1/18/2023 2:09,80,75,34,20,13
1/18/2023 2:24,81,74,33,20,14
1/18/2023 2:39,80,75,34,20,13
1/18/2023 2:54,81,74,33,20,14
1/18/2023 3:09,80,73,34,20,13
1/18/2023 3:24,81,74,35,20,12
1/18/2023 3:39,82,75,36,20,11
1/18/2023 3:54,81,76,37,20,10
1/18/2023 4:09,82,77,36,20,11
1/18/2023 4:24,81,78,37,20,12
1/18/2023 4:39,82,79,36,20,13
1/18/2023 4:54,81,78,35,20,12
1/18/2023 5:09,80,77,36,20,11
1/18/2023 5:24,79,78,37,20,10
1/18/2023 5:39,80,77,38,20,9
1/18/2023 5:54,79,78,39,20,10
1/18/2023 6:09,80,79,38,20,11
1/18/2023 6:24,79,78,37,20,10
1/18/2023 6:39,78,79,36,20,9
1/18/2023 6:54,79,80,35,20,10
1/18/2023 7:09,78,80,36,20,11
1/18/2023 7:24,79,79,35,20,12
1/18/2023 7:39,80,80,34,20,11
1/18/2023 7:54,81,80,35,20,12
1/18/2023 8:09,82,79,36,20,13
1/18/2023 8:24,81,80,35,20,12
1/18/2023 8:39,80,80,34,20,11
1/18/2023 8:54,81,80,35,20,10
1/18/2023 9:09,82,79,36,20,9
1/18/2023 9:24,83,78,35,20,8
1/18/2023 9:39,84,79,34,20,9
1/18/2023 9:54,83,80,35,20,10
1/18/2023 10:09,84,80,36,20,9
1/18/2023 10:24,83,80,37,20,10
1/18/2023 10:39,84,80,38,20,9
1/18/2023 10:54,85,80,37,20,10
1/18/2023 11:09,84,79,38,20,11
1/18/2023 11:24,85,80,39,20,12
1/18/2023 11:39,86,79,40,20,13
1/18/2023 11:54,87,78,39,20,12
1/18/2023 12:09,88,79,38,20,13
1/18/2023 12:24,87,80,39,20,12
1/18/2023 12:39,88,79,40,20,13
1/18/2023 12:54,87,80,39,20,12
1/18/2023 13:09,88,79,38,20,13
1/18/2023 13:24,87,80,39,20,14
1/18/2023 13:39,86,79,40,20,15
1/18/2023 13:54,87,78,39,20,16
1/18/2023 14:09,88,79,40,20,17
1/18/2023 14:24,89,78,41,20,18
1/18/2023 14:39,90,77,42,20,19
1/18/2023 14:54,90,76,41,20,18
1/18/2023 15:09,90,75,42,20,17
1/18/2023 15:24,89,74,43,20,18
1/18/2023 15:39,88,73,42,20,19
1/18/2023 15:54,87,72,41,20,18
1/18/2023 16:09,86,71,40,20,17
1/18/2023 16:24,87,70,39,20,16
1/18/2023 16:39,86,71,38,20,15
1/18/2023 16:54,87,70,39,20,14
1/18/2023 17:09,88,70,38,20,15
1/18/2023 17:24,89,70,39,20,16
1/18/2023 17:39,88,70,38,20,15
1/18/2023 17:54,89,70,37,20,14
1/18/2023 18:09,90,71,36,20,15
1/18/2023 18:24,89,70,35,20,14
1/18/2023 18:39,90,70,36,20,13
1/18/2023 18:54,89,70,37,20,12
1/18/2023 19:09,88,70,36,20,13
1/18/2023 19:24,87,70,37,20,12
1/18/2023 19:39,88,71,36,20,13
1/18/2023 19:54,87,70,35,20,14
1/18/2023 20:09,88,71,36,20,15
1/18/2023 20:24,87,70,37,20,16
1/18/2023 20:39,86,71,36,20,15
1/18/2023 20:54,85,72,37,20,16
1/18/2023 21:09,84,73,38,20,15
1/18/2023 21:24,85,72,39,20,14
1/18/2023 21:39,84,71,38,20,15
1/18/2023 21:54,83,70,39,20,16
1/18/2023 22:09,82,70,38,20,15
1/18/2023 22:24,81,70,39,20,16
1/18/2023 22:39,80,71,38,20,15
1/18/2023 22:54,79,72,37,20,16
1/18/2023 23:09,78,71,36,20,17
1/18/2023 23:24,79,70,37,20,16
1/18/2023 23:39,78,71,36,20,15
1/18/2023 23:54,79,72,35,20,16
1/19/2023 0:09,80,73,34,20,15
1/19/2023 0:24,79,74,33,20,14
1/19/2023 0:39,78,75,34,20,15
1/19/2023 0:54,79,76,35,20,14
1/19/2023 1:09,78,77,36,20,13
1/19/2023 1:24,77,76,35,20,12
1/19/2023 1:39,76,75,36,20,13
1/19/2023 1:54,77,76,37,20,12
1/19/2023 2:09,78,77,36,20,13
1/19/2023 2:24,77,76,35,20,12
1/19/2023 2:39,76,77,34,20,11
1/19/2023 2:54,75,78,33,20,10
1/19/2023 3:09,76,79,34,20,11
1/19/2023 3:24,75,78,33,20,10
1/19/2023 3:39,76,77,32,20,9
1/19/2023 3:54,77,78,31,20,10
1/19/2023 4:09,78,79,32,20,11
1/19/2023 4:24,77,80,31,20,10
1/19/2023 4:39,78,80,30,20,9
1/19/2023 4:54,77,80,29,20,10
1/19/2023 5:09,76,80,30,20,9
1/19/2023 5:24,77,80,29,20,10
1/19/2023 5:39,76,79,30,20,9
1/19/2023 5:54,77,80,29,20,8
1/19/2023 6:09,76,79,30,20,7
1/19/2023 6:24,77,78,31,20,6
1/19/2023 6:39,78,79,32,20,5
1/19/2023 6:54,79,78,31,20,6
1/19/2023 7:09,78,79,30,20,7
1/19/2023 7:24,77,80,31,20,8
1/19/2023 7:39,76,80,32,20,7
1/19/2023 7:54,75,80,31,20,8
1/19/2023 8:09,74,80,32,20,9
1/19/2023 8:24,75,79,31,20,10
1/19/2023 8:39,76,78,32,20,9
1/19/2023 8:54,75,79,31,20,8
1/19/2023 9:09,74,80,32,20,9
1/19/2023 9:24,73,79,31,20,10
1/19/2023 9:39,72,80,30,20,11
1/19/2023 9:54,73,80,31,20,10
1/19/2023 10:09,74,79,30,20,9
1/19/2023 10:24,73,80,31,20,8
1/19/2023 10:39,74,79,30,20,9
1/19/2023 10:54,73,78,29,20,8
1/19/2023 11:09,74,77,28,20,7
1/19/2023 11:24,73,78,27,20,6
1/19/2023 11:39,72,79,28,20,5
1/19/2023 11:54,71,78,29,20,4
1/19/2023 12:09,70,79,30,20,5
1/19/2023 12:24,71,80,29,20,6
1/19/2023 12:39,72,80,28,20,5
1/19/2023 12:54,73,80,29,20,4
1/19/2023 13:09,72,80,30,20,3
1/19/2023 13:24,71,80,29,20,4
1/19/2023 13:39,70,80,28,20,3
1/19/2023 13:54,69,80,27,20,4
1/19/2023 14:09,70,79,26,20,3
1/19/2023 14:24,69,78,27,20,4
1/19/2023 14:39,68,79,28,20,3
1/19/2023 14:54,69,78,29,20,4
1/19/2023 15:09,68,79,28,20,5
1/19/2023 15:24,69,80,27,20,6
1/19/2023 15:39,68,80,28,20,5
1/19/2023 15:54,69,80,27,20,6
1/19/2023 16:09,70,80,26,20,7
1/19/2023 16:24,71,80,27,20,8
1/19/2023 16:39,70,80,26,20,7
1/19/2023 16:54,69,80,25,20,8
1/19/2023 17:09,68,80,24,20,7
1/19/2023 17:24,69,79,25,20,8
1/19/2023 17:39,68,80,24,20,7
1/19/2023 17:54,67,80,23,20,8
1/19/2023 18:09,66,79,22,20,7
1/19/2023 18:24,67,78,21,20,6
1/19/2023 18:39,68,79,20,20,5
1/19/2023 18:54,67,80,21,20,6
1/19/2023 19:09,68,80,20,20,7
1/19/2023 19:24,69,80,21,20,6
1/19/2023 19:39,68,79,20,20,5
1/19/2023 19:54,67,80,21,20,6
1/19/2023 20:09,66,80,20,20,7
1/19/2023 20:24,65,79,21,20,8
1/19/2023 20:39,64,78,22,20,9
1/19/2023 20:54,65,79,21,20,10
1/19/2023 21:09,64,80,22,20,9
1/19/2023 21:24,65,80,23,20,8
1/19/2023 21:39,66,79,24,20,9
1/19/2023 21:54,67,78,25,20,8
1/19/2023 22:09,66,79,24,20,9
1/19/2023 22:24,67,80,23,20,8
1/19/2023 22:39,66,79,24,20,9
1/19/2023 22:54,65,80,25,20,8
1/19/2023 23:09,66,80,24,20,7
1/19/2023 23:24,67,80,25,20,6
1/19/2023 23:39,68,80,24,20,7
1/19/2023 23:54,69,79,25,20,8
1/20/2023 0:09,68,78,24,20,9
1/20/2023 0:24,67,79,25,20,10
1/20/2023 0:39,68,80,26,20,11
1/20/2023 0:54,69,79,27,20,12
1/20/2023 1:09,68,78,26,20,13
1/20/2023 1:24,69,77,27,20,14
1/20/2023 1:39,68,78,28,20,15
1/20/2023 1:54,69,77,27,20,14
1/20/2023 2:09,68,78,26,20,13
1/20/2023 2:24,67,79,25,20,14
1/20/2023 2:39,66,80,26,20,15
1/20/2023 2:54,67,80,27,20,16
1/20/2023 3:09,66,79,26,20,15
1/20/2023 3:24,67,78,27,20,16
1/20/2023 3:39,68,79,26,20,17
1/20/2023 3:54,69,78,27,20,16
1/20/2023 4:09,68,79,28,20,17
1/20/2023 4:24,69,78,27,20,18
1/20/2023 4:39,68,79,28,20,19
1/20/2023 4:54,67,78,29,20,18
1/20/2023 5:09,68,79,28,20,17
1/20/2023 5:24,67,80,27,20,16
1/20/2023 5:39,68,79,28,20,17
1/20/2023 5:54,69,78,29,20,16
1/20/2023 6:09,68,79,28,20,15
1/20/2023 6:24,67,78,29,20,16
1/20/2023 6:39,66,79,28,20,17
1/20/2023 6:54,67,80,27,20,16
1/20/2023 7:09,66,79,26,20,17
1/20/2023 7:24,65,80,27,20,18
1/20/2023 7:39,64,79,26,20,17
1/20/2023 7:54,65,78,25,20,18
1/20/2023 8:09,64,79,26,20,19
1/20/2023 8:24,65,78,25,20,20
1/20/2023 8:39,66,77,24,20,19
1/20/2023 8:54,67,78,23,20,20
1/20/2023 9:09,68,77,24,20,21
1/20/2023 9:24,67,76,23,20,22
1/20/2023 9:39,68,77,24,20,21
1/20/2023 9:54,67,76,25,20,20
1/20/2023 10:09,66,77,26,20,19
1/20/2023 10:24,65,78,27,20,18
1/20/2023 10:39,66,77,28,20,19
1/20/2023 10:54,67,76,29,20,20
1/20/2023 11:09,66,75,28,20,19
1/20/2023 11:24,65,74,27,20,20
1/20/2023 11:39,66,75,26,20,19
1/20/2023 11:54,65,74,25,20,20
1/20/2023 12:09,64,73,26,20,21
1/20/2023 12:24,63,72,25,20,20
1/20/2023 12:39,62,71,26,20,21
1/20/2023 12:54,61,72,25,20,20
1/20/2023 13:09,62,71,24,20,19
1/20/2023 13:24,63,70,25,20,18
1/20/2023 13:39,64,71,24,20,19
1/20/2023 13:54,63,70,25,20,20
1/20/2023 14:09,62,71,24,20,19
1/20/2023 14:24,61,72,23,20,18
1/20/2023 14:39,62,71,24,20,19
1/20/2023 14:54,61,70,23,20,18
1/20/2023 15:09,60,71,22,20,19
1/20/2023 15:24,60,72,23,20,20
1/20/2023 15:39,60,71,22,20,19
1/20/2023 15:54,61,72,21,20,20
1/20/2023 16:09,60,73,22,20,21
1/20/2023 16:24,60,74,23,20,20
1/20/2023 16:39,60,75,22,20,21
1/20/2023 16:54,61,74,23,20,22
1/20/2023 17:09,62,73,22,20,23
1/20/2023 17:24,61,74,21,20,24
1/20/2023 17:39,60,73,20,20,25
1/20/2023 17:54,60,74,21,20,24
1/20/2023 18:09,60,73,22,20,23
1/20/2023 18:24,60,74,21,20,22
1/20/2023 18:39,61,73,22,20,23
1/20/2023 18:54,60,72,21,20,24
1/20/2023 19:09,60,73,20,20,25
1/20/2023 19:24,60,72,19,20,26
1/20/2023 19:39,61,73,18,20,25
1/20/2023 19:54,62,74,19,20,26
1/20/2023 20:09,63,75,20,20,25
1/20/2023 20:24,64,76,19,20,26
1/20/2023 20:39,63,77,20,20,27
1/20/2023 20:54,62,78,19,20,28
1/20/2023 21:09,61,79,20,20,29
1/20/2023 21:24,60,78,19,0,28
1/20/2023 21:39,60,79,20,0,29
1/20/2023 21:54,60,78,21,0,28
1/20/2023 22:09,60,79,22,0,29
1/20/2023 22:24,61,80,23,0,30
1/20/2023 22:39,62,80,22,0,31
1/20/2023 22:54,61,79,21,0,30
1/20/2023 23:09,60,80,20,0,29
1/20/2023 23:24,60,80,21,0,30
1/20/2023 23:39,60,79,20,0,29
1/20/2023 23:54,61,80,19,0,28
1/21/2023 0:09,60,80,18,0,29
1/21/2023 0:24,60,80,19,0,30
1/21/2023 0:39,61,79,0,0,29
1/21/2023 0:54,62,78,0,0,28
1/21/2023 1:09,63,79,0,0,29
1/21/2023 1:24,62,80,0,0,28
1/21/2023 1:39,61,79,0,0,29
1/21/2023 1:54,62,78,0,0,28
1/21/2023 2:09,61,79,0,0,29
1/21/2023 2:24,60,80,0,0,30
1/21/2023 2:39,60,80,0,0,29
1/21/2023 2:54,60,79,0,0,30
1/21/2023 3:09,60,78,0,0,31
1/21/2023 3:24,60,79,0,0,30
1/21/2023 3:39,60,78,0,0,31
1/21/2023 3:54,61,79,0,0,32
1/21/2023 4:09,60,78,0,0,31
1/21/2023 4:24,60,79,0,0,30
1/21/2023 4:39,60,80,0,0,29
1/21/2023 4:54,61,80,0,0,28
1/21/2023 5:09,62,79,0,0,29
1/21/2023 5:24,61,78,0,0,28
1/21/2023 5:39,62,79,0,0,29
1/21/2023 5:54,61,80,0,0,30
1/21/2023 6:09,62,79,0,0,31
1/21/2023 6:24,61,80,0,0,32
1/21/2023 6:39,60,79,0,0,33
1/21/2023 6:54,60,78,0,0,34
1/21/2023 7:09,61,79,0,0,35
1/21/2023 7:24,62,80,0,0,34
1/21/2023 7:39,61,79,0,0,33
1/21/2023 7:54,62,78,0,0,34
1/21/2023 8:09,63,77,0,0,33
1/21/2023 8:24,62,76,0,0,34
1/21/2023 8:39,63,75,0,0,35
1/21/2023 8:54,62,76,0,0,34
1/21/2023 9:09,63,75,0,0,35
1/21/2023 9:24,62,76,0,0,36
1/21/2023 9:39,63,75,0,0,37
1/21/2023 9:54,62,76,0,0,38
1/21/2023 10:09,63,77,0,0,39
1/21/2023 10:24,64,78,0,0,38
1/21/2023 10:39,65,77,0,0,37
1/21/2023 10:54,66,78,0,0,38
1/21/2023 11:09,67,77,0,0,39
1/21/2023 11:24,68,76,0,0,40
1/21/2023 11:39,69,77,0,0,39
1/21/2023 11:54,70,78,0,0,40
1/21/2023 12:09,71,79,0,0,39
1/21/2023 12:24,70,78,0,0,40
1/21/2023 12:39,69,79,0,0,39
1/21/2023 12:54,68,78,0,0,40
1/21/2023 13:09,69,79,0,0,41
1/21/2023 13:24,68,78,0,0,40
1/21/2023 13:39,67,79,0,0,39
1/21/2023 13:54,68,78,0,0,40
1/21/2023 14:09,67,77,0,0,39
1/21/2023 14:24,66,76,0,0,40
1/21/2023 14:39,65,75,0,0,39
1/21/2023 14:54,64,76,0,0,38
1/21/2023 15:09,63,75,0,0,39
1/21/2023 15:24,62,74,0,0,38
1/21/2023 15:39,61,75,0,0,39
1/21/2023 15:54,62,76,0,0,40
1/21/2023 16:09,61,75,0,0,41
1/21/2023 16:24,60,74,0,0,42
1/21/2023 16:39,60,73,0,0,41
1/21/2023 16:54,60,74,0,0,42
1/21/2023 17:09,60,73,0,0,41
1/21/2023 17:24,60,74,0,0,40
1/21/2023 17:39,60,73,0,0,41
1/21/2023 17:54,60,72,0,0,40
1/21/2023 18:09,61,71,0,0,41
1/21/2023 18:24,60,72,0,0,40
1/21/2023 18:39,60,73,0,0,39
1/21/2023 18:54,61,74,0,0,40
1/21/2023 19:09,62,75,0,0,41
1/21/2023 19:24,63,74,0,0,42
1/21/2023 19:39,64,73,0,0,41
1/21/2023 19:54,63,74,0,0,40
1/21/2023 20:09,64,75,0,0,39
1/21/2023 20:24,65,76,0,0,40
1/21/2023 20:39,64,77,0,0,39
1/21/2023 20:54,65,76,0,0,38
1/21/2023 21:09,66,75,0,0,39
1/21/2023 21:24,67,76,0,0,40
1/21/2023 21:39,68,77,0,0,41
1/21/2023 21:54,69,76,0,0,40
1/21/2023 22:09,70,77,0,0,41
1/21/2023 22:24,71,76,0,0,40
1/21/2023 22:39,72,77,0,0,41
1/21/2023 22:54,71,76,0,0,42
1/21/2023 23:09,72,75,0,0,43
1/21/2023 23:24,73,76,0,0,44
1/21/2023 23:39,74,75,0,0,43
1/21/2023 23:54,73,74,0,0,42
1/22/2023 0:09,74,73,0,0,43
1/22/2023 0:24,73,72,0,0,44
1/22/2023 0:39,74,71,0,0,45
1/22/2023 0:54,75,70,0,0,44
1/22/2023 1:09,76,71,0,0,45
1/22/2023 1:24,77,70,0,0,44
1/22/2023 1:39,78,71,0,0,45
1/22/2023 1:54,79,72,0,0,46
1/22/2023 2:09,78,73,0,0,47
1/22/2023 2:24,79,72,0,0,46
1/22/2023 2:39,78,73,0,0,45
1/22/2023 2:54,79,72,0,0,46
1/22/2023 3:09,80,71,0,0,47
1/22/2023 3:24,79,70,0,0,48
1/22/2023 3:39,78,70,0,0,49
1/22/2023 3:54,79,70,0,0,48
1/22/2023 4:09,80,70,0,0,49
1/22/2023 4:24,81,70,0,0,48
1/22/2023 4:39,80,71,0,0,47
1/22/2023 4:54,79,72,0,0,46
1/22/2023 5:09,78,71,0,0,45
1/22/2023 5:24,79,72,0,0,44
1/22/2023 5:39,80,73,0,0,43
1/22/2023 5:54,79,74,0,0,42
1/22/2023 6:09,80,75,0,0,43
1/22/2023 6:24,79,76,0,0,42
1/22/2023 6:39,78,77,0,0,41
1/22/2023 6:54,77,78,0,0,42
1/22/2023 7:09,78,77,0,0,41
1/22/2023 7:24,77,76,0,0,40
1/22/2023 7:39,78,75,0,0,39
1/22/2023 7:54,79,76,0,0,40
1/22/2023 8:09,80,77,0,0,41
1/22/2023 8:24,81,78,0,0,40
1/22/2023 8:39,82,77,0,0,41
1/22/2023 8:54,83,78,0,0,40
1/22/2023 9:09,82,79,0,0,39
1/22/2023 9:24,81,80,0,0,38
1/22/2023 9:39,82,79,0,0,39
1/22/2023 9:54,81,78,0,0,38
1/22/2023 10:09,82,79,0,0,37
1/22/2023 10:24,81,80,0,0,38
1/22/2023 10:39,82,79,0,0,37
1/22/2023 10:54,83,80,0,0,36
1/22/2023 11:09,84,79,0,0,37
1/22/2023 11:24,85,80,0,0,38
1/22/2023 11:39,84,80,0,0,39
1/22/2023 11:54,83,79,0,0,38
1/22/2023 12:09,82,80,0,0,39
1/22/2023 12:24,81,80,0,0,40
1/22/2023 12:39,80,80,0,0,41
1/22/2023 12:54,79,79,0,0,42
1/22/2023 13:09,80,80,0,0,43
1/22/2023 13:24,79,79,0,0,44
1/22/2023 13:39,80,78,0,0,43
1/22/2023 13:54,79,77,0,0,44
1/22/2023 14:09,80,76,0,0,43
1/22/2023 14:24,79,77,0,0,42
1/22/2023 14:39,78,78,0,0,41
1/22/2023 14:54,77,79,0,0,40
1/22/2023 15:09,76,78,0,0,41
1/22/2023 15:24,75,79,0,0,42
1/22/2023 15:39,74,78,0,0,41
1/22/2023 15:54,75,77,0,0,42
1/22/2023 16:09,76,76,0,0,43
1/22/2023 16:24,77,77,0,0,44
1/22/2023 16:39,78,78,0,0,43
1/22/2023 16:54,77,77,0,0,42
1/22/2023 17:09,76,78,0,0,41
1/22/2023 17:24,75,79,0,0,42
1/22/2023 17:39,74,78,0,0,43
1/22/2023 17:54,75,77,0,0,42
1/22/2023 18:09,74,78,0,0,43
1/22/2023 18:24,73,77,0,0,42
1/22/2023 18:39,74,76,0,0,41
1/22/2023 18:54,75,75,0,0,42
1/22/2023 19:09,76,74,0,0,43
1/22/2023 19:24,77,73,0,0,42
1/22/2023 19:39,78,74,0,30,41
1/22/2023 19:54,77,75,0,29,42
1/22/2023 20:09,78,76,0,30,41
1/22/2023 20:24,79,77,0,29,40
1/22/2023 20:39,78,76,0,30,41
1/22/2023 20:54,77,77,0,31,40
1/22/2023 21:09,78,78,0,30,39
1/22/2023 21:24,79,79,0,31,38
1/22/2023 21:39,78,80,0,32,37
1/22/2023 21:54,77,80,0,33,38
1/22/2023 22:09,78,80,0,32,37
1/22/2023 22:24,77,80,0,31,36
1/22/2023 22:39,76,80,0,32,37
1/22/2023 22:54,77,79,0,33,38
1/22/2023 23:09,76,80,0,34,37
1/22/2023 23:24,75,79,0,35,36
1/22/2023 23:39,74,78,0,34,35
1/22/2023 23:54,73,77,0,35,36
1/23/2023 0:09,74,78,0,36,37
1/23/2023 0:24,73,77,0,37,38
1/23/2023 0:39,72,78,0,36,39
1/23/2023 0:54,73,79,0,37,40
1/23/2023 1:09,72,80,0,38,39
1/23/2023 1:24,71,80,0,37,38
1/23/2023 1:39,70,79,0,38,39
1/23/2023 1:54,71,80,0,39,40
1/23/2023 2:09,72,80,0,40,41
1/23/2023 2:24,71,79,0,39,42
1/23/2023 2:39,72,78,0,38,43
1/23/2023 2:54,71,79,0,37,42
1/23/2023 3:09,70,80,0,38,43
1/23/2023 3:24,71,80,0,39,42
1/23/2023 3:39,72,80,0,38,41
1/23/2023 3:54,73,80,0,39,42
1/23/2023 4:09,74,79,0,38,41
1/23/2023 4:24,73,78,0,37,42
1/23/2023 4:39,74,77,0,38,41
1/23/2023 4:54,75,78,0,39,42
1/23/2023 5:09,74,77,0,40,41
1/23/2023 5:24,73,76,0,39,42
1/23/2023 5:39,74,75,0,38,43
1/23/2023 5:54,75,74,0,39,42
1/23/2023 6:09,74,73,0,40,43
1/23/2023 6:24,73,72,0,39,42
1/23/2023 6:39,72,73,0,40,41
1/23/2023 6:54,71,74,0,41,42
1/23/2023 7:09,72,73,0,40,43
1/23/2023 7:24,71,74,0,39,44
1/23/2023 7:39,72,75,0,40,43
1/23/2023 7:54,71,76,0,41,44
1/23/2023 8:09,72,77,0,42,43
1/23/2023 8:24,73,76,0,43,42
1/23/2023 8:39,74,77,0,44,43
1/23/2023 8:54,75,78,0,43,44
1/23/2023 9:09,74,79,0,44,43
1/23/2023 9:24,73,78,0,45,44
1/23/2023 9:39,74,79,0,44,45
1/23/2023 9:54,75,80,0,45,44
1/23/2023 10:09,74,80,0,46,43
1/23/2023 10:24,75,80,0,45,44
1/23/2023 10:39,74,79,0,46,45
1/23/2023 10:54,75,78,0,47,44
1/23/2023 11:09,74,77,0,48,45
1/23/2023 11:24,75,76,0,47,46
1/23/2023 11:39,76,77,0,46,45
1/23/2023 11:54,75,76,0,45,46
1/23/2023 12:09,76,75,0,44,47
1/23/2023 12:24,75,74,0,45,46
1/23/2023 12:39,76,75,0,46,45
1/23/2023 12:54,75,74,0,45,44
1/23/2023 13:09,74,73,0,44,43
1/23/2023 13:24,73,74,0,43,44
1/23/2023 13:39,72,73,0,42,43
1/23/2023 13:54,71,72,0,43,44
1/23/2023 14:09,70,73,0,42,45
1/23/2023 14:24,71,72,0,41,46
1/23/2023 14:39,70,73,0,42,45
1/23/2023 14:54,69,72,0,43,46
1/23/2023 15:09,70,73,0,44,47
1/23/2023 15:24,71,74,0,43,48
1/23/2023 15:39,70,73,0,42,49
1/23/2023 15:54,71,74,0,41,48
1/23/2023 16:09,70,73,0,42,49
1/23/2023 16:24,69,72,0,41,50
1/23/2023 16:39,68,71,0,40,51
1/23/2023 16:54,69,70,0,39,50
1/23/2023 17:09,70,70,0,40,51
1/23/2023 17:24,69,71,0,41,50
1/23/2023 17:39,70,72,0,40,51
1/23/2023 17:54,69,73,0,41,52
1/23/2023 18:09,68,72,0,42,51
1/23/2023 18:24,67,73,0,41,52
1/23/2023 18:39,68,74,0,40,51
1/23/2023 18:54,67,75,0,39,50
1/23/2023 19:09,66,76,0,38,51
1/23/2023 19:24,67,77,0,39,52
1/23/2023 19:39,68,78,0,40,51
1/23/2023 19:54,67,79,0,41,50
1/23/2023 20:09,66,78,0,40,51
1/23/2023 20:24,67,79,0,41,50
1/23/2023 20:39,66,78,0,40,51
1/23/2023 20:54,67,77,0,39,52
1/23/2023 21:09,66,78,0,38,53
1/23/2023 21:24,67,77,0,39,54
1/23/2023 21:39,66,78,0,40,55
1/23/2023 21:54,67,79,0,41,56
1/23/2023 22:09,68,78,0,40,55
1/23/2023 22:24,67,79,0,41,56
1/23/2023 22:39,68,80,0,40,57
1/23/2023 22:54,69,80,0,39,56
1/23/2023 23:09,68,80,0,40,57
1/23/2023 23:24,67,79,0,39,56
1/23/2023 23:39,66,80,0,40,55
1/23/2023 23:54,65,80,0,41,56
1/24/2023 0:09,64,80,0,40,55
1/24/2023 0:24,63,80,0,41,54
1/24/2023 0:39,62,79,0,40,53
1/24/2023 0:54,63,78,0,41,52
1/24/2023 1:09,62,77,0,40,51
1/24/2023 1:24,63,78,0,41,50
1/24/2023 1:39,64,79,0,40,51
1/24/2023 1:54,65,80,0,41,52
1/24/2023 2:09,66,79,0,40,51
1/24/2023 2:24,65,78,0,39,52
1/24/2023 2:39,66,79,0,38,51
1/24/2023 2:54,67,78,0,37,52
1/24/2023 3:09,66,77,0,36,53
1/24/2023 3:24,67,76,0,37,52
1/24/2023 3:39,68,75,0,38,51
1/24/2023 3:54,67,74,0,37,50
1/24/2023 4:09,68,73,0,36,49
1/24/2023 4:24,67,72,0,35,48
1/24/2023 4:39,68,73,0,36,49
1/24/2023 4:54,67,74,0,35,48
1/24/2023 5:09,66,73,0,34,47
1/24/2023 5:24,65,72,0,33,46
1/24/2023 5:39,64,71,0,32,47
1/24/2023 5:54,65,72,0,31,46
1/24/2023 6:09,66,71,0,32,47
1/24/2023 6:24,65,72,0,33,48
1/24/2023 6:39,66,73,0,32,49
1/24/2023 6:54,67,72,0,31,50
1/24/2023 7:09,68,71,0,30,51
1/24/2023 7:24,69,70,0,31,50
1/24/2023 7:39,70,70,0,32,49
1/24/2023 7:54,69,71,0,33,50
1/24/2023 8:09,68,70,0,32,49
1/24/2023 8:24,67,70,0,31,50
1/24/2023 8:39,66,71,0,30,49
1/24/2023 8:54,67,72,0,29,48
1/24/2023 9:09,68,71,0,30,47
1/24/2023 9:24,67,70,0,31,48
1/24/2023 9:39,68,70,0,30,49
1/24/2023 9:54,67,71,0,31,48
1/24/2023 10:09,68,72,0,30,47
1/24/2023 10:24,69,71,0,29,46
1/24/2023 10:39,70,70,0,28,47
1/24/2023 10:54,71,71,0,29,46
1/24/2023 11:09,72,70,0,28,47
1/24/2023 11:24,73,71,0,27,48
1/24/2023 11:39,72,70,0,28,47
1/24/2023 11:54,73,70,0,29,48
1/24/2023 12:09,74,70,0,28,49
1/24/2023 12:24,75,70,0,27,50
1/24/2023 12:39,74,71,0,28,49
1/24/2023 12:54,73,70,0,29,48
1/24/2023 13:09,74,70,0,28,49
1/24/2023 13:24,75,71,0,27,48
1/24/2023 13:39,76,72,0,28,47
1/24/2023 13:54,77,71,0,27,46
1/24/2023 14:09,78,70,0,26,45
1/24/2023 14:24,77,70,0,25,44
1/24/2023 14:39,78,70,0,24,45
1/24/2023 14:54,79,71,0,25,44
1/24/2023 15:09,80,72,0,24,45
1/24/2023 15:24,79,73,0,25,44
1/24/2023 15:39,80,74,0,26,45
1/24/2023 15:54,81,73,0,27,44
1/24/2023 16:09,82,72,0,28,43
1/24/2023 16:24,81,71,0,27,44
1/24/2023 16:39,80,72,0,26,45
1/24/2023 16:54,81,71,0,27,46
1/24/2023 17:09,82,70,0,26,47
1/24/2023 17:24,83,70,0,25,48
1/24/2023 17:39,82,71,0,24,47
1/24/2023 17:54,83,70,0,25,46
1/24/2023 18:09,82,71,0,24,47
1/24/2023 18:24,81,72,0,23,48
1/24/2023 18:39,80,73,0,22,49
1/24/2023 18:54,81,74,0,21,50
1/24/2023 19:09,80,73,0,22,51
1/24/2023 19:24,79,72,0,21,50
1/24/2023 19:39,78,73,0,20,49
1/24/2023 19:54,77,74,0,19,48
1/24/2023 20:09,76,73,0,18,49
1/24/2023 20:24,75,72,0,19,48
1/24/2023 20:39,74,71,0,18,49
1/24/2023 20:54,73,72,0,19,48
1/24/2023 21:09,74,73,0,20,49
1/24/2023 21:24,73,74,0,21,50
1/24/2023 21:39,74,73,0,22,51
1/24/2023 21:54,73,74,0,21,50
1/24/2023 22:09,72,73,0,22,49
1/24/2023 22:24,71,74,0,21,48
1/24/2023 22:39,70,75,0,22,47
1/24/2023 22:54,69,76,0,21,48
1/24/2023 23:09,70,75,0,22,49
1/24/2023 23:24,69,74,0,21,48
1/24/2023 23:39,70,75,0,22,49
1/24/2023 23:54,71,76,0,23,48
1/25/2023 0:09,70,77,0,22,47
1/25/2023 0:24,71,76,0,23,48
1/25/2023 0:39,72,75,0,24,49
1/25/2023 0:54,73,76,0,25,48
1/25/2023 1:09,72,77,0,26,49
1/25/2023 1:24,71,78,0,25,50
1/25/2023 1:39,70,79,0,24,51
1/25/2023 1:54,71,78,0,23,50
1/25/2023 2:09,72,79,0,24,49
1/25/2023 2:24,73,78,0,25,48
1/25/2023 2:39,74,79,0,26,47
1/25/2023 2:54,73,78,0,25,46
1/25/2023 3:09,72,77,0,26,45
1/25/2023 3:24,71,76,0,25,44
1/25/2023 3:39,72,77,0,24,45
1/25/2023 3:54,71,76,0,25,44
1/25/2023 4:09,70,77,0,24,45
1/25/2023 4:24,69,78,0,25,44
1/25/2023 4:39,70,77,0,24,45
1/25/2023 4:54,69,76,0,23,46
1/25/2023 5:09,68,75,0,24,47
1/25/2023 5:24,69,74,0,23,46
1/25/2023 5:39,68,75,0,24,47
1/25/2023 5:54,69,76,0,25,48
1/25/2023 6:09,68,75,0,24,49
1/25/2023 6:24,69,74,0,25,50
1/25/2023 6:39,68,73,0,26,49
1/25/2023 6:54,67,74,0,25,48
1/25/2023 7:09,68,73,0,26,49
1/25/2023 7:24,67,74,0,25,48
1/25/2023 7:39,68,75,0,26,47
1/25/2023 7:54,69,74,0,27,48
1/25/2023 8:09,70,73,0,26,47
1/25/2023 8:24,69,74,0,27,48
1/25/2023 8:39,68,75,0,26,47
1/25/2023 8:54,69,76,0,25,48
1/25/2023 9:09,68,75,0,26,49
1/25/2023 9:24,69,74,0,27,50
1/25/2023 9:39,70,73,0,26,49
1/25/2023 9:54,71,74,0,25,48
1/25/2023 10:09,70,73,0,26,49
1/25/2023 10:24,71,74,0,25,50
1/25/2023 10:39,70,75,0,26,51
1/25/2023 10:54,69,76,0,25,50
1/25/2023 11:09,70,75,0,26,49
1/25/2023 11:24,69,74,0,25,50
1/25/2023 11:39,70,75,0,24,51
1/25/2023 11:54,69,76,0,25,50
1/25/2023 12:09,70,75,0,26,51
1/25/2023 12:24,69,74,0,25,50
1/25/2023 12:39,68,75,0,24,49
1/25/2023 12:54,67,76,0,23,50
1/25/2023 13:09,68,77,0,22,49
1/25/2023 13:24,67,78,0,21,50
1/25/2023 13:39,68,79,0,22,51
1/25/2023 13:54,69,78,0,21,52
1/25/2023 14:09,70,77,0,22,53
1/25/2023 14:24,71,78,0,23,52
1/25/2023 14:39,72,77,0,22,51
1/25/2023 14:54,71,76,0,23,50
1/25/2023 15:09,72,77,0,24,49
1/25/2023 15:24,71,76,0,25,50
1/25/2023 15:39,70,77,0,26,51
1/25/2023 15:54,71,76,0,25,52
1/25/2023 16:09,70,77,0,24,51
1/25/2023 16:24,71,78,0,23,50
1/25/2023 16:39,70,77,0,22,51
1/25/2023 16:54,69,76,0,23,50
1/25/2023 17:09,70,77,0,24,51
1/25/2023 17:24,71,76,0,25,52
1/25/2023 17:39,70,77,0,26,51
1/25/2023 17:54,69,78,0,27,52
1/25/2023 18:09,68,77,0,28,51
1/25/2023 18:24,67,78,0,27,52
1/25/2023 18:39,66,79,0,26,53
1/25/2023 18:54,65,78,0,27,52
1/25/2023 19:09,64,79,0,28,53
1/25/2023 19:24,65,80,0,27,54
1/25/2023 19:39,64,79,0,26,55
1/25/2023 19:54,63,78,0,25,54
1/25/2023 20:09,64,79,0,24,55
1/25/2023 20:24,65,78,0,23,54
1/25/2023 20:39,66,79,0,24,53
1/25/2023 20:54,65,80,0,25,52
1/25/2023 21:09,66,80,0,24,51
1/25/2023 21:24,67,80,0,23,50
1/25/2023 21:39,66,79,0,22,51
1/25/2023 21:54,67,78,0,21,52
1/25/2023 22:09,66,77,0,20,53
1/25/2023 22:24,65,76,0,21,52
1/25/2023 22:39,66,77,0,20,53
1/25/2023 22:54,67,78,0,21,52
1/25/2023 23:09,66,77,0,20,53
1/25/2023 23:24,67,76,0,19,54
1/25/2023 23:39,68,77,0,18,53
1/25/2023 23:54,67,78,0,19,52
1/26/2023 0:09,66,77,0,20,51
1/26/2023 0:24,65,76,0,19,50
1/26/2023 0:39,66,77,0,18,49
1/26/2023 0:54,65,78,0,17,50
1/26/2023 1:09,66,79,0,18,51
1/26/2023 1:24,65,80,0,17,52
1/26/2023 1:39,64,80,0,16,51
1/26/2023 1:54,65,79,0,17,50
1/26/2023 2:09,66,78,0,16,49
1/26/2023 2:24,65,77,0,17,48
1/26/2023 2:39,64,76,0,16,47
1/26/2023 2:54,63,75,0,15,48
1/26/2023 3:09,64,74,0,14,47
1/26/2023 3:24,65,73,0,13,46
1/26/2023 3:39,66,72,0,14,45
1/26/2023 3:54,67,73,0,15,46
1/26/2023 4:09,66,74,0,14,45
1/26/2023 4:24,67,73,0,13,46
1/26/2023 4:39,68,74,0,12,47
1/26/2023 4:54,69,73,0,13,46
1/26/2023 5:09,68,74,0,14,45
1/26/2023 5:24,69,75,0,13,44
1/26/2023 5:39,70,76,0,14,45
1/26/2023 5:54,71,75,0,15,44
1/26/2023 6:09,70,76,0,16,43
1/26/2023 6:24,71,77,0,17,44
1/26/2023 6:39,70,76,0,16,45
1/26/2023 6:54,69,77,0,15,46
1/26/2023 7:09,70,78,0,16,45
1/26/2023 7:24,71,79,0,15,44
1/26/2023 7:39,72,78,0,16,43
1/26/2023 7:54,73,77,0,15,42
1/26/2023 8:09,72,78,0,16,41
1/26/2023 8:24,73,77,0,15,40
1/26/2023 8:39,74,78,0,14,39
1/26/2023 8:54,75,77,0,13,38
1/26/2023 9:09,76,78,0,14,37
1/26/2023 9:24,77,79,0,13,36
1/26/2023 9:39,76,78,0,14,37
1/26/2023 9:54,75,77,0,15,36
1/26/2023 10:09,76,78,0,16,35
1/26/2023 10:24,75,79,0,17,36
1/26/2023 10:39,74,80,0,16,37
1/26/2023 10:54,73,80,0,15,38
1/26/2023 11:09,74,80,0,14,37
1/26/2023 11:24,75,80,0,13,36
1/26/2023 11:39,76,80,0,14,35
1/26/2023 11:54,75,80,0,13,36
1/26/2023 12:09,76,79,0,14,37
1/26/2023 12:24,77,78,0,15,36
1/26/2023 12:39,76,77,0,16,35
1/26/2023 12:54,75,78,0,17,34
1/26/2023 13:09,74,79,0,16,35
1/26/2023 13:24,75,78,0,17,34
1/26/2023 13:39,74,77,0,16,33
1/26/2023 13:54,73,76,0,17,34
1/26/2023 14:09,72,77,0,16,33
1/26/2023 14:24,73,78,0,15,32
1/26/2023 14:39,72,79,0,14,31
1/26/2023 14:54,71,78,0,13,30
1/26/2023 15:09,70,77,0,14,29
1/26/2023 15:24,71,76,0,13,28
1/26/2023 15:39,72,77,0,14,29
1/26/2023 15:54,73,76,0,15,30
1/26/2023 16:09,72,77,0,14,31
1/26/2023 16:24,73,78,0,13,32
1/26/2023 16:39,72,79,0,14,33
1/26/2023 16:54,73,80,0,13,32
1/26/2023 17:09,72,79,0,12,31
1/26/2023 17:24,73,78,0,13,30
1/26/2023 17:39,74,77,0,12,29
1/26/2023 17:54,75,76,0,13,30
1/26/2023 18:09,76,75,0,12,29
1/26/2023 18:24,77,74,0,11,28
1/26/2023 18:39,78,75,0,10,29
1/26/2023 18:54,79,74,0,9,28
1/26/2023 19:09,80,73,0,10,27
1/26/2023 19:24,79,74,0,11,28
1/26/2023 19:39,78,73,0,12,29
1/26/2023 19:54,79,72,0,11,30
1/26/2023 20:09,80,73,0,12,31
1/26/2023 20:24,81,72,0,11,32
1/26/2023 20:39,82,73,0,10,31
1/26/2023 20:54,83,72,0,11,32
1/26/2023 21:09,84,73,0,10,31
1/26/2023 21:24,85,74,0,11,32
1/26/2023 21:39,86,75,0,10,31
1/26/2023 21:54,85,74,0,9,30
1/26/2023 22:09,86,75,0,8,31
1/26/2023 22:24,85,74,0,9,32
1/26/2023 22:39,86,75,0,8,33
1/26/2023 22:54,87,76,0,7,32
1/26/2023 23:09,88,77,0,8,33
1/26/2023 23:24,87,76,0,9,34
1/26/2023 23:39,88,75,0,10,33
1/26/2023 23:54,87,74,0,9,34
1/27/2023 0:09,88,73,0,10,35
1/27/2023 0:24,89,74,0,11,34
1/27/2023 0:39,88,75,0,12,35
1/27/2023 0:54,87,76,0,13,36
1/27/2023 1:09,88,77,0,12,37
1/27/2023 1:24,89,76,0,13,36
1/27/2023 1:39,88,77,0,14,37
1/27/2023 1:54,89,76,0,13,36
1/27/2023 2:09,90,77,0,12,37
1/27/2023 2:24,89,76,0,11,36
1/27/2023 2:39,90,77,0,12,35
1/27/2023 2:54,89,76,0,11,36
1/27/2023 3:09,90,75,0,10,35
1/27/2023 3:24,89,74,0,11,34
1/27/2023 3:39,90,75,0,10,33
1/27/2023 3:54,89,74,0,11,32
1/27/2023 4:09,90,75,0,10,33
1/27/2023 4:24,90,76,0,11,32
1/27/2023 4:39,89,75,0,10,31
1/27/2023 4:54,90,74,0,9,32
1/27/2023 5:09,89,73,0,8,31
1/27/2023 5:24,90,74,0,7,32
1/27/2023 5:39,89,75,0,6,33
1/27/2023 5:54,88,76,0,7,32
1/27/2023 6:09,87,75,0,6,31
1/27/2023 6:24,88,74,0,5,30
1/27/2023 6:39,89,75,0,6,31
1/27/2023 6:54,90,74,0,7,30
1/27/2023 7:09,90,73,0,6,29
1/27/2023 7:24,90,74,0,5,28
1/27/2023 7:39,89,75,0,4,27
1/27/2023 7:54,88,74,0,3,26
1/27/2023 8:09,87,73,0,2,27
1/27/2023 8:24,86,72,0,1,26
1/27/2023 8:39,87,71,0,2,25
1/27/2023 8:54,88,70,0,3,24
1/27/2023 9:09,87,71,0,4,23
1/27/2023 9:24,86,72,0,5,24
1/27/2023 9:39,87,71,0,4,23
1/27/2023 9:54,86,72,0,5,24
1/27/2023 10:09,85,73,0,6,25
1/27/2023 10:24,84,72,0,5,24
1/27/2023 10:39,85,73,0,6,23
1/27/2023 10:54,84,74,0,7,22
1/27/2023 11:09,85,75,0,6,21
1/27/2023 11:24,84,76,0,5,22
1/27/2023 11:39,83,75,0,4,21
1/27/2023 11:54,84,76,0,3,22
1/27/2023 12:09,83,77,0,2,23
1/27/2023 12:24,82,78,0,1,24
1/27/2023 12:39,83,77,0,2,23
1/27/2023 12:54,82,76,0,3,22
1/27/2023 13:09,81,75,0,2,21
1/27/2023 13:24,82,76,0,3,20
1/27/2023 13:39,83,75,0,4,21
1/27/2023 13:54,82,74,0,5,22
1/27/2023 14:09,81,75,0,4,23
1/27/2023 14:24,82,74,0,5,22
1/27/2023 14:39,81,75,0,6,23
1/27/2023 14:54,80,76,0,7,24
1/27/2023 15:09,79,77,0,8,25
1/27/2023 15:24,78,76,0,9,26
1/27/2023 15:39,77,77,0,8,25
1/27/2023 15:54,78,78,0,7,24
1/27/2023 16:09,77,79,0,8,25
1/27/2023 16:24,76,78,0,9,26
1/27/2023 16:39,75,77,0,10,25
1/27/2023 16:54,74,76,0,9,26
1/27/2023 17:09,73,75,0,8,27
1/27/2023 17:24,74,74,0,7,28
1/27/2023 17:39,75,75,0,8,29
1/27/2023 17:54,74,74,0,7,28
1/27/2023 18:09,73,75,0,8,29
1/27/2023 18:24,74,76,0,7,28
1/27/2023 18:39,73,75,0,6,29
1/27/2023 18:54,74,74,0,7,30
1/27/2023 19:09,73,75,0,6,29
1/27/2023 19:24,72,76,0,5,28
1/27/2023 19:39,71,75,0,6,29
1/27/2023 19:54,72,74,0,5,28
1/27/2023 20:09,73,73,0,6,29
1/27/2023 20:24,72,72,0,7,28
1/27/2023 20:39,71,71,0,6,29
1/27/2023 20:54,70,72,0,5,28
1/27/2023 21:09,71,71,0,4,27
1/27/2023 21:24,72,70,0,3,28
1/27/2023 21:39,71,71,0,4,27
1/27/2023 21:54,72,72,0,5,28
1/27/2023 22:09,73,71,0,6,27
1/27/2023 22:24,72,70,0,5,26
1/27/2023 22:39,71,70,0,6,25
1/27/2023 22:54,72,70,0,7,26
1/27/2023 23:09,73,70,0,8,27
1/27/2023 23:24,72,71,0,9,28
1/27/2023 23:39,73,70,0,8,27
1/27/2023 23:54,74,71,0,7,28
1/28/2023 0:09,73,70,0,6,27
1/28/2023 0:24,72,70,0,5,28
1/28/2023 0:39,73,71,0,4,27
1/28/2023 0:54,74,72,0,5,28
1/28/2023 1:09,73,73,0,6,27
1/28/2023 1:24,74,72,0,5,26
1/28/2023 1:39,73,71,0,4,25
1/28/2023 1:54,72,70,0,5,26
1/28/2023 2:09,73,71,0,6,25
1/28/2023 2:24,72,72,0,7,24
1/28/2023 2:39,73,71,0,6,25
1/28/2023 2:54,74,72,0,5,26
1/28/2023 3:09,73,73,0,6,25
1/28/2023 3:24,72,74,0,7,24
1/28/2023 3:39,73,73,0,8,23
1/28/2023 3:54,74,74,0,9,24
1/28/2023 4:09,73,73,0,10,23
1/28/2023 4:24,72,74,0,11,22
1/28/2023 4:39,73,73,0,12,23
1/28/2023 4:54,72,72,0,11,22
1/28/2023 5:09,73,73,0,10,23
1/28/2023 5:24,72,72,0,11,24
1/28/2023 5:39,71,71,0,12,23
1/28/2023 5:54,70,72,0,13,22
1/28/2023 6:09,69,73,0,12,21
1/28/2023 6:24,68,74,0,11,22
1/28/2023 6:39,69,75,0,12,21
1/28/2023 6:54,70,76,0,11,20
1/28/2023 7:09,69,77,0,10,21
1/28/2023 7:24,70,78,0,9,20
1/28/2023 7:39,69,77,0,10,19
1/28/2023 7:54,70,78,0,11,18
1/28/2023 8:09,69,77,0,10,17
1/28/2023 8:24,70,78,0,9,16
1/28/2023 8:39,71,79,0,10,15
1/28/2023 8:54,70,78,0,11,16
1/28/2023 9:09,69,77,0,12,17
1/28/2023 9:24,70,78,0,13,16
1/28/2023 9:39,71,79,0,12,17
1/28/2023 9:54,72,78,0,11,18
1/28/2023 10:09,73,77,0,12,19
1/28/2023 10:24,74,76,0,13,20
1/28/2023 10:39,73,75,0,14,19
1/28/2023 10:54,74,74,0,13,20
1/28/2023 11:09,73,73,0,12,19
1/28/2023 11:24,72,72,0,11,20
1/28/2023 11:39,73,73,0,10,19
1/28/2023 11:54,72,74,0,9,20
1/28/2023 12:09,73,73,0,10,19
1/28/2023 12:24,74,72,0,9,18
1/28/2023 12:39,73,73,0,8,19
1/28/2023 12:54,72,74,0,7,20
1/28/2023 13:09,71,73,0,6,19
1/28/2023 13:24,70,74,0,7,18
1/28/2023 13:39,71,75,0,6,19
1/28/2023 13:54,72,76,0,7,20
1/28/2023 14:09,73,75,0,6,19
1/28/2023 14:24,72,76,0,5,18
1/28/2023 14:39,71,77,0,4,17
1/28/2023 14:54,72,78,0,5,16
1/28/2023 15:09,71,77,0,6,17
1/28/2023 15:24,70,78,0,5,16
1/28/2023 15:39,69,77,0,4,15
1/28/2023 15:54,70,78,0,5,14
1/28/2023 16:09,69,79,0,4,13
1/28/2023 16:24,68,78,0,5,12
1/28/2023 16:39,69,79,0,6,13
1/28/2023 16:54,68,80,0,5,12
1/28/2023 17:09,67,79,0,6,11
1/28/2023 17:24,66,78,0,7,10
1/28/2023 17:39,67,77,0,8,9
1/28/2023 17:54,68,78,0,9,10
1/28/2023 18:09,67,77,0,10,11
1/28/2023 18:24,66,76,0,11,10
1/28/2023 18:39,65,75,0,10,11
1/28/2023 18:54,66,74,0,9,12
1/28/2023 19:09,65,73,0,10,11
1/28/2023 19:24,66,74,0,11,12
1/28/2023 19:39,67,75,0,10,11
1/28/2023 19:54,66,76,0,11,10
1/28/2023 20:09,65,75,0,12,11
1/28/2023 20:24,66,76,0,13,12
1/28/2023 20:39,67,75,0,14,11
1/28/2023 20:54,66,76,0,15,12
1/28/2023 21:09,67,77,0,16,13
1/28/2023 21:24,68,76,0,17,14
1/28/2023 21:39,67,77,0,16,13
1/28/2023 21:54,68,76,0,15,12
1/28/2023 22:09,67,77,0,14,11
1/28/2023 22:24,66,76,0,13,10
1/28/2023 22:39,67,77,0,14,11
1/28/2023 22:54,66,78,0,13,10
1/28/2023 23:09,65,79,0,14,9
1/28/2023 23:24,64,80,0,15,10
1/28/2023 23:39,63,80,0,14,11
1/28/2023 23:54,62,80,0,15,10
1/29/2023 0:09,63,80,0,16,11
1/29/2023 0:24,62,80,0,17,12
1/29/2023 0:39,61,80,0,16,13
1/29/2023 0:54,60,80,0,17,12
1/29/2023 1:09,60,80,0,16,11
1/29/2023 1:24,60,79,0,17,10
1/29/2023 1:39,60,80,0,16,11
1/29/2023 1:54,61,80,0,15,12
1/29/2023 2:09,60,79,0,16,11
1/29/2023 2:24,60,80,0,17,12
1/29/2023 2:39,60,80,0,18,13
1/29/2023 2:54,61,80,0,19,12
1/29/2023 3:09,62,79,0,20,13
1/29/2023 3:24,61,80,0,19,12
1/29/2023 3:39,60,79,0,20,13
1/29/2023 3:54,60,80,0,19,12
1/29/2023 4:09,61,79,0,18,11
1/29/2023 4:24,62,80,0,19,10
1/29/2023 4:39,63,80,0,20,11
1/29/2023 4:54,62,79,0,19,10
1/29/2023 5:09,61,78,0,18,11
1/29/2023 5:24,60,79,0,17,10
1/29/2023 5:39,61,80,0,18,9
1/29/2023 5:54,60,80,0,17,10
1/29/2023 6:09,61,80,0,18,11
1/29/2023 6:24,60,79,0,17,12
1/29/2023 6:39,61,78,0,18,13
1/29/2023 6:54,60,77,0,17,14
1/29/2023 7:09,61,78,0,16,13
1/29/2023 7:24,60,77,0,15,14
1/29/2023 7:39,61,76,0,16,15
1/29/2023 7:54,62,75,0,15,16
1/29/2023 8:09,61,76,0,14,15
1/29/2023 8:24,60,75,0,15,14
1/29/2023 8:39,60,74,0,14,15
1/29/2023 8:54,61,73,0,15,14
1/29/2023 9:09,62,74,0,16,15
1/29/2023 9:24,63,73,0,17,16
1/29/2023 9:39,62,74,0,16,17
1/29/2023 9:54,61,75,0,17,16
1/29/2023 10:09,60,76,0,16,17
1/29/2023 10:24,61,77,0,17,18
1/29/2023 10:39,60,76,0,18,19
1/29/2023 10:54,61,75,0,17,18
1/29/2023 11:09,62,74,0,16,19
1/29/2023 11:24,61,75,0,17,18
1/29/2023 11:39,60,74,0,18,19
1/29/2023 11:54,61,73,0,19,18
1/29/2023 12:09,62,74,0,18,19
1/29/2023 12:24,63,75,0,17,18
1/29/2023 12:39,64,74,0,16,19
1/29/2023 12:54,63,73,0,17,18
1/29/2023 13:09,64,72,0,18,17
1/29/2023 13:24,65,73,0,17,16
1/29/2023 13:39,64,72,0,18,15
1/29/2023 13:54,65,73,0,17,16
1/29/2023 14:09,66,72,0,18,15
1/29/2023 14:24,65,73,0,17,16
1/29/2023 14:39,64,74,0,16,17
1/29/2023 14:54,63,75,0,15,16
1/29/2023 15:09,64,76,0,16,15
1/29/2023 15:24,63,77,0,17,14
1/29/2023 15:39,64,78,0,18,15
1/29/2023 15:54,63,79,0,19,14
1/29/2023 16:09,62,80,0,18,15
1/29/2023 16:24,61,80,0,17,16
1/29/2023 16:39,60,80,0,16,17
1/29/2023 16:54,60,79,0,15,18
1/29/2023 17:09,60,78,0,16,17
1/29/2023 17:24,61,77,0,17,18
1/29/2023 17:39,60,76,0,18,17
1/29/2023 17:54,61,75,0,19,16
1/29/2023 18:09,62,74,0,20,15
1/29/2023 18:24,63,75,0,19,14
1/29/2023 18:39,64,74,0,18,13
1/29/2023 18:54,63,73,0,19,12
1/29/2023 19:09,64,74,0,18,13
1/29/2023 19:24,65,75,0,19,14
1/29/2023 19:39,64,76,0,20,13
1/29/2023 19:54,63,75,0,21,12
1/29/2023 20:09,64,74,0,20,13
1/29/2023 20:24,65,75,0,19,12
1/29/2023 20:39,64,76,0,20,13
1/29/2023 20:54,65,77,0,21,12
1/29/2023 21:09,66,78,0,20,11
1/29/2023 21:24,67,77,0,19,12
1/29/2023 21:39,68,78,0,20,13
1/29/2023 21:54,67,77,0,21,12
1/29/2023 22:09,66,76,0,20,13
1/29/2023 22:24,65,77,0,21,12
1/29/2023 22:39,66,78,0,20,13
1/29/2023 22:54,65,79,0,21,12
1/29/2023 23:09,64,80,0,20,11
1/29/2023 23:24,63,79,0,21,10
1/29/2023 23:39,62,80,0,22,11
1/29/2023 23:54,61,80,0,23,12
1/30/2023 0:09,60,80,0,24,13
1/30/2023 0:24,61,79,0,25,12
1/30/2023 0:39,62,80,0,26,13
1/30/2023 0:54,63,79,0,25,14
1/30/2023 1:09,62,80,0,26,15
1/30/2023 1:24,61,79,0,25,16
1/30/2023 1:39,60,78,0,26,15
1/30/2023 1:54,60,77,0,25,14
1/30/2023 2:09,61,78,0,26,15
1/30/2023 2:24,60,77,0,25,14
1/30/2023 2:39,60,76,0,24,13
1/30/2023 2:54,61,77,0,25,14
1/30/2023 3:09,62,76,0,24,15
1/30/2023 3:24,61,75,0,23,14
1/30/2023 3:39,60,76,0,24,15
1/30/2023 3:54,61,75,0,23,16
1/30/2023 4:09,62,76,0,22,17
1/30/2023 4:24,63,77,0,21,16
1/30/2023 4:39,64,78,0,20,15
1/30/2023 4:54,65,79,0,19,16
1/30/2023 5:09,64,80,0,18,17
1/30/2023 5:24,63,79,0,19,18
1/30/2023 5:39,62,80,0,20,19
1/30/2023 5:54,61,80,0,19,18
1/30/2023 6:09,60,80,0,20,17
1/30/2023 6:24,61,79,0,21,18
1/30/2023 6:39,62,80,0,22,17
1/30/2023 6:54,61,80,0,23,16
1/30/2023 7:09,60,80,0,24,15
1/30/2023 7:24,61,79,0,23,14
1/30/2023 7:39,60,78,0,22,15
1/30/2023 7:54,61,77,0,21,16
1/30/2023 8:09,60,76,0,22,17
1/30/2023 8:24,61,77,0,23,16
1/30/2023 8:39,62,76,0,24,15
1/30/2023 8:54,61,77,0,23,14
1/30/2023 9:09,60,76,0,24,13
1/30/2023 9:24,61,77,0,23,12
1/30/2023 9:39,62,78,0,24,13
1/30/2023 9:54,63,77,0,25,14
1/30/2023 10:09,62,78,0,26,13
1/30/2023 10:24,63,77,0,27,12
1/30/2023 10:39,62,78,0,26,11
1/30/2023 10:54,63,79,0,25,12
1/30/2023 11:09,62,78,0,26,11
1/30/2023 11:24,61,79,0,27,12
1/30/2023 11:39,62,80,0,28,13
1/30/2023 11:54,61,80,0,29,12
1/30/2023 12:09,62,79,0,28,13
1/30/2023 12:24,61,78,0,27,14
1/30/2023 12:39,62,79,0,26,13
1/30/2023 12:54,63,80,0,27,12
1/30/2023 13:09,62,79,0,26,13
1/30/2023 13:24,63,78,0,25,14
1/30/2023 13:39,64,77,0,24,13
1/30/2023 13:54,65,78,0,23,12
1/30/2023 14:09,66,79,0,22,11
1/30/2023 14:24,67,78,0,23,10
1/30/2023 14:39,68,79,0,24,11
1/30/2023 14:54,69,78,0,25,10
1/30/2023 15:09,68,79,0,26,9
1/30/2023 15:24,69,80,0,27,8
1/30/2023 15:39,68,80,0,26,9
1/30/2023 15:54,67,79,0,25,8
1/30/2023 16:09,68,80,0,24,9
1/30/2023 16:24,69,80,0,25,8
1/30/2023 16:39,68,80,0,24,9
1/30/2023 16:54,67,79,0,25,8
1/30/2023 17:09,66,78,0,24,9
1/30/2023 17:24,67,77,0,23,10
1/30/2023 17:39,66,78,0,24,11
1/30/2023 17:54,67,79,0,25,12
1/30/2023 18:09,68,80,0,24,13
1/30/2023 18:24,69,80,0,23,12
1/30/2023 18:39,70,80,0,24,11
1/30/2023 18:54,71,79,0,25,12
1/30/2023 19:09,72,80,0,24,11
1/30/2023 19:24,71,79,0,25,12
1/30/2023 19:39,72,80,0,24,11
1/30/2023 19:54,71,80,0,23,10
1/30/2023 20:09,70,79,0,24,9
1/30/2023 20:24,71,80,0,25,10
1/30/2023 20:39,70,80,0,24,9
1/30/2023 20:54,69,79,0,25,8
1/30/2023 21:09,68,78,0,24,7
1/30/2023 21:24,67,77,0,25,6
1/30/2023 21:39,68,78,0,26,5
1/30/2023 21:54,69,77,0,27,6
1/30/2023 22:09,70,78,0,28,7
1/30/2023 22:24,69,77,0,29,6
1/30/2023 22:39,68,78,0,30,5
1/30/2023 22:54,69,77,0,29,4
1/30/2023 23:09,70,76,0,30,3
1/30/2023 23:24,71,77,0,31,2
1/30/2023 23:39,70,76,0,32,3
1/30/2023 23:54,71,75,0,31,4
1/31/2023 0:09,72,76,0,32,3
1/31/2023 0:24,73,75,0,31,2
1/31/2023 0:39,74,74,0,32,3
1/31/2023 0:54,75,73,0,31,2
1/31/2023 1:09,74,74,0,32,3
1/31/2023 1:24,75,75,0,33,4
1/31/2023 1:39,74,74,0,32,3
1/31/2023 1:54,75,73,0,31,4
1/31/2023 2:09,74,74,0,30,5
1/31/2023 2:24,73,75,0,29,6
1/31/2023 2:39,74,74,0,28,5
1/31/2023 2:54,75,73,0,29,4
1/31/2023 3:09,76,72,0,30,3
1/31/2023 3:24,75,73,0,29,4
1/31/2023 3:39,76,72,0,28,5
1/31/2023 3:54,77,71,0,29,4
1/31/2023 4:09,76,70,0,30,5
1/31/2023 4:24,77,71,0,29,4
1/31/2023 4:39,76,70,0,30,5
1/31/2023 4:54,75,70,0,29,4
1/31/2023 5:09,74,71,0,30,5
1/31/2023 5:24,73,72,0,29,4
1/31/2023 5:39,74,73,0,28,3
1/31/2023 5:54,75,74,0,27,4
1/31/2023 6:09,74,75,0,26,3
1/31/2023 6:24,73,76,0,27,4
1/31/2023 6:39,72,75,0,28,5
1/31/2023 6:54,73,74,0,27,4
1/31/2023 7:09,72,75,0,26,5
1/31/2023 7:24,73,76,0,25,6
1/31/2023 7:39,72,77,0,26,5
1/31/2023 7:54,71,76,0,27,4
1/31/2023 8:09,70,77,0,26,3
1/31/2023 8:24,71,76,0,27,4
1/31/2023 8:39,72,77,0,26,5
1/31/2023 8:54,71,78,0,25,6
1/31/2023 9:09,70,79,0,24,5
1/31/2023 9:24,71,80,0,25,6
1/31/2023 9:39,72,79,0,24,5
1/31/2023 9:54,73,80,0,25,4
1/31/2023 10:09,72,80,0,26,5
1/31/2023 10:24,71,80,0,27,6
1/31/2023 10:39,70,79,0,26,5
1/31/2023 10:54,69,80,0,27,6
1/31/2023 11:09,68,79,0,28,5
1/31/2023 11:24,67,80,0,27,4
1/31/2023 11:39,66,80,0,28,3
1/31/2023 11:54,67,80,0,29,2
1/31/2023 12:09,68,79,0,30,3
1/31/2023 12:24,67,78,0,31,4
1/31/2023 12:39,68,79,0,30,3
1/31/2023 12:54,69,80,0,29,2
1/31/2023 13:09,70,79,0,28,3
1/31/2023 13:24,71,80,0,27,4
1/31/2023 13:39,70,79,0,26,5
1/31/2023 13:54,71,78,0,25,6
1/31/2023 14:09,70,79,0,24,5
1/31/2023 14:24,71,78,0,23,6
1/31/2023 14:39,70,79,0,24,7
1/31/2023 14:54,71,78,0,23,6
1/31/2023 15:09,72,79,0,24,5
1/31/2023 15:24,71,78,0,25,6
1/31/2023 15:39,72,79,0,26,7
1/31/2023 15:54,73,80,0,25,6
1/31/2023 16:09,72,80,0,26,5
1/31/2023 16:24,73,79,0,27,4
1/31/2023 16:39,72,80,0,26,5
1/31/2023 16:54,73,79,0,25,6
1/31/2023 17:09,72,80,0,26,7
1/31/2023 17:24,73,80,0,25,8
1/31/2023 17:39,74,80,0,26,9
1/31/2023 17:54,75,80,0,25,8
1/31/2023 18:09,76,80,0,24,7
1/31/2023 18:24,77,80,0,25,8
1/31/2023 18:39,78,79,0,26,7
1/31/2023 18:54,79,80,0,25,8
1/31/2023 19:09,80,80,0,24,7
1/31/2023 19:24,81,80,0,23,8
1/31/2023 19:39,82,79,0,22,7
1/31/2023 19:54,81,78,0,23,8
1/31/2023 20:09,80,79,0,24,7
1/31/2023 20:24,81,78,0,25,6
1/31/2023 20:39,82,79,0,26,5
1/31/2023 20:54,81,80,0,27,6
1/31/2023 21:09,80,79,0,26,5
1/31/2023 21:24,81,78,0,27,6
1/31/2023 21:39,82,77,0,26,5
1/31/2023 21:54,81,78,0,27,6
1/31/2023 22:09,82,77,0,26,5
1/31/2023 22:24,81,78,0,25,4
1/31/2023 22:39,80,77,0,26,5
1/31/2023 22:54,79,76,0,27,4
1/31/2023 23:09,78,75,0,28,5
1/31/2023 23:24,79,74,0,27,4
1/31/2023 23:39,78,73,0,26,5
1/31/2023 23:54,77,72,0,27,4
2/1/2023 0:09,78,73,0,26,3
2/1/2023 0:24,79,74,0,27,2
2/1/2023 0:39,78,75,0,28,1
2/1/2023 0:54,77,76,0,27,0
2/1/2023 1:09,78,77,0,26,0
2/1/2023 1:24,79,78,0,25,1
2/1/2023 1:39,78,77,0,24,2
2/1/2023 1:54,79,76,0,23,3
2/1/2023 2:09,78,75,0,22,4
2/1/2023 2:24,77,74,0,21,3
2/1/2023 2:39,78,73,0,20,2
2/1/2023 2:54,79,72,0,21,1
2/1/2023 3:09,80,73,0,20,2
2/1/2023 3:24,79,74,0,19,1
2/1/2023 3:39,78,73,0,18,2
2/1/2023 3:54,79,72,0,19,1
2/1/2023 4:09,78,73,0,18,0
2/1/2023 4:24,77,74,0,19,1
2/1/2023 4:39,78,75,0,20,0
2/1/2023 4:54,79,76,0,21,1
2/1/2023 5:09,78,75,0,20,2
2/1/2023 5:24,79,76,0,21,3
2/1/2023 5:39,80,77,0,22,4
2/1/2023 5:54,79,76,0,21,5
2/1/2023 6:09,78,75,0,20,6
2/1/2023 6:24,79,76,0,19,5
2/1/2023 6:39,78,77,0,18,4
2/1/2023 6:54,79,78,0,17,5
2/1/2023 7:09,78,79,0,18,4
2/1/2023 7:24,77,78,0,19,5
2/1/2023 7:39,78,79,0,18,4
2/1/2023 7:54,77,78,0,17,5
2/1/2023 8:09,78,79,0,18,6
2/1/2023 8:24,79,78,0,19,5
2/1/2023 8:39,78,77,0,18,4
2/1/2023 8:54,77,78,0,19,5
2/1/2023 9:09,76,77,0,20,4
2/1/2023 9:24,75,78,0,19,3
2/1/2023 9:39,74,77,0,20,4
2/1/2023 9:54,73,78,0,19,5
2/1/2023 10:09,72,77,0,20,4
2/1/2023 10:24,73,78,0,19,3
2/1/2023 10:39,74,79,0,18,2
2/1/2023 10:54,75,80,0,17,1
2/1/2023 11:09,74,80,0,16,0
2/1/2023 11:24,75,79,0,17,1
2/1/2023 11:39,74,80,0,16,2
2/1/2023 11:54,73,80,0,15,1
2/1/2023 12:09,72,80,0,16,2
2/1/2023 12:24,73,79,0,17,1
2/1/2023 12:39,72,78,0,16,2
2/1/2023 12:54,71,77,0,17,3
2/1/2023 13:09,72,78,0,16,2
2/1/2023 13:24,71,79,0,15,1
2/1/2023 13:39,72,78,0,14,0
2/1/2023 13:54,73,77,0,13,1
2/1/2023 14:09,74,78,0,14,0
2/1/2023 14:24,73,77,0,15,1
2/1/2023 14:39,72,78,0,14,2
2/1/2023 14:54,71,77,0,13,1
2/1/2023 15:09,72,78,0,12,2
2/1/2023 15:24,73,79,0,11,3
2/1/2023 15:39,72,78,0,12,2
2/1/2023 15:54,73,79,0,13,1
2/1/2023 16:09,72,78,0,14,0
2/1/2023 16:24,71,77,0,13,0
2/1/2023 16:39,70,78,0,12,0
2/1/2023 16:54,69,77,0,11,0
2/1/2023 17:09,68,76,0,10,0
2/1/2023 17:24,67,77,0,9,0
2/1/2023 17:39,68,76,0,8,0
2/1/2023 17:54,67,77,0,7,0
2/1/2023 18:09,66,78,0,8,0
2/1/2023 18:24,67,79,0,9,1
2/1/2023 18:39,68,80,0,10,2
2/1/2023 18:54,69,80,0,9,1
2/1/2023 19:09,70,80,55,8,0
2/1/2023 19:24,69,80,54,9,0
2/1/2023 19:39,68,80,53,10,1
2/1/2023 19:54,69,80,54,9,2
2/1/2023 20:09,70,80,55,8,1
2/1/2023 20:24,69,79,54,9,2
2/1/2023 20:39,70,78,55,8,3
2/1/2023 20:54,71,79,56,7,4
2/1/2023 21:09,72,80,57,8,3
2/1/2023 21:24,71,79,56,9,2
2/1/2023 21:39,70,78,55,8,1
2/1/2023 21:54,69,77,54,7,0
2/1/2023 22:09,68,76,53,6,1
2/1/2023 22:24,67,75,54,5,0
2/1/2023 22:39,68,74,53,6,1
2/1/2023 22:54,67,73,54,7,2
2/1/2023 23:09,66,74,53,6,1
2/1/2023 23:24,65,75,52,7,2
2/1/2023 23:39,66,74,53,6,1
2/1/2023 23:54,67,73,54,5,2
2/2/2023 0:09,66,72,55,4,1
2/2/2023 0:24,67,73,54,5,2
2/2/2023 0:39,66,72,53,4,1
2/2/2023 0:54,67,73,52,3,2
2/2/2023 1:09,68,72,53,2,1
2/2/2023 1:24,69,71,52,3,0
2/2/2023 1:39,68,72,51,4,1
2/2/2023 1:54,69,73,52,3,2
2/2/2023 2:09,70,72,53,2,3
2/2/2023 2:24,71,73,54,3,2
2/2/2023 2:39,72,72,53,4,3
2/2/2023 2:54,71,73,52,3,4
2/2/2023 3:09,70,74,51,4,5
2/2/2023 3:24,69,75,52,5,4
2/2/2023 3:39,70,74,51,4,3
2/2/2023 3:54,71,73,52,5,2
2/2/2023 4:09,70,72,51,4,1
2/2/2023 4:24,69,71,52,5,2
2/2/2023 4:39,70,72,51,6,1
2/2/2023 4:54,69,73,52,7,0
2/2/2023 5:09,68,74,53,8,0
2/2/2023 5:24,67,73,54,9,1
2/2/2023 5:39,68,72,53,10,2
2/2/2023 5:54,67,71,52,11,1
2/2/2023 6:09,66,70,51,10,0
2/2/2023 6:24,67,70,50,9,1
2/2/2023 6:39,68,70,49,10,0
2/2/2023 6:54,69,71,50,11,1
2/2/2023 7:09,68,70,51,12,0
2/2/2023 7:24,67,71,52,11,1
2/2/2023 7:39,68,70,53,10,2
2/2/2023 7:54,69,71,54,11,3
2/2/2023 8:09,70,72,55,10,4
2/2/2023 8:24,69,73,56,11,5
2/2/2023 8:39,68,74,57,12,4
2/2/2023 8:54,69,75,58,11,3
2/2/2023 9:09,70,76,57,10,4
2/2/2023 9:24,71,75,56,11,3
2/2/2023 9:39,72,74,55,12,2
2/2/2023 9:54,71,75,56,13,3
2/2/2023 10:09,72,74,55,14,2
2/2/2023 10:24,71,73,56,13,1
2/2/2023 10:39,70,72,55,12,2
2/2/2023 10:54,71,71,54,13,3
2/2/2023 11:09,72,70,53,12,2
2/2/2023 11:24,71,71,54,11,1
2/2/2023 11:39,70,72,53,10,2
2/2/2023 11:54,69,71,54,9,3
2/2/2023 12:09,68,70,55,8,4
2/2/2023 12:24,67,70,56,7,3
2/2/2023 12:39,66,71,55,8,4
2/2/2023 12:54,67,72,56,9,3
2/2/2023 13:09,66,71,57,10,4
2/2/2023 13:24,67,70,56,9,3
2/2/2023 13:39,66,70,55,8,4
2/2/2023 13:54,65,70,54,7,5
2/2/2023 14:09,66,71,55,6,4
2/2/2023 14:24,65,70,54,7,3
2/2/2023 14:39,66,71,53,8,4
2/2/2023 14:54,67,72,54,7,3
2/2/2023 15:09,66,71,55,8,4
2/2/2023 15:24,65,70,54,7,5
2/2/2023 15:39,66,71,53,8,4
2/2/2023 15:54,67,72,52,7,5
2/2/2023 16:09,68,73,53,6,6
2/2/2023 16:24,67,74,54,5,7
2/2/2023 16:39,68,75,55,4,8
2/2/2023 16:54,69,74,56,3,9
2/2/2023 17:09,68,73,55,4,10
2/2/2023 17:24,69,74,56,3,9
2/2/2023 17:39,68,73,57,4,10
2/2/2023 17:54,67,72,56,5,11
2/2/2023 18:09,66,73,57,6,10
2/2/2023 18:24,65,74,56,7,9
2/2/2023 18:39,66,73,57,8,8
2/2/2023 18:54,65,72,58,7,9
2/2/2023 19:09,64,73,57,6,8
2/2/2023 19:24,63,74,58,7,9
2/2/2023 19:39,62,75,57,6,10
2/2/2023 19:54,61,74,56,5,9
2/2/2023 20:09,60,75,55,6,8
2/2/2023 20:24,61,76,54,7,9
2/2/2023 20:39,60,77,53,6,10
2/2/2023 20:54,61,76,54,7,9
2/2/2023 21:09,60,77,55,6,10
2/2/2023 21:24,61,78,54,5,11
2/2/2023 21:39,62,79,53,4,12
2/2/2023 21:54,63,80,54,5,11
2/2/2023 22:09,64,79,55,6,10
2/2/2023 22:24,63,80,54,5,11
2/2/2023 22:39,62,79,53,4,12
2/2/2023 22:54,61,78,52,3,13
2/2/2023 23:09,62,79,51,2,12
2/2/2023 23:24,61,78,50,3,13
2/2/2023 23:39,62,79,51,4,12
2/2/2023 23:54,63,80,52,3,11
2/3/2023 0:09,64,80,51,4,12
2/3/2023 0:24,65,79,50,5,13
2/3/2023 0:39,66,78,49,4,12
2/3/2023 0:54,65,79,48,5,13
2/3/2023 1:09,66,80,47,6,14
2/3/2023 1:24,67,79,48,5,13
2/3/2023 1:39,66,78,49,6,12
2/3/2023 1:54,65,77,50,7,11
2/3/2023 2:09,66,76,51,6,10
2/3/2023 2:24,67,77,52,7,11
2/3/2023 2:39,68,78,51,8,12
2/3/2023 2:54,67,79,52,7,13
2/3/2023 3:09,68,80,51,8,12
2/3/2023 3:24,69,79,50,7,13
2/3/2023 3:39,68,78,51,6,14
2/3/2023 3:54,67,79,50,7,15
2/3/2023 4:09,66,78,51,8,14
2/3/2023 4:24,65,79,52,7,13
2/3/2023 4:39,64,78,53,6,12
2/3/2023 4:54,63,79,54,5,13
2/3/2023 5:09,62,78,53,4,12
2/3/2023 5:24,61,77,52,5,11
2/3/2023 5:39,60,76,51,6,10
2/3/2023 5:54,60,75,50,7,11
2/3/2023 6:09,60,76,49,8,12
2/3/2023 6:24,60,75,48,9,13
2/3/2023 6:39,61,74,47,10,14
2/3/2023 6:54,62,75,46,11,13
2/3/2023 7:09,63,74,47,10,12
2/3/2023 7:24,64,75,48,11,11
2/3/2023 7:39,63,74,49,12,12
2/3/2023 7:54,64,75,48,13,11
2/3/2023 8:09,63,74,47,12,10
2/3/2023 8:24,62,73,48,11,11
2/3/2023 8:39,63,72,47,12,12
2/3/2023 8:54,62,73,46,11,11
2/3/2023 9:09,63,74,45,12,12
2/3/2023 9:24,62,75,46,13,11
2/3/2023 9:39,61,74,47,12,10
2/3/2023 9:54,62,73,46,13,11
2/3/2023 10:09,63,72,45,14,10
2/3/2023 10:24,64,71,44,15,11
2/3/2023 10:39,63,70,43,14,12
2/3/2023 10:54,62,70,42,13,13
2/3/2023 11:09,63,71,41,12,12
2/3/2023 11:24,64,72,42,13,11
2/3/2023 11:39,65,71,43,12,10
2/3/2023 11:54,64,70,44,11,11
2/3/2023 12:09,63,70,43,12,10
2/3/2023 12:24,62,70,42,13,9
2/3/2023 12:39,61,71,41,12,8
2/3/2023 12:54,62,70,42,13,7
2/3/2023 13:09,63,71,43,14,6
2/3/2023 13:24,64,70,44,13,5
2/3/2023 13:39,63,71,43,14,4
2/3/2023 13:54,62,70,42,15,3
2/3/2023 14:09,63,71,41,16,2
2/3/2023 14:24,62,70,40,15,3
2/3/2023 14:39,61,71,39,14,4
2/3/2023 14:54,62,70,40,13,5
2/3/2023 15:09,61,70,39,12,6
2/3/2023 15:24,62,70,38,11,7
2/3/2023 15:39,63,71,37,12,6
2/3/2023 15:54,62,72,38,11,5
2/3/2023 16:09,63,71,39,10,4
2/3/2023 16:24,62,70,38,11,3
2/3/2023 16:39,63,71,37,10,2
2/3/2023 16:54,62,72,38,11,3
2/3/2023 17:09,61,73,39,10,4
2/3/2023 17:24,60,72,38,9,3
2/3/2023 17:39,60,73,39,10,4
2/3/2023 17:54,61,74,40,11,3
2/3/2023 18:09,60,73,41,12,2
2/3/2023 18:24,61,74,40,11,3
2/3/2023 18:39,62,73,39,10,4
2/3/2023 18:54,63,74,38,11,5
2/3/2023 19:09,62,75,39,10,4
2/3/2023 19:24,63,74,40,11,3
2/3/2023 19:39,62,73,41,10,2
2/3/2023 19:54,61,72,40,9,1
2/3/2023 20:09,62,71,41,8,0
2/3/2023 20:24,63,72,40,9,1
2/3/2023 20:39,62,71,41,10,0
2/3/2023 20:54,61,72,42,9,1
2/3/2023 21:09,62,71,43,8,2
2/3/2023 21:24,63,72,44,7,3
2/3/2023 21:39,64,73,43,8,4
2/3/2023 21:54,63,72,42,9,3
2/3/2023 22:09,64,73,43,10,4
2/3/2023 22:24,65,74,42,9,5
2/3/2023 22:39,64,73,43,10,4
2/3/2023 22:54,65,72,44,9,3
2/3/2023 23:09,64,73,45,10,4
2/3/2023 23:24,65,74,44,11,5
2/3/2023 23:39,64,73,43,12,6
2/3/2023 23:54,65,72,44,11,7
2/4/2023 0:09,64,73,43,12,6
2/4/2023 0:24,65,72,42,13,7
2/4/2023 0:39,66,73,43,12,8
2/4/2023 0:54,67,74,42,11,9
2/4/2023 1:09,68,73,41,10,8
2/4/2023 1:24,69,74,42,11,7
2/4/2023 1:39,68,75,43,10,8
2/4/2023 1:54,67,74,44,11,7
2/4/2023 2:09,66,75,43,10,8
2/4/2023 2:24,65,76,44,9,7
2/4/2023 2:39,66,75,45,10,8
2/4/2023 2:54,67,76,44,11,7
2/4/2023 3:09,68,75,45,12,8
2/4/2023 3:24,67,74,44,13,9
2/4/2023 3:39,68,73,43,14,10
2/4/2023 3:54,69,74,44,13,9
2/4/2023 4:09,70,73,43,14,10
2/4/2023 4:24,69,72,42,13,11
2/4/2023 4:39,68,73,41,14,12
2/4/2023 4:54,67,72,40,13,11
2/4/2023 5:09,66,71,39,14,12
2/4/2023 5:24,67,70,40,15,13
2/4/2023 5:39,68,71,39,16,14
2/4/2023 5:54,67,72,38,17,15
2/4/2023 6:09,66,71,37,18,14
2/4/2023 6:24,65,72,38,17,13
2/4/2023 6:39,64,73,39,16,12
2/4/2023 6:54,63,72,40,15,11
2/4/2023 7:09,64,73,39,16,10
2/4/2023 7:24,65,74,40,15,9
2/4/2023 7:39,66,73,41,14,10
2/4/2023 7:54,65,72,42,13,11
2/4/2023 8:09,66,73,43,12,10
2/4/2023 8:24,67,74,44,13,11
2/4/2023 8:39,66,73,43,12,10
2/4/2023 8:54,65,74,44,11,11
2/4/2023 9:09,64,75,43,12,10
2/4/2023 9:24,65,76,42,11,11
2/4/2023 9:39,66,77,41,10,12
2/4/2023 9:54,65,78,40,9,13
2/4/2023 10:09,66,79,39,8,14
2/4/2023 10:24,67,80,40,9,13
2/4/2023 10:39,66,79,41,8,12
2/4/2023 10:54,65,80,42,7,13
2/4/2023 11:09,64,80,43,6,14
2/4/2023 11:24,65,79,44,7,13
2/4/2023 11:39,64,80,45,8,12
2/4/2023 11:54,65,79,46,7,13
2/4/2023 12:09,66,80,47,6,14
2/4/2023 12:24,65,80,46,5,13
2/4/2023 12:39,66,79,45,4,12
2/4/2023 12:54,65,80,44,5,11
2/4/2023 13:09,66,79,45,4,10
2/4/2023 13:24,67,80,44,3,9
2/4/2023 13:39,68,79,45,4,8
2/4/2023 13:54,67,78,44,3,7
2/4/2023 14:09,68,77,43,4,6
2/4/2023 14:24,69,76,42,5,5
2/4/2023 14:39,70,75,41,4,4
2/4/2023 14:54,69,74,40,5,3
2/4/2023 15:09,68,75,41,6,4
2/4/2023 15:24,67,76,40,7,3
2/4/2023 15:39,68,75,41,8,4
2/4/2023 15:54,69,76,42,9,3
2/4/2023 16:09,70,77,41,10,2
2/4/2023 16:24,69,76,42,9,1
2/4/2023 16:39,70,77,41,8,0
2/4/2023 16:54,71,76,40,9,0
2/4/2023 17:09,72,77,41,8,1
2/4/2023 17:24,71,76,40,9,0
2/4/2023 17:39,72,75,41,10,1
2/4/2023 17:54,71,74,40,11,0
2/4/2023 18:09,70,75,39,10,1
2/4/2023 18:24,71,76,40,9,2
2/4/2023 18:39,70,77,39,8,1
2/4/2023 18:54,71,78,40,9,2
2/4/2023 19:09,70,77,39,8,1
2/4/2023 19:24,71,78,38,7,2
2/4/2023 19:39,70,79,39,6,3
2/4/2023 19:54,69,78,38,5,2
2/4/2023 20:09,70,77,37,6,1
2/4/2023 20:24,69,76,38,5,0
2/4/2023 20:39,68,77,37,4,0
2/4/2023 20:54,69,78,36,5,0
2/4/2023 21:09,68,79,35,6,0
2/4/2023 21:24,67,80,36,5,0
2/4/2023 21:39,68,79,35,4,0
2/4/2023 21:54,67,80,34,5,0
2/4/2023 22:09,66,79,35,6,1
2/4/2023 22:24,65,80,36,5,2
2/4/2023 22:39,64,79,35,6,1
2/4/2023 22:54,65,78,36,7,0
2/4/2023 23:09,64,77,35,6,1
2/4/2023 23:24,65,78,34,7,2
2/4/2023 23:39,66,79,33,8,3
2/4/2023 23:54,65,78,32,9,2
2/5/2023 0:09,64,77,31,8,1
2/5/2023 0:24,63,78,32,9,2
2/5/2023 0:39,64,79,33,10,3
2/5/2023 0:54,63,80,32,11,2
2/5/2023 1:09,64,80,31,10,3
2/5/2023 1:24,63,80,32,11,2
2/5/2023 1:39,64,79,33,12,1
2/5/2023 1:54,63,78,34,13,2
2/5/2023 2:09,62,79,33,12,1
2/5/2023 2:24,63,80,32,13,0
2/5/2023 2:39,64,80,31,14,1
2/5/2023 2:54,63,80,32,15,2
2/5/2023 3:09,64,80,31,14,1
2/5/2023 3:24,63,80,32,13,0
2/5/2023 3:39,64,80,33,12,1
2/5/2023 3:54,63,79,34,13,2
2/5/2023 4:09,64,80,33,12,1
2/5/2023 4:24,63,79,32,11,0
2/5/2023 4:39,64,78,31,10,1
2/5/2023 4:54,63,79,32,9,0
2/5/2023 5:09,62,78,33,8,0
2/5/2023 5:24,61,79,32,7,1
2/5/2023 5:39,62,80,33,6,0
2/5/2023 5:54,63,80,32,7,1
2/5/2023 6:09,62,80,33,8,0
2/5/2023 6:24,63,79,34,7,0
2/5/2023 6:39,64,80,35,8,1
2/5/2023 6:54,65,79,34,9,0
2/5/2023 7:09,64,80,35,8,0
2/5/2023 7:24,65,79,36,9,0
2/5/2023 7:39,66,78,37,8,1
2/5/2023 7:54,67,77,36,7,0
2/5/2023 8:09,66,76,35,8,1
2/5/2023 8:24,65,77,36,7,0
2/5/2023 8:39,64,78,37,8,1
2/5/2023 8:54,63,77,38,9,2
2/5/2023 9:09,64,78,39,10,1
2/5/2023 9:24,65,77,40,9,2
2/5/2023 9:39,66,76,41,10,1
2/5/2023 9:54,67,75,40,11,2
2/5/2023 10:09,66,74,41,12,1
2/5/2023 10:24,65,75,40,13,0
2/5/2023 10:39,66,76,39,12,0
2/5/2023 10:54,67,77,40,11,0
2/5/2023 11:09,68,76,39,12,1
2/5/2023 11:24,69,75,38,13,2
2/5/2023 11:39,70,76,37,12,1
2/5/2023 11:54,69,77,36,13,0
2/5/2023 12:09,68,76,35,14,0
2/5/2023 12:24,69,77,36,13,1
2/5/2023 12:39,68,76,35,12,0
2/5/2023 12:54,69,75,34,13,0
2/5/2023 13:09,68,74,33,14,0
2/5/2023 13:24,67,73,34,15,1
2/5/2023 13:39,68,74,35,16,0
2/5/2023 13:54,69,75,36,17,0
2/5/2023 14:09,68,74,35,18,0
2/5/2023 14:24,69,73,36,17,1
2/5/2023 14:39,68,74,37,16,0
2/5/2023 14:54,67,75,36,15,0
2/5/2023 15:09,66,76,35,16,1
2/5/2023 15:24,65,77,36,15,0
2/5/2023 15:39,66,76,35,16,0
2/5/2023 15:54,67,75,36,17,0
2/5/2023 16:09,68,74,37,18,0
2/5/2023 16:24,67,75,36,19,0
2/5/2023 16:39,68,76,35,20,1
2/5/2023 16:54,69,75,34,21,0
2/5/2023 17:09,70,76,33,22,1
2/5/2023 17:24,69,75,34,21,2
2/5/2023 17:39,68,74,35,22,3
2/5/2023 17:54,69,73,34,21,2
2/5/2023 18:09,70,74,33,22,3
2/5/2023 18:24,69,75,34,23,2
2/5/2023 18:39,70,76,33,22,1
2/5/2023 18:54,71,75,32,21,2
2/5/2023 19:09,72,76,31,20,3
2/5/2023 19:24,73,75,32,19,2
2/5/2023 19:39,74,76,33,18,1
2/5/2023 19:54,75,77,32,19,0
2/5/2023 20:09,76,78,31,18,0
2/5/2023 20:24,75,77,32,17,0
2/5/2023 20:39,76,78,31,18,0
2/5/2023 20:54,75,77,32,17,1
2/5/2023 21:09,76,76,31,18,2
2/5/2023 21:24,75,75,32,19,3
2/5/2023 21:39,74,76,31,18,2
2/5/2023 21:54,75,75,32,17,1
2/5/2023 22:09,76,74,33,16,0
2/5/2023 22:24,77,75,34,15,1
2/5/2023 22:39,78,74,33,16,0
2/5/2023 22:54,77,73,34,15,0
2/5/2023 23:09,76,74,35,14,0
2/5/2023 23:24,77,73,34,15,1
2/5/2023 23:39,78,74,33,14,0
2/5/2023 23:54,77,75,34,15,0
2/6/2023 0:09,76,74,33,16,0
2/6/2023 0:24,75,75,32,15,0
2/6/2023 0:39,74,76,31,14,1
2/6/2023 0:54,75,77,30,13,0
2/6/2023 1:09,74,76,29,12,0
2/6/2023 1:24,75,77,30,11,1
2/6/2023 1:39,76,76,29,12,2
2/6/2023 1:54,75,77,28,11,1
2/6/2023 2:09,74,76,27,12,2
2/6/2023 2:24,75,75,28,13,3
2/6/2023 2:39,76,76,29,12,4
2/6/2023 2:54,77,75,30,13,5
2/6/2023 3:09,76,76,31,14,6
2/6/2023 3:24,75,75,30,15,7
2/6/2023 3:39,74,74,29,16,8
2/6/2023 3:54,73,75,28,17,9
2/6/2023 4:09,72,76,29,16,8
2/6/2023 4:24,71,77,30,17,9
2/6/2023 4:39,72,78,31,18,8
2/6/2023 4:54,71,79,30,19,9
2/6/2023 5:09,72,80,29,20,8
2/6/2023 5:24,73,79,28,21,9
2/6/2023 5:39,72,80,27,20,10
2/6/2023 5:54,73,80,28,21,9
2/6/2023 6:09,72,79,29,20,10
2/6/2023 6:24,73,78,30,21,11
2/6/2023 6:39,72,79,31,22,12
2/6/2023 6:54,73,78,32,21,13
2/6/2023 7:09,74,79,33,22,14
2/6/2023 7:24,73,80,34,21,13
2/6/2023 7:39,74,79,35,22,12
2/6/2023 7:54,75,80,36,23,11
2/6/2023 8:09,76,79,37,22,12
2/6/2023 8:24,75,78,36,21,13
2/6/2023 8:39,74,79,37,22,12
2/6/2023 8:54,75,80,36,21,11
2/6/2023 9:09,74,80,37,22,12
2/6/2023 9:24,73,79,36,21,13
2/6/2023 9:39,74,78,37,20,14
2/6/2023 9:54,75,79,38,21,15
2/6/2023 10:09,76,80,39,20,16
2/6/2023 10:24,77,80,40,19,17
2/6/2023 10:39,78,80,39,18,18
2/6/2023 10:54,77,80,38,19,19
2/6/2023 11:09,76,79,37,20,20
2/6/2023 11:24,77,78,38,19,21
2/6/2023 11:39,76,79,39,20,22
2/6/2023 11:54,75,78,38,21,23
2/6/2023 12:09,74,77,39,22,22
2/6/2023 12:24,73,78,38,23,21
2/6/2023 12:39,74,77,39,24,22
2/6/2023 12:54,75,78,40,23,21
2/6/2023 13:09,76,79,41,22,22
2/6/2023 13:24,77,80,40,23,23
2/6/2023 13:39,78,80,39,24,22
2/6/2023 13:54,77,79,38,23,21
2/6/2023 14:09,78,80,37,24,20
2/6/2023 14:24,79,79,38,25,21
2/6/2023 14:39,80,80,37,24,20
2/6/2023 14:54,79,80,38,23,19
2/6/2023 15:09,78,79,39,22,18
2/6/2023 15:24,77,80,40,23,17
2/6/2023 15:39,76,79,41,22,16
2/6/2023 15:54,75,78,40,23,15
2/6/2023 16:09,76,77,41,22,14
2/6/2023 16:24,75,78,42,21,13
2/6/2023 16:39,74,77,41,20,14
2/6/2023 16:54,73,76,42,21,13
2/6/2023 17:09,74,75,41,20,12
2/6/2023 17:24,73,76,40,19,13
2/6/2023 17:39,72,75,41,18,12
2/6/2023 17:54,73,76,40,19,11
2/6/2023 18:09,72,77,39,20,12
2/6/2023 18:24,73,78,40,21,11
2/6/2023 18:39,74,79,39,22,10
2/6/2023 18:54,73,78,40,23,11
2/6/2023 19:09,72,77,41,22,10
2/6/2023 19:24,73,78,40,21,11
2/6/2023 19:39,72,79,41,20,12
2/6/2023 19:54,73,78,40,19,13
2/6/2023 20:09,72,77,41,20,12
2/6/2023 20:24,73,78,42,19,11
2/6/2023 20:39,74,77,41,20,12
2/6/2023 20:54,73,78,42,21,13
2/6/2023 21:09,74,77,43,22,14
2/6/2023 21:24,73,76,42,21,15
2/6/2023 21:39,74,75,43,22,16
2/6/2023 21:54,73,74,42,21,17
2/6/2023 22:09,72,75,43,20,18
2/6/2023 22:24,71,76,44,21,19
2/6/2023 22:39,72,77,45,22,20
2/6/2023 22:54,71,78,46,23,19
2/6/2023 23:09,70,77,47,22,18
2/6/2023 23:24,71,76,48,23,19
2/6/2023 23:39,72,77,49,22,18
2/6/2023 23:54,73,76,48,23,17
2/7/2023 0:09,74,75,49,24,18
2/7/2023 0:24,73,76,48,25,19
2/7/2023 0:39,72,77,49,26,18
2/7/2023 0:54,71,78,50,25,19
2/7/2023 1:09,70,77,51,24,18
2/7/2023 1:24,69,78,52,25,17
2/7/2023 1:39,70,79,51,24,16
2/7/2023 1:54,69,78,52,23,15
2/7/2023 2:09,68,79,53,24,16
2/7/2023 2:24,69,80,54,25,17
2/7/2023 2:39,70,79,53,26,16
2/7/2023 2:54,71,78,54,25,15
2/7/2023 3:09,72,79,53,26,16
2/7/2023 3:24,71,78,52,25,15
2/7/2023 3:39,70,77,53,26,16
2/7/2023 3:54,69,76,54,25,17
2/7/2023 4:09,70,77,55,26,16
2/7/2023 4:24,69,76,56,27,17
2/7/2023 4:39,70,75,55,28,18
2/7/2023 4:54,69,76,54,27,17
2/7/2023 5:09,70,75,53,26,16
2/7/2023 5:24,71,74,52,25,17
2/7/2023 5:39,70,73,53,26,16
2/7/2023 5:54,69,74,54,27,17
2/7/2023 6:09,70,73,53,26,18
2/7/2023 6:24,69,74,52,27,19
2/7/2023 6:39,70,75,51,26,20
2/7/2023 6:54,71,74,52,27,19
2/7/2023 7:09,72,75,51,28,18
2/7/2023 7:24,73,74,50,27,19
2/7/2023 7:39,72,73,49,26,18
2/7/2023 7:54,73,72,48,27,19
2/7/2023 8:09,72,73,47,26,18
2/7/2023 8:24,73,74,48,27,19
2/7/2023 8:39,72,75,49,26,20
2/7/2023 8:54,71,76,50,25,21
2/7/2023 9:09,70,77,49,24,22
2/7/2023 9:24,71,76,48,23,21
2/7/2023 9:39,70,75,47,24,20
2/7/2023 9:54,71,76,48,25,21
2/7/2023 10:09,72,75,49,24,22
2/7/2023 10:24,71,74,50,23,23
2/7/2023 10:39,70,75,49,24,24
2/7/2023 10:54,69,74,50,23,23
2/7/2023 11:09,68,73,49,22,22
2/7/2023 11:24,67,74,48,21,23
2/7/2023 11:39,68,73,47,20,22
2/7/2023 11:54,69,72,46,21,21
2/7/2023 12:09,68,71,47,20,22
2/7/2023 12:24,69,72,46,19,23
2/7/2023 12:39,70,73,47,18,22
2/7/2023 12:54,71,74,46,19,21
2/7/2023 13:09,70,75,45,18,20
2/7/2023 13:24,69,76,46,17,21
2/7/2023 13:39,70,77,47,16,22
2/7/2023 13:54,71,78,48,17,21
2/7/2023 14:09,70,79,47,18,20
2/7/2023 14:24,71,78,48,17,19
2/7/2023 14:39,72,79,49,16,18
2/7/2023 14:54,71,78,48,15,17
2/7/2023 15:09,70,77,47,14,18
2/7/2023 15:24,71,78,48,13,17
2/7/2023 15:39,70,77,49,12,16
2/7/2023 15:54,71,76,48,13,15
2/7/2023 16:09,70,75,49,12,14
2/7/2023 16:24,69,76,50,13,13
2/7/2023 16:39,70,77,49,12,12
2/7/2023 16:54,71,78,48,13,11
2/7/2023 17:09,70,77,49,14,10
2/7/2023 17:24,71,78,50,13,9
2/7/2023 17:39,70,77,49,12,10
2/7/2023 17:54,71,78,48,11,11
2/7/2023 18:09,72,77,47,12,10
2/7/2023 18:24,71,78,48,13,11
2/7/2023 18:39,70,77,47,12,12
2/7/2023 18:54,69,76,48,13,13
2/7/2023 19:09,68,75,49,14,12
2/7/2023 19:24,69,74,50,13,11
2/7/2023 19:39,68,73,51,12,12
2/7/2023 19:54,69,72,0,11,13
2/7/2023 20:09,70,73,0,10,14
2/7/2023 20:24,71,74,0,9,13
2/7/2023 20:39,72,75,0,10,14
2/7/2023 20:54,71,76,0,9,15
2/7/2023 21:09,72,75,0,8,14
2/7/2023 21:24,71,74,0,7,13
2/7/2023 21:39,72,75,0,6,14
2/7/2023 21:54,71,74,0,7,13
2/7/2023 22:09,70,73,0,8,14
2/7/2023 22:24,71,72,0,9,13
2/7/2023 22:39,70,73,0,10,12
2/7/2023 22:54,69,72,0,9,13
2/7/2023 23:09,68,71,0,10,12
2/7/2023 23:24,67,72,0,9,11
2/7/2023 23:39,68,71,0,8,12
2/7/2023 23:54,67,70,0,9,11
2/8/2023 0:09,68,71,0,8,10
2/8/2023 0:24,69,72,0,7,9
2/8/2023 0:39,68,71,0,8,10
2/8/2023 0:54,69,72,0,9,9
2/8/2023 1:09,68,73,0,10,8
2/8/2023 1:24,69,74,0,9,7
2/8/2023 1:39,68,75,0,10,8
2/8/2023 1:54,69,74,0,11,9
2/8/2023 2:09,70,75,0,10,8
2/8/2023 2:24,69,74,0,11,9
2/8/2023 2:39,70,75,0,12,10
2/8/2023 2:54,71,76,0,13,11
2/8/2023 3:09,70,77,0,14,10
2/8/2023 3:24,69,78,0,15,9
2/8/2023 3:39,68,77,0,14,8
2/8/2023 3:54,67,78,0,15,9
2/8/2023 4:09,68,79,0,14,10
2/8/2023 4:24,69,78,0,15,9
2/8/2023 4:39,70,77,0,16,10
2/8/2023 4:54,69,78,0,17,9
2/8/2023 5:09,70,77,0,16,8
2/8/2023 5:24,71,76,0,15,7
2/8/2023 5:39,70,77,0,14,8
2/8/2023 5:54,71,78,0,13,9
2/8/2023 6:09,72,79,0,14,8
2/8/2023 6:24,71,78,0,15,9
2/8/2023 6:39,70,77,0,14,8
2/8/2023 6:54,71,76,0,15,9
2/8/2023 7:09,72,75,0,14,8
2/8/2023 7:24,73,76,0,15,9
2/8/2023 7:39,74,75,0,14,10
2/8/2023 7:54,73,74,0,13,9
2/8/2023 8:09,74,73,0,14,10
2/8/2023 8:24,73,74,0,13,9
2/8/2023 8:39,74,73,0,12,10
2/8/2023 8:54,75,74,0,13,9
2/8/2023 9:09,74,73,0,12,8
2/8/2023 9:24,75,74,0,13,9
2/8/2023 9:39,74,73,0,12,10
2/8/2023 9:54,75,74,0,11,11
2/8/2023 10:09,74,73,0,12,10
2/8/2023 10:24,73,72,0,13,9
2/8/2023 10:39,74,71,0,12,10
2/8/2023 10:54,73,70,0,13,11
2/8/2023 11:09,74,71,0,14,10
2/8/2023 11:24,75,72,0,15,9
2/8/2023 11:39,76,71,0,16,8
2/8/2023 11:54,75,70,0,17,7
2/8/2023 12:09,74,71,0,18,6
2/8/2023 12:24,75,70,0,17,5
2/8/2023 12:39,74,70,0,18,6
2/8/2023 12:54,75,70,0,19,5
2/8/2023 13:09,76,70,0,18,4
2/8/2023 13:24,75,70,0,19,3
2/8/2023 13:39,76,71,0,20,2
2/8/2023 13:54,75,70,0,21,1
2/8/2023 14:09,74,70,0,20,2
2/8/2023 14:24,75,70,0,21,1
2/8/2023 14:39,74,71,0,22,2
2/8/2023 14:54,73,70,0,21,1
2/8/2023 15:09,74,70,0,22,0
2/8/2023 15:24,73,71,0,23,1
2/8/2023 15:39,74,72,0,22,2
2/8/2023 15:54,73,71,0,23,1
2/8/2023 16:09,74,70,0,22,2
2/8/2023 16:24,75,70,0,23,3
2/8/2023 16:39,76,70,0,22,4
2/8/2023 16:54,77,70,0,21,5
2/8/2023 17:09,78,70,0,20,4
2/8/2023 17:24,77,70,0,21,5
2/8/2023 17:39,78,70,0,22,4
2/8/2023 17:54,79,71,0,21,3
2/8/2023 18:09,78,72,0,20,4
2/8/2023 18:24,77,71,0,21,3
2/8/2023 18:39,78,72,0,22,4
2/8/2023 18:54,77,73,0,23,5
2/8/2023 19:09,78,74,0,22,6
2/8/2023 19:24,77,73,0,23,7
2/8/2023 19:39,78,74,0,22,6
2/8/2023 19:54,79,75,0,23,7
2/8/2023 20:09,80,74,0,24,6
2/8/2023 20:24,81,73,0,23,7
2/8/2023 20:39,80,72,0,22,6
2/8/2023 20:54,79,71,0,23,5
2/8/2023 21:09,80,72,0,24,4
2/8/2023 21:24,81,73,0,25,5
2/8/2023 21:39,82,72,0,24,4
2/8/2023 21:54,83,71,0,23,3
2/8/2023 22:09,84,70,0,24,2
2/8/2023 22:24,83,70,0,23,1
2/8/2023 22:39,84,70,0,22,2
2/8/2023 22:54,85,71,0,23,3
2/8/2023 23:09,86,70,0,24,2
2/8/2023 23:24,85,71,0,25,3
2/8/2023 23:39,86,70,0,24,4
2/8/2023 23:54,87,70,0,23,5
2/9/2023 0:09,88,71,0,24,6
2/9/2023 0:24,89,72,0,25,5
2/9/2023 0:39,88,71,0,24,4
2/9/2023 0:54,87,70,0,25,5
2/9/2023 1:09,88,70,0,26,6
2/9/2023 1:24,89,70,0,25,5
2/9/2023 1:39,90,71,0,24,6
2/9/2023 1:54,89,72,0,23,7
2/9/2023 2:09,90,73,0,22,6
2/9/2023 2:24,89,72,0,21,7
2/9/2023 2:39,90,73,0,20,8
2/9/2023 2:54,90,74,0,21,7
2/9/2023 3:09,90,75,0,22,8
2/9/2023 3:24,90,74,0,21,9
2/9/2023 3:39,89,75,0,20,8
2/9/2023 3:54,88,74,0,21,7
2/9/2023 4:09,87,75,0,22,6
2/9/2023 4:24,86,76,0,23,5
2/9/2023 4:39,87,75,0,22,4
2/9/2023 4:54,88,76,0,21,5
2/9/2023 5:09,89,77,0,22,4
2/9/2023 5:24,90,78,0,21,3
2/9/2023 5:39,89,77,0,20,4
2/9/2023 5:54,88,78,0,19,5
2/9/2023 6:09,89,77,0,20,6
2/9/2023 6:24,90,78,0,19,7
2/9/2023 6:39,90,77,0,20,8
2/9/2023 6:54,89,78,0,21,9
2/9/2023 7:09,90,79,0,20,8
2/9/2023 7:24,90,78,0,21,7
2/9/2023 7:39,89,79,0,20,6
2/9/2023 7:54,90,78,0,19,7
2/9/2023 8:09,90,79,0,18,6
2/9/2023 8:24,90,78,0,19,5
2/9/2023 8:39,90,79,0,18,6
2/9/2023 8:54,90,80,0,19,7
2/9/2023 9:09,90,80,0,18,8
2/9/2023 9:24,90,80,0,19,7
2/9/2023 9:39,89,80,0,20,6
2/9/2023 9:54,88,80,0,19,5
2/9/2023 10:09,89,79,0,20,4
2/9/2023 10:24,90,80,0,19,5
2/9/2023 10:39,89,79,0,18,4
2/9/2023 10:54,88,80,0,17,3
2/9/2023 11:09,87,80,0,16,2
2/9/2023 11:24,88,79,0,17,3
2/9/2023 11:39,87,78,0,18,4
2/9/2023 11:54,88,79,0,17,5
2/9/2023 12:09,87,80,0,16,6
2/9/2023 12:24,86,79,0,17,7
2/9/2023 12:39,85,80,0,16,6
2/9/2023 12:54,86,80,0,15,7
2/9/2023 13:09,87,80,0,16,6
2/9/2023 13:24,88,79,0,17,7
2/9/2023 13:39,87,80,0,18,6
2/9/2023 13:54,86,80,0,19,5
2/9/2023 14:09,87,80,0,20,6
2/9/2023 14:24,86,79,0,21,7
2/9/2023 14:39,87,80,0,22,8
2/9/2023 14:54,86,79,0,23,9
2/9/2023 15:09,85,78,0,22,10
2/9/2023 15:24,84,79,0,21,9
2/9/2023 15:39,83,80,0,22,10
2/9/2023 15:54,84,79,0,23,11
2/9/2023 16:09,83,80,0,22,12
2/9/2023 16:24,84,79,0,21,11
2/9/2023 16:39,85,80,0,22,12
2/9/2023 16:54,86,80,0,23,11
2/9/2023 17:09,85,80,0,22,10
2/9/2023 17:24,84,80,0,23,11
2/9/2023 17:39,83,79,0,22,10
2/9/2023 17:54,82,78,0,23,9
2/9/2023 18:09,83,77,0,24,10
2/9/2023 18:24,84,78,0,25,11
2/9/2023 18:39,83,79,0,24,10
2/9/2023 18:54,82,80,0,25,11
2/9/2023 19:09,83,79,0,26,12
2/9/2023 19:24,82,78,0,27,11
2/9/2023 19:39,81,79,0,28,12
2/9/2023 19:54,80,78,0,27,13
2/9/2023 20:09,79,77,0,28,12
2/9/2023 20:24,80,78,0,29,13
2/9/2023 20:39,81,79,0,28,14
2/9/2023 20:54,80,80,0,27,15
2/9/2023 21:09,79,80,0,28,14
2/9/2023 21:24,78,79,0,27,13
2/9/2023 21:39,79,80,0,26,12
2/9/2023 21:54,80,79,0,27,11
2/9/2023 22:09,81,80,0,28,10
2/9/2023 22:24,80,79,0,27,11
2/9/2023 22:39,79,80,0,26,10
2/9/2023 22:54,78,80,0,25,11
2/9/2023 23:09,79,79,0,24,10
2/9/2023 23:24,80,78,0,23,11
2/9/2023 23:39,79,79,0,22,12
2/9/2023 23:54,80,78,0,21,13
2/10/2023 0:09,81,77,0,22,14
2/10/2023 0:24,82,76,0,21,15
2/10/2023 0:39,83,77,0,22,14
2/10/2023 0:54,84,76,0,23,13
2/10/2023 1:09,85,75,0,24,12
2/10/2023 1:24,86,74,0,23,11
2/10/2023 1:39,87,73,0,24,10
2/10/2023 1:54,88,74,0,23,11
2/10/2023 2:09,87,73,0,22,10
2/10/2023 2:24,86,74,0,21,9
2/10/2023 2:39,87,73,0,22,10
2/10/2023 2:54,86,74,0,21,11
2/10/2023 3:09,87,73,0,22,12
2/10/2023 3:24,88,72,0,21,13
2/10/2023 3:39,89,71,0,20,14
2/10/2023 3:54,90,70,0,19,15
2/10/2023 4:09,89,71,0,20,14
2/10/2023 4:24,90,72,0,19,13
2/10/2023 4:39,89,73,0,20,14
2/10/2023 4:54,90,74,0,21,15
2/10/2023 5:09,89,73,0,20,14
2/10/2023 5:24,88,74,0,19,15
2/10/2023 5:39,87,73,0,20,14
2/10/2023 5:54,88,72,0,21,15
2/10/2023 6:09,89,73,0,22,16
2/10/2023 6:24,88,74,0,21,17
2/10/2023 6:39,87,73,0,22,18
2/10/2023 6:54,86,74,0,23,19
2/10/2023 7:09,85,73,0,24,20
2/10/2023 7:24,84,74,0,23,21
2/10/2023 7:39,85,73,0,22,22
2/10/2023 7:54,84,72,0,21,21
2/10/2023 8:09,83,71,0,22,22
2/10/2023 8:24,84,70,0,21,21
2/10/2023 8:39,85,71,0,22,20
2/10/2023 8:54,86,70,0,23,19
2/10/2023 9:09,87,71,0,24,18
2/10/2023 9:24,86,72,0,23,19
2/10/2023 9:39,85,73,0,22,18
2/10/2023 9:54,84,74,0,21,17
2/10/2023 10:09,85,75,0,22,16
2/10/2023 10:24,86,76,0,21,17
2/10/2023 10:39,85,75,0,22,16
2/10/2023 10:54,84,76,0,21,17
2/10/2023 11:09,83,77,0,22,18
2/10/2023 11:24,84,78,0,23,17
2/10/2023 11:39,83,79,0,22,18
2/10/2023 11:54,84,80,0,23,19
2/10/2023 12:09,85,79,0,22,18
2/10/2023 12:24,84,80,0,21,19
2/10/2023 12:39,85,80,0,20,18
2/10/2023 12:54,84,79,0,21,17
2/10/2023 13:09,83,80,0,20,18
2/10/2023 13:24,82,79,0,19,19
2/10/2023 13:39,81,78,0,20,20
2/10/2023 13:54,82,79,0,19,19
2/10/2023 14:09,83,80,0,18,20
2/10/2023 14:24,82,79,0,17,19
2/10/2023 14:39,83,78,0,16,18
2/10/2023 14:54,84,79,0,15,19
2/10/2023 15:09,83,78,0,14,18
2/10/2023 15:24,84,79,0,15,17
2/10/2023 15:39,83,78,0,16,18
2/10/2023 15:54,82,77,0,15,17
2/10/2023 16:09,81,78,0,16,18
2/10/2023 16:24,82,79,0,15,19
2/10/2023 16:39,81,80,0,16,20
2/10/2023 16:54,82,79,0,17,21
2/10/2023 17:09,81,78,0,18,20
2/10/2023 17:24,80,79,0,17,19
2/10/2023 17:39,81,78,0,16,20
2/10/2023 17:54,80,79,0,15,21
2/10/2023 18:09,81,80,0,14,22
2/10/2023 18:24,82,80,0,15,23
2/10/2023 18:39,81,80,0,16,22
2/10/2023 18:54,82,79,0,15,21
2/10/2023 19:09,81,80,0,16,20
2/10/2023 19:24,80,79,0,15,19
2/10/2023 19:39,81,78,0,14,20
2/10/2023 19:54,82,77,0,15,21
2/10/2023 20:09,81,76,0,14,20
2/10/2023 20:24,82,77,0,15,21
2/10/2023 20:39,81,76,0,16,22
2/10/2023 20:54,80,77,0,17,23
2/10/2023 21:09,81,78,0,18,22
2/10/2023 21:24,82,77,0,17,23
2/10/2023 21:39,83,78,0,16,24
2/10/2023 21:54,82,79,0,17,23
2/10/2023 22:09,81,80,0,16,24
2/10/2023 22:24,80,80,0,15,25
2/10/2023 22:39,79,80,0,14,26
2/10/2023 22:54,80,79,0,13,25
2/10/2023 23:09,79,78,0,12,24
2/10/2023 23:24,78,77,0,13,23
2/10/2023 23:39,77,78,0,12,24
2/10/2023 23:54,76,77,0,13,25
2/11/2023 0:09,77,78,0,12,26
2/11/2023 0:24,76,77,0,13,27
2/11/2023 0:39,75,76,0,14,28
2/11/2023 0:54,76,77,0,15,27
2/11/2023 1:09,77,76,0,16,28
2/11/2023 1:24,78,77,0,17,29
2/11/2023 1:39,77,76,0,18,30
2/11/2023 1:54,76,75,0,17,29
2/11/2023 2:09,75,74,0,18,30
2/11/2023 2:24,76,73,0,19,29
2/11/2023 2:39,75,74,0,18,28
2/11/2023 2:54,74,75,0,19,29
2/11/2023 3:09,73,76,0,20,28
2/11/2023 3:24,72,77,0,21,29
2/11/2023 3:39,73,76,0,22,30
2/11/2023 3:54,74,75,0,23,31
2/11/2023 4:09,73,74,0,24,30
2/11/2023 4:24,74,75,0,23,29
2/11/2023 4:39,75,74,0,24,28
2/11/2023 4:54,76,75,0,23,27
2/11/2023 5:09,77,76,0,24,28
2/11/2023 5:24,76,75,0,25,29
2/11/2023 5:39,77,74,0,26,28
2/11/2023 5:54,76,75,0,25,27
2/11/2023 6:09,77,74,0,26,26
2/11/2023 6:24,76,75,0,25,25
2/11/2023 6:39,75,76,0,24,24
2/11/2023 6:54,76,77,0,25,23
2/11/2023 7:09,77,78,0,24,24
2/11/2023 7:24,78,77,0,25,25
2/11/2023 7:39,77,76,0,26,26
2/11/2023 7:54,76,77,0,25,27
2/11/2023 8:09,77,76,0,24,28
2/11/2023 8:24,78,77,0,23,29
2/11/2023 8:39,79,78,0,24,30
2/11/2023 8:54,78,79,0,23,31
2/11/2023 9:09,77,78,0,22,30
2/11/2023 9:24,76,77,0,21,29
2/11/2023 9:39,77,78,0,20,28
2/11/2023 9:54,76,77,0,21,29
2/11/2023 10:09,77,76,0,22,30
2/11/2023 10:24,78,75,0,23,31
2/11/2023 10:39,77,76,0,24,30
2/11/2023 10:54,78,77,0,23,29
2/11/2023 11:09,79,78,0,24,30
2/11/2023 11:24,78,77,0,23,29
2/11/2023 11:39,77,78,0,24,28
2/11/2023 11:54,78,77,0,25,29
2/11/2023 12:09,77,76,0,26,30
2/11/2023 12:24,76,77,0,25,29
2/11/2023 12:39,77,76,0,26,28
2/11/2023 12:54,78,75,0,25,27
2/11/2023 13:09,77,74,0,26,26
2/11/2023 13:24,76,75,0,27,25
2/11/2023 13:39,77,76,0,28,24
2/11/2023 13:54,78,77,0,29,25
2/11/2023 14:09,79,76,0,30,26
2/11/2023 14:24,80,77,0,31,27
2/11/2023 14:39,79,76,0,32,28
2/11/2023 14:54,80,77,0,31,27
2/11/2023 15:09,81,76,0,32,26
2/11/2023 15:24,80,75,0,31,27
2/11/2023 15:39,81,74,0,32,28
2/11/2023 15:54,82,73,0,31,29
2/11/2023 16:09,83,72,0,30,28
2/11/2023 16:24,84,73,0,31,29
2/11/2023 16:39,83,72,0,32,30
2/11/2023 16:54,82,73,0,33,31
2/11/2023 17:09,83,72,0,34,30
2/11/2023 17:24,84,71,0,33,31
2/11/2023 17:39,83,70,0,32,30
2/11/2023 17:54,82,70,0,33,31
2/11/2023 18:09,83,71,0,34,30
2/11/2023 18:24,84,70,0,33,29
2/11/2023 18:39,85,70,0,32,28
2/11/2023 18:54,84,71,0,33,27
2/11/2023 19:09,85,72,0,34,26
2/11/2023 19:24,86,71,0,35,27
2/11/2023 19:39,85,70,0,36,28
2/11/2023 19:54,84,70,0,35,29
2/11/2023 20:09,85,71,0,34,28
2/11/2023 20:24,84,72,0,35,29
2/11/2023 20:39,85,71,0,36,28
2/11/2023 20:54,84,72,0,35,27
2/11/2023 21:09,83,73,0,34,26
2/11/2023 21:24,82,74,0,33,27
2/11/2023 21:39,83,75,0,32,28
2/11/2023 21:54,84,74,0,33,29
2/11/2023 22:09,85,73,0,32,30
2/11/2023 22:24,84,74,0,31,31
2/11/2023 22:39,83,73,0,32,30
2/11/2023 22:54,84,72,0,33,31
2/11/2023 23:09,85,71,0,32,32
2/11/2023 23:24,86,72,0,31,33
2/11/2023 23:39,87,71,0,30,32
2/11/2023 23:54,86,72,0,29,31
2/12/2023 0:09,87,73,0,28,30
2/12/2023 0:24,86,74,0,29,31
2/12/2023 0:39,87,75,0,28,30
2/12/2023 0:54,86,76,0,29,31
2/12/2023 1:09,85,77,0,28,30
2/12/2023 1:24,84,78,0,27,29
2/12/2023 1:39,83,79,0,26,30
2/12/2023 1:54,82,78,0,27,31
2/12/2023 2:09,83,77,0,28,32
2/12/2023 2:24,84,78,0,29,33
2/12/2023 2:39,83,77,0,28,34
2/12/2023 2:54,84,76,0,27,33
2/12/2023 3:09,83,77,0,28,32
2/12/2023 3:24,82,78,0,29,31
2/12/2023 3:39,83,79,0,30,32
2/12/2023 3:54,82,80,0,31,33
2/12/2023 4:09,81,80,0,32,32
2/12/2023 4:24,80,80,0,31,33
2/12/2023 4:39,81,80,0,32,34
2/12/2023 4:54,80,80,0,31,35
2/12/2023 5:09,79,79,0,32,34
2/12/2023 5:24,80,80,0,33,35
2/12/2023 5:39,81,79,0,32,34
2/12/2023 5:54,80,80,0,31,33
2/12/2023 6:09,79,80,0,30,32
2/12/2023 6:24,80,80,0,31,33
2/12/2023 6:39,79,79,0,30,34
2/12/2023 6:54,78,78,0,31,33
2/12/2023 7:09,77,79,0,32,34
2/12/2023 7:24,76,78,0,31,35
2/12/2023 7:39,75,77,0,32,34
2/12/2023 7:54,74,78,0,33,33
2/12/2023 8:09,73,77,0,32,34
2/12/2023 8:24,74,78,0,31,35
2/12/2023 8:39,73,77,0,30,34
2/12/2023 8:54,74,78,0,29,33
2/12/2023 9:09,73,79,0,30,34
2/12/2023 9:24,74,78,0,29,33
2/12/2023 9:39,73,79,0,30,34
2/12/2023 9:54,74,78,0,29,35
2/12/2023 10:09,75,77,0,28,34
2/12/2023 10:24,76,78,0,27,33
2/12/2023 10:39,77,79,0,26,34
2/12/2023 10:54,76,78,0,27,33
2/12/2023 11:09,77,79,0,28,32
2/12/2023 11:24,76,80,0,27,31
2/12/2023 11:39,77,80,0,28,32
2/12/2023 11:54,76,80,0,27,31
2/12/2023 12:09,77,80,0,26,30
2/12/2023 12:24,76,80,0,27,29
2/12/2023 12:39,77,80,0,26,28
2/12/2023 12:54,78,79,0,25,29
2/12/2023 13:09,77,78,0,26,28
2/12/2023 13:24,78,77,0,27,29
2/12/2023 13:39,79,78,0,26,30
2/12/2023 13:54,78,77,0,27,29
2/12/2023 14:09,77,76,0,28,28
2/12/2023 14:24,76,75,0,27,27
2/12/2023 14:39,77,74,0,26,26
2/12/2023 14:54,76,73,0,25,27
2/12/2023 15:09,77,72,0,26,28
2/12/2023 15:24,78,73,0,27,27
2/12/2023 15:39,79,74,0,26,26
2/12/2023 15:54,78,75,0,25,27
2/12/2023 16:09,77,74,0,26,28
2/12/2023 16:24,78,75,0,27,29
2/12/2023 16:39,77,74,0,28,30
2/12/2023 16:54,78,73,0,27,31
2/12/2023 17:09,77,72,0,28,32
2/12/2023 17:24,78,73,0,29,33
2/12/2023 17:39,77,74,0,30,34
2/12/2023 17:54,76,75,0,31,33
2/12/2023 18:09,77,76,0,32,32
2/12/2023 18:24,76,77,0,31,33
2/12/2023 18:39,77,76,0,32,32
2/12/2023 18:54,76,77,0,31,33
2/12/2023 19:09,75,76,0,30,34
2/12/2023 19:24,74,75,0,31,35
2/12/2023 19:39,75,76,0,30,34
2/12/2023 19:54,76,77,0,31,33
2/12/2023 20:09,77,76,0,32,32
2/12/2023 20:24,78,77,0,33,33
2/12/2023 20:39,79,78,0,34,32
2/12/2023 20:54,80,77,0,33,33
2/12/2023 21:09,81,78,0,34,34
2/12/2023 21:24,80,77,0,33,35
2/12/2023 21:39,79,76,0,34,34
2/12/2023 21:54,78,77,0,35,33
2/12/2023 22:09,77,76,0,34,34
2/12/2023 22:24,78,77,0,35,33
2/12/2023 22:39,79,78,0,34,32
2/12/2023 22:54,80,77,0,33,31
2/12/2023 23:09,79,78,0,32,32
2/12/2023 23:24,80,79,0,33,33
2/12/2023 23:39,81,80,0,34,32
2/12/2023 23:54,80,79,0,35,31
2/13/2023 0:09,79,80,0,34,30
2/13/2023 0:24,78,79,0,33,31
2/13/2023 0:39,79,78,0,32,30
2/13/2023 0:54,78,77,0,33,29
2/13/2023 1:09,79,76,0,32,28
2/13/2023 1:24,78,77,0,33,29
2/13/2023 1:39,77,76,0,34,30
2/13/2023 1:54,78,77,0,35,31
2/13/2023 2:09,79,78,0,34,32
2/13/2023 2:24,80,77,0,33,31
2/13/2023 2:39,81,78,0,32,32
2/13/2023 2:54,80,79,0,31,33
2/13/2023 3:09,79,80,0,30,34
2/13/2023 3:24,80,79,0,29,33
2/13/2023 3:39,81,80,0,30,32
2/13/2023 3:54,82,79,0,31,31
2/13/2023 4:09,81,78,0,32,30
2/13/2023 4:24,82,77,0,31,29
2/13/2023 4:39,83,78,0,32,30
2/13/2023 4:54,84,77,0,31,29
2/13/2023 5:09,85,78,0,30,28
2/13/2023 5:24,86,79,0,31,29
2/13/2023 5:39,87,78,0,30,30
2/13/2023 5:54,86,77,0,29,29
2/13/2023 6:09,87,76,0,30,30
2/13/2023 6:24,88,77,0,31,31
2/13/2023 6:39,89,76,0,30,30
2/13/2023 6:54,88,77,0,29,29
2/13/2023 7:09,87,76,0,28,30
2/13/2023 7:24,86,75,0,29,29
2/13/2023 7:39,85,76,0,28,30
2/13/2023 7:54,84,77,0,29,29
2/13/2023 8:09,85,76,0,28,28
2/13/2023 8:24,86,75,0,29,27
2/13/2023 8:39,87,74,0,28,28
2/13/2023 8:54,86,73,0,29,29
2/13/2023 9:09,87,74,0,30,28
2/13/2023 9:24,86,75,0,31,27
2/13/2023 9:39,85,76,0,30,26
2/13/2023 9:54,86,75,0,29,25
2/13/2023 10:09,87,74,0,28,24
2/13/2023 10:24,88,73,0,29,23
2/13/2023 10:39,89,72,0,28,24
2/13/2023 10:54,88,71,0,27,25
2/13/2023 11:09,87,72,0,26,26
2/13/2023 11:24,88,71,0,25,25
2/13/2023 11:39,89,70,0,26,24
2/13/2023 11:54,90,70,0,27,23
2/13/2023 12:09,89,70,0,28,22
2/13/2023 12:24,90,71,0,29,23
2/13/2023 12:39,90,70,0,28,22
2/13/2023 12:54,90,70,0,27,21
2/13/2023 13:09,90,70,0,26,20
2/13/2023 13:24,89,71,0,25,21
2/13/2023 13:39,88,72,0,24,20
2/13/2023 13:54,87,73,0,25,21
2/13/2023 14:09,88,74,0,26,22
2/13/2023 14:24,87,73,0,27,21
2/13/2023 14:39,86,74,0,26,22
2/13/2023 14:54,85,75,0,25,21
2/13/2023 15:09,86,74,0,24,20
2/13/2023 15:24,85,75,0,23,21
2/13/2023 15:39,86,76,0,22,22
2/13/2023 15:54,87,75,0,21,21
2/13/2023 16:09,88,74,0,22,22
2/13/2023 16:24,89,75,0,21,21
2/13/2023 16:39,90,74,0,22,20
2/13/2023 16:54,90,73,0,21,19
2/13/2023 17:09,89,72,0,22,20
2/13/2023 17:24,88,71,0,21,19
2/13/2023 17:39,87,70,0,22,20
2/13/2023 17:54,88,70,0,23,19
2/13/2023 18:09,87,70,0,22,20
2/13/2023 18:24,88,71,0,21,21
2/13/2023 18:39,89,72,0,22,22
2/13/2023 18:54,90,73,0,21,21
2/13/2023 19:09,90,74,0,20,20
2/13/2023 19:24,90,75,0,21,21
2/13/2023 19:39,90,76,0,20,22
2/13/2023 19:54,89,77,0,19,23
2/13/2023 20:09,88,78,0,18,22
2/13/2023 20:24,87,77,0,19,21
2/13/2023 20:39,86,78,0,18,22
2/13/2023 20:54,87,77,0,19,23
2/13/2023 21:09,86,78,0,18,22
2/13/2023 21:24,87,77,0,19,21
2/13/2023 21:39,86,78,0,20,20
2/13/2023 21:54,87,79,0,21,19
2/13/2023 22:09,88,78,0,20,18
2/13/2023 22:24,87,77,0,21,19
2/13/2023 22:39,86,76,0,22,20
2/13/2023 22:54,85,75,0,23,19
2/13/2023 23:09,84,74,0,22,18
2/13/2023 23:24,85,73,0,23,17
2/13/2023 23:39,86,72,0,22,18
2/13/2023 23:54,85,71,0,21,17
2/14/2023 0:09,84,72,0,22,18
2/14/2023 0:24,83,71,0,23,17
2/14/2023 0:39,82,70,0,24,18
2/14/2023 0:54,81,70,0,23,19
2/14/2023 1:09,80,71,0,24,18
2/14/2023 1:24,79,72,0,23,19
2/14/2023 1:39,78,71,0,22,20
2/14/2023 1:54,77,70,0,23,19
2/14/2023 2:09,78,70,0,22,18
2/14/2023 2:24,79,71,0,21,19
2/14/2023 2:39,78,70,0,20,20
2/14/2023 2:54,77,70,0,19,21
2/14/2023 3:09,76,71,0,20,22
2/14/2023 3:24,75,72,0,21,21
2/14/2023 3:39,76,73,0,20,22
2/14/2023 3:54,77,74,0,21,21
2/14/2023 4:09,76,73,0,20,20
2/14/2023 4:24,75,72,0,19,19
2/14/2023 4:39,76,73,0,20,20
2/14/2023 4:54,77,72,0,21,19
2/14/2023 5:09,76,71,0,20,20
2/14/2023 5:24,75,70,0,19,19
2/14/2023 5:39,74,71,0,20,18
2/14/2023 5:54,75,72,0,19,19
2/14/2023 6:09,76,73,0,18,20
2/14/2023 6:24,77,72,0,17,19
2/14/2023 6:39,76,71,0,18,20
2/14/2023 6:54,77,70,0,19,19
2/14/2023 7:09,78,71,0,20,20
2/14/2023 7:24,77,70,0,19,19
2/14/2023 7:39,78,71,0,20,20
2/14/2023 7:54,77,70,0,21,19
2/14/2023 8:09,76,70,0,20,20
2/14/2023 8:24,77,70,0,19,21
2/14/2023 8:39,76,70,0,18,22
2/14/2023 8:54,75,70,0,17,21
2/14/2023 9:09,76,71,0,16,20
2/14/2023 9:24,77,70,0,15,21
2/14/2023 9:39,78,71,0,14,20
2/14/2023 9:54,79,72,0,13,19
2/14/2023 10:09,78,71,0,14,20
2/14/2023 10:24,79,72,0,13,19
2/14/2023 10:39,78,71,0,14,20
2/14/2023 10:54,79,72,0,15,19
2/14/2023 11:09,80,71,0,16,20
2/14/2023 11:24,81,72,0,15,19
2/14/2023 11:39,82,71,0,14,20
2/14/2023 11:54,83,70,0,15,21
2/14/2023 12:09,84,70,0,14,20
2/14/2023 12:24,85,70,0,13,21
2/14/2023 12:39,84,70,0,14,20
2/14/2023 12:54,85,70,0,13,19
2/14/2023 13:09,86,70,0,14,20
2/14/2023 13:24,85,70,0,15,19
2/14/2023 13:39,86,70,0,14,20
2/14/2023 13:54,85,70,0,13,21
2/14/2023 14:09,84,70,0,14,22
2/14/2023 14:24,83,70,0,15,21
2/14/2023 14:39,82,71,0,14,22
2/14/2023 14:54,83,72,0,13,21
2/14/2023 15:09,82,73,0,14,22
2/14/2023 15:24,83,72,0,15,21
2/14/2023 15:39,82,71,0,16,22
2/14/2023 15:54,83,72,0,17,21
2/14/2023 16:09,84,71,0,16,22
2/14/2023 16:24,85,70,0,17,23
2/14/2023 16:39,86,70,0,16,24
2/14/2023 16:54,85,71,0,17,25
2/14/2023 17:09,86,70,0,16,26
2/14/2023 17:24,87,70,0,17,27
2/14/2023 17:39,86,70,0,16,28
2/14/2023 17:54,87,71,0,15,27
2/14/2023 18:09,86,72,0,14,26
2/14/2023 18:24,85,71,0,15,27
2/14/2023 18:39,86,70,0,16,28
2/14/2023 18:54,87,70,0,17,27
2/14/2023 19:09,86,70,0,16,26
2/14/2023 19:24,85,71,0,15,25
2/14/2023 19:39,84,70,0,16,26
2/14/2023 19:54,83,70,0,15,25
2/14/2023 20:09,82,71,0,14,26
2/14/2023 20:24,83,72,0,13,27
2/14/2023 20:39,82,73,0,14,26
2/14/2023 20:54,81,72,0,13,27
2/14/2023 21:09,80,71,0,12,28
2/14/2023 21:24,79,72,0,11,29
2/14/2023 21:39,80,73,0,10,28
2/14/2023 21:54,79,74,0,11,29
2/14/2023 22:09,78,73,0,10,30
2/14/2023 22:24,79,74,18,11,31
2/14/2023 22:39,80,73,19,12,32
2/14/2023 22:54,81,74,18,13,31
2/14/2023 23:09,82,73,17,14,30
2/14/2023 23:24,83,74,16,13,31
2/14/2023 23:39,82,73,17,14,32
2/14/2023 23:54,83,74,16,15,33
2/15/2023 0:09,82,75,17,14,34
2/15/2023 0:24,83,74,18,13,35
2/15/2023 0:39,84,75,17,12,34
2/15/2023 0:54,85,76,16,11,35
2/15/2023 1:09,84,77,15,12,34
2/15/2023 1:24,83,78,14,13,35
2/15/2023 1:39,84,79,13,12,36
2/15/2023 1:54,85,78,14,13,37
2/15/2023 2:09,84,77,15,14,38
2/15/2023 2:24,85,76,14,13,39
2/15/2023 2:39,86,77,15,12,40
2/15/2023 2:54,85,76,14,13,41
2/15/2023 3:09,84,77,13,14,40
2/15/2023 3:24,85,76,12,13,41
2/15/2023 3:39,84,75,13,12,40
2/15/2023 3:54,85,76,12,13,41
2/15/2023 4:09,84,75,11,12,42
2/15/2023 4:24,85,76,10,11,41
2/15/2023 4:39,84,77,11,10,42
2/15/2023 4:54,83,78,12,9,43
2/15/2023 5:09,84,77,13,8,42
2/15/2023 5:24,83,76,14,7,41
2/15/2023 5:39,82,75,15,6,40
2/15/2023 5:54,83,76,14,5,41
2/15/2023 6:09,84,75,13,6,42
2/15/2023 6:24,85,74,12,5,43
2/15/2023 6:39,84,75,11,6,44
2/15/2023 6:54,83,74,10,5,45
2/15/2023 7:09,84,75,11,6,46
2/15/2023 7:24,85,74,12,5,45
2/15/2023 7:39,84,75,11,4,44
2/15/2023 7:54,85,74,10,3,45
2/15/2023 8:09,86,75,10,4,46
2/15/2023 8:24,85,76,11,3,47
2/15/2023 8:39,86,75,10,2,46
2/15/2023 8:54,85,76,11,3,47
2/15/2023 9:09,84,77,12,2,46
2/15/2023 9:24,85,76,11,1,47
2/15/2023 9:39,84,75,12,2,46
2/15/2023 9:54,85,76,11,1,47
2/15/2023 10:09,84,75,12,0,46
2/15/2023 10:24,83,74,11,0,47
2/15/2023 10:39,82,75,12,1,48
2/15/2023 10:54,83,76,13,0,49
2/15/2023 11:09,82,75,12,1,48
2/15/2023 11:24,81,74,13,0,47
2/15/2023 11:39,82,75,14,0,48
2/15/2023 11:54,83,76,13,1,47
2/15/2023 12:09,84,75,14,2,48
2/15/2023 12:24,85,74,15,3,47
2/15/2023 12:39,84,75,14,4,46
2/15/2023 12:54,85,74,15,5,47
2/15/2023 13:09,86,73,16,4,46
2/15/2023 13:24,87,74,15,5,45
2/15/2023 13:39,88,73,14,6,44
2/15/2023 13:54,87,74,15,7,43
2/15/2023 14:09,86,75,14,8,44
2/15/2023 14:24,85,74,13,7,45
2/15/2023 14:39,86,73,12,6,44
2/15/2023 14:54,87,72,13,5,43
2/15/2023 15:09,88,73,12,4,44
2/15/2023 15:24,87,74,13,5,43
2/15/2023 15:39,88,73,12,4,42
2/15/2023 15:54,87,72,11,3,41
2/15/2023 16:09,88,73,12,2,42
2/15/2023 16:24,89,72,11,1,43
2/15/2023 16:39,90,71,12,0,44
2/15/2023 16:54,90,70,11,0,45
2/15/2023 17:09,90,70,10,0,44
2/15/2023 17:24,90,70,10,1,43
2/15/2023 17:39,90,70,10,0,44
2/15/2023 17:54,90,70,11,0,45
2/15/2023 18:09,89,71,10,1,46
2/15/2023 18:24,90,70,10,0,47
2/15/2023 18:39,90,71,11,1,46
2/15/2023 18:54,89,70,12,2,47
2/15/2023 19:09,90,70,13,1,48
2/15/2023 19:24,89,71,14,0,47
2/15/2023 19:39,90,70,15,0,48
2/15/2023 19:54,89,71,14,1,49
2/15/2023 20:09,88,70,15,0,48
2/15/2023 20:24,87,71,14,0,49
2/15/2023 20:39,86,70,13,0,48
2/15/2023 20:54,87,70,14,0,49
2/15/2023 21:09,88,71,15,0,50
2/15/2023 21:24,87,70,14,1,51
2/15/2023 21:39,86,71,13,0,52
2/15/2023 21:54,85,70,12,1,53
2/15/2023 22:09,84,70,11,0,54
2/15/2023 22:24,85,70,10,0,55
2/15/2023 22:39,84,71,10,0,56
2/15/2023 22:54,85,72,10,1,55
2/15/2023 23:09,84,73,11,2,56
2/15/2023 23:24,83,72,10,1,55
2/15/2023 23:39,84,73,10,0,54
2/15/2023 23:54,85,72,11,0,55
2/16/2023 0:09,84,73,10,1,54
2/16/2023 0:24,83,74,10,0,55
2/16/2023 0:39,84,73,11,0,54
2/16/2023 0:54,83,72,10,1,55
2/16/2023 1:09,82,71,10,0,56
2/16/2023 1:24,83,70,11,1,55
2/16/2023 1:39,82,70,12,0,56
2/16/2023 1:54,83,70,13,1,57
2/16/2023 2:09,82,71,12,2,58
2/16/2023 2:24,81,70,13,1,59
2/16/2023 2:39,82,71,12,0,60
2/16/2023 2:54,83,70,11,0,61
2/16/2023 3:09,82,70,10,0,62
2/16/2023 3:24,81,71,11,1,63
2/16/2023 3:39,82,70,10,2,62
2/16/2023 3:54,83,71,11,1,61
2/16/2023 4:09,82,70,12,2,60
2/16/2023 4:24,83,71,13,3,61
2/16/2023 4:39,82,72,12,2,60
2/16/2023 4:54,81,73,11,3,59
2/16/2023 5:09,82,72,12,2,60
2/16/2023 5:24,83,71,11,1,59
2/16/2023 5:39,84,72,10,2,60
2/16/2023 5:54,83,71,10,3,61
2/16/2023 6:09,84,70,11,2,62
2/16/2023 6:24,83,70,12,3,63
2/16/2023 6:39,82,70,11,2,64
2/16/2023 6:54,83,70,10,1,65
2/16/2023 7:09,84,71,10,2,64
2/16/2023 7:24,85,72,10,3,63
2/16/2023 7:39,84,73,10,2,64
2/16/2023 7:54,85,74,11,3,65
2/16/2023 8:09,84,73,10,4,66
2/16/2023 8:24,83,72,10,5,65
2/16/2023 8:39,84,73,10,4,66
2/16/2023 8:54,83,72,11,5,67
2/16/2023 9:09,84,71,10,6,68
2/16/2023 9:24,83,72,11,7,67
2/16/2023 9:39,84,73,10,6,68
2/16/2023 9:54,83,72,10,5,67
2/16/2023 10:09,84,71,10,6,66
2/16/2023 10:24,85,72,11,5,67
2/16/2023 10:39,86,71,10,4,68
2/16/2023 10:54,85,72,10,5,67
2/16/2023 11:09,84,73,10,4,66
2/16/2023 11:24,83,74,10,3,67
2/16/2023 11:39,82,75,11,2,68
2/16/2023 11:54,83,74,12,1,67
2/16/2023 12:09,82,75,13,0,68
