Date,duct_static,supply_vfd_speed
12/22/2022 7:40,1.192783965,39
12/22/2022 7:55,1.092783965,38
12/22/2022 8:10,0.992783965,37
12/22/2022 8:25,1.092783965,36
12/22/2022 8:40,0.992783965,37
12/22/2022 8:55,0.892783965,36
12/22/2022 9:10,0.792783965,37
12/22/2022 9:25,0.692783965,36
12/22/2022 9:40,0.792783965,35
12/22/2022 9:55,0.892783965,36
12/22/2022 10:10,0.792783965,35
12/22/2022 10:25,0.892783965,36
12/22/2022 10:40,0.992783965,35
12/22/2022 10:55,0.892783965,36
12/22/2022 11:10,0.792783965,37
12/22/2022 11:25,0.892783965,38
12/22/2022 11:40,0.992783965,39
12/22/2022 11:55,0.892783965,38
12/22/2022 12:10,0.792783965,39
12/22/2022 12:25,0.692783965,38
12/22/2022 12:40,0.792783965,37
12/22/2022 12:55,0.692783965,36
12/22/2022 13:10,0.592783965,35
12/22/2022 13:25,0.492783965,34
12/22/2022 13:40,0.592783965,33
12/22/2022 13:55,0.692783965,34
12/22/2022 14:10,0.592783965,33
12/22/2022 14:25,0.692783965,32
12/22/2022 14:40,0.792783965,33
12/22/2022 14:55,0.892783965,34
12/22/2022 15:10,0.792783965,0
12/22/2022 15:25,0.892783965,0
12/22/2022 15:40,0.792783965,0
12/22/2022 15:55,0.892783965,0
12/22/2022 16:10,0.992783965,0
12/22/2022 16:25,0.892783965,0
12/22/2022 16:40,0.992783965,0
12/22/2022 16:55,1.092783965,0
12/22/2022 17:10,0.992783965,0
12/22/2022 17:25,1.092783965,0
12/22/2022 17:40,1.192783965,0
12/22/2022 17:55,1.292783965,0
12/22/2022 18:10,1.392783965,0
12/22/2022 18:25,1.292783965,0
12/22/2022 18:40,1.192783965,0
12/22/2022 18:55,1.092783965,0
12/22/2022 19:10,1.192783965,0
12/22/2022 19:25,1.092783965,0
12/22/2022 19:40,0.992783965,0
12/22/2022 19:55,0.892783965,0
12/22/2022 20:10,0.992783965,0
12/22/2022 20:25,0.892783965,0
12/22/2022 20:40,0.992783965,0
12/22/2022 20:55,1.092783965,0
12/22/2022 21:10,0.992783965,0
12/22/2022 21:25,0.892783965,0
12/22/2022 21:40,0.992783965,0
12/22/2022 21:55,0.892783965,0
12/22/2022 22:10,0.992783965,0
12/22/2022 22:25,1.092783965,0
12/22/2022 22:40,1.192783965,0
12/22/2022 22:55,1.092783965,0
12/22/2022 23:10,0.992783965,0
12/22/2022 23:25,1.092783965,0
12/22/2022 23:40,0.992783965,0
12/22/2022 23:55,0.892783965,0
12/23/2022 0:10,0.792783965,0
12/23/2022 0:25,0.892783965,0
12/23/2022 0:40,0.792783965,0
12/23/2022 0:55,0.692783965,0
12/23/2022 1:10,0.792783965,0
12/23/2022 1:25,0.692783965,0
12/23/2022 1:40,0.792783965,0
12/23/2022 1:55,0.692783965,0
12/23/2022 2:10,0.792783965,0
12/23/2022 2:25,0.892783965,0
12/23/2022 2:40,0.992783965,0
12/23/2022 2:55,1.092783965,0
12/23/2022 3:10,0.992783965,0
12/23/2022 3:25,0.892783965,0
12/23/2022 3:40,0.992783965,0
12/23/2022 3:55,0.892783965,0
12/23/2022 4:10,0.992783965,0
12/23/2022 4:25,0.892783965,0
12/23/2022 4:40,0.792783965,0
12/23/2022 4:55,0.692783965,0
12/23/2022 5:10,0.792783965,0
12/23/2022 5:25,0.892783965,0
12/23/2022 5:40,0.792783965,0
12/23/2022 5:55,0.692783965,0
12/23/2022 6:10,0.592783965,0
12/23/2022 6:25,0.692783965,0
12/23/2022 6:40,0.792783965,0
12/23/2022 6:55,0.692783965,0
12/23/2022 7:10,0.592783965,0
12/23/2022 7:25,0.492783965,0
12/23/2022 7:40,0.592783965,0
12/23/2022 7:55,0.492783965,0
12/23/2022 8:10,0.592783965,0
12/23/2022 8:25,0.692783965,0
12/23/2022 8:40,0.592783965,0
12/23/2022 8:55,0.692783965,0
12/23/2022 9:10,0.592783965,0
12/23/2022 9:25,0.492783965,0
12/23/2022 9:40,0.392783965,0
12/23/2022 9:55,0.492783965,0
12/23/2022 10:10,0.392783965,0
12/23/2022 10:25,0.492783965,0
12/23/2022 10:40,0.592783965,0
12/23/2022 10:55,0.492783965,0
12/23/2022 11:10,0.592783965,0
12/23/2022 11:25,0.492783965,0
12/23/2022 11:40,0.392783965,0
12/23/2022 11:55,0.292783965,0
12/23/2022 12:10,0.392783965,0
12/23/2022 12:25,0.492783965,0
12/23/2022 12:40,0.392783965,0
12/23/2022 12:55,0.292783965,0
12/23/2022 13:10,0.392783965,0
12/23/2022 13:25,0.492783965,0
12/23/2022 13:40,0.592783965,0
12/23/2022 13:55,0.692783965,0
12/23/2022 14:10,0.592783965,0
12/23/2022 14:25,0.692783965,0
12/23/2022 14:40,0.592783965,0
12/23/2022 14:55,0.492783965,0
12/23/2022 15:10,0.592783965,0
12/23/2022 15:25,0.492783965,0
12/23/2022 15:40,0.392783965,0
12/23/2022 15:55,0.492783965,0
12/23/2022 16:10,0.592783965,0
12/23/2022 16:25,0.492783965,0
12/23/2022 16:40,0.392783965,0
12/23/2022 16:55,0.292783965,0
12/23/2022 17:10,0.192783965,0
12/23/2022 17:25,0.092783965,0
12/23/2022 17:40,0.192783965,0
12/23/2022 17:55,0.092783965,0
12/23/2022 18:10,0.992783965,0
12/23/2022 18:25,0.892783965,0
12/23/2022 18:40,0.992783965,0
12/23/2022 18:55,1.092783965,0
12/23/2022 19:10,1.192783965,0
12/23/2022 19:25,1.292783965,0
12/23/2022 19:40,1.192783965,0
12/23/2022 19:55,1.092783965,0
12/23/2022 20:10,1.192783965,0
12/23/2022 20:25,1.292783965,0
12/23/2022 20:40,1.392783965,0
12/23/2022 20:55,1.292783965,0
12/23/2022 21:10,1.192783965,0
12/23/2022 21:25,1.292783965,0
12/23/2022 21:40,1.392783965,0
12/23/2022 21:55,1.292783965,0
12/23/2022 22:10,1.192783965,0
12/23/2022 22:25,1.292783965,0
12/23/2022 22:40,1.192783965,0
12/23/2022 22:55,1.092783965,0
12/23/2022 23:10,1.192783965,0
12/23/2022 23:25,1.292783965,0
12/23/2022 23:40,1.192783965,0
12/23/2022 23:55,1.092783965,0
12/24/2022 0:10,0.992783965,0
12/24/2022 0:25,1.092783965,0
12/24/2022 0:40,0.992783965,0
12/24/2022 0:55,1.092783965,0
12/24/2022 1:10,0.992783965,0
12/24/2022 1:25,1.092783965,0
12/24/2022 1:40,0.992783965,0
12/24/2022 1:55,0.892783965,0
12/24/2022 2:10,0.792783965,0
12/24/2022 2:25,0.892783965,0
12/24/2022 2:40,0.792783965,0
12/24/2022 2:55,0.692783965,0
12/24/2022 3:10,0.592783965,0
12/24/2022 3:25,0.492783965,0
12/24/2022 3:40,0.592783965,0
12/24/2022 3:55,0.692783965,0
12/24/2022 4:10,0.592783965,0
12/24/2022 4:25,0.692783965,0
12/24/2022 4:40,0.792783965,0
12/24/2022 4:55,0.892783965,0
12/24/2022 5:10,0.992783965,0
12/24/2022 5:25,0.892783965,0
12/24/2022 5:40,0.992783965,0
12/24/2022 5:55,0.892783965,0
12/24/2022 6:10,0.792783965,0
12/24/2022 6:25,0.692783965,0
12/24/2022 6:40,0.592783965,0
12/24/2022 6:55,0.492783965,0
12/24/2022 7:10,0.392783965,0
12/24/2022 7:25,0.492783965,0
12/24/2022 7:40,0.392783965,0
12/24/2022 7:55,0.292783965,0
12/24/2022 8:10,0.392783965,0
12/24/2022 8:25,0.492783965,0
12/24/2022 8:40,0.592783965,0
12/24/2022 8:55,0.492783965,0
12/24/2022 9:10,0.592783965,0
12/24/2022 9:25,0.692783965,0
12/24/2022 9:40,0.592783965,0
12/24/2022 9:55,0.692783965,0
12/24/2022 10:10,0.792783965,0
12/24/2022 10:25,0.892783965,0
12/24/2022 10:40,0.992783965,0
12/24/2022 10:55,0.892783965,0
12/24/2022 11:10,0.792783965,0
12/24/2022 11:25,0.892783965,0
12/24/2022 11:40,0.992783965,0
12/24/2022 11:55,0.892783965,0
12/24/2022 12:10,0.792783965,0
12/24/2022 12:25,0.692783965,0
12/24/2022 12:40,0.792783965,0
12/24/2022 12:55,0.692783965,0
12/24/2022 13:10,0.592783965,0
12/24/2022 13:25,0.492783965,36
12/24/2022 13:40,0.592783965,35
12/24/2022 13:55,0.692783965,36
12/24/2022 14:10,0.792783965,37
12/24/2022 14:25,0.692783965,36
12/24/2022 14:40,0.592783965,37
12/24/2022 14:55,0.692783965,36
12/24/2022 15:10,0.792783965,35
12/24/2022 15:25,0.692783965,36
12/24/2022 15:40,0.792783965,37
12/24/2022 15:55,0.892783965,36
12/24/2022 16:10,0.792783965,37
12/24/2022 16:25,0.892783965,38
12/24/2022 16:40,0.992783965,39
12/24/2022 16:55,0.892783965,38
12/24/2022 17:10,0.992783965,39
12/24/2022 17:25,1.092783965,38
12/24/2022 17:40,1.192783965,39
12/24/2022 17:55,1.092783965,38
12/24/2022 18:10,0.992783965,37
12/24/2022 18:25,1.092783965,36
12/24/2022 18:40,0.992783965,37
12/24/2022 18:55,0.892783965,36
12/24/2022 19:10,0.792783965,35
12/24/2022 19:25,0.892783965,34
12/24/2022 19:40,0.792783965,33
12/24/2022 19:55,0.892783965,34
12/24/2022 20:10,0.792783965,35
12/24/2022 20:25,0.892783965,36
12/24/2022 20:40,0.992783965,35
12/24/2022 20:55,1.092783965,36
12/24/2022 21:10,0.992783965,37
12/24/2022 21:25,1.092783965,36
12/24/2022 21:40,1.192783965,35
12/24/2022 21:55,1.292783965,34
12/24/2022 22:10,1.392783965,33
12/24/2022 22:25,1.492783965,34
12/24/2022 22:40,1.392783965,33
12/24/2022 22:55,1.492783965,32
12/24/2022 23:10,1.592783965,31
12/24/2022 23:25,1.692783965,32
12/24/2022 23:40,1.792783965,31
12/24/2022 23:55,1.892783965,30
12/25/2022 0:10,1.992783965,29
12/25/2022 0:25,1.092783965,30
12/25/2022 0:40,0.992783965,29
12/25/2022 0:55,1.092783965,30
12/25/2022 1:10,0.992783965,29
12/25/2022 1:25,1.092783965,30
12/25/2022 1:40,1.192783965,31
12/25/2022 1:55,1.092783965,32
12/25/2022 2:10,0.992783965,31
12/25/2022 2:25,0.892783965,30
12/25/2022 2:40,0.792783965,31
12/25/2022 2:55,0.692783965,32
12/25/2022 3:10,0.592783965,31
12/25/2022 3:25,0.492783965,32
12/25/2022 3:40,0.592783965,31
12/25/2022 3:55,0.492783965,32
12/25/2022 4:10,0.392783965,31
12/25/2022 4:25,0.492783965,32
12/25/2022 4:40,0.592783965,31
12/25/2022 4:55,0.692783965,30
12/25/2022 5:10,0.792783965,31
12/25/2022 5:25,0.692783965,30
12/25/2022 5:40,0.592783965,31
12/25/2022 5:55,0.692783965,30
12/25/2022 6:10,0.792783965,29
12/25/2022 6:25,0.692783965,28
12/25/2022 6:40,0.592783965,27
12/25/2022 6:55,0.692783965,28
12/25/2022 7:10,0.792783965,29
12/25/2022 7:25,0.692783965,30
12/25/2022 7:40,0.792783965,29
12/25/2022 7:55,0.892783965,28
12/25/2022 8:10,0.792783965,29
12/25/2022 8:25,0.692783965,30
12/25/2022 8:40,0.792783965,29
12/25/2022 8:55,0.892783965,28
12/25/2022 9:10,0.792783965,27
12/25/2022 9:25,0.892783965,26
12/25/2022 9:40,0.792783965,27
12/25/2022 9:55,0.892783965,28
12/25/2022 10:10,0.992783965,29
12/25/2022 10:25,0.892783965,28
12/25/2022 10:40,0.792783965,27
12/25/2022 10:55,0.692783965,28
12/25/2022 11:10,0.592783965,27
12/25/2022 11:25,0.492783965,26
12/25/2022 11:40,0.392783965,27
12/25/2022 11:55,0.492783965,26
12/25/2022 12:10,0.592783965,25
12/25/2022 12:25,0.692783965,24
12/25/2022 12:40,0.592783965,25
12/25/2022 12:55,0.492783965,24
12/25/2022 13:10,0.392783965,23
12/25/2022 13:25,0.292783965,22
12/25/2022 13:40,0.192783965,21
12/25/2022 13:55,0.092783965,20
12/25/2022 14:10,0.992783965,21
12/25/2022 14:25,0.892783965,20
12/25/2022 14:40,0.992783965,21
12/25/2022 14:55,1.092783965,20
12/25/2022 15:10,1.192783965,21
12/25/2022 15:25,1.292783965,20
12/25/2022 15:40,1.192783965,21
12/25/2022 15:55,1.292783965,22
12/25/2022 16:10,1.392783965,21
12/25/2022 16:25,1.492783965,22
12/25/2022 16:40,1.592783965,23
12/25/2022 16:55,1.492783965,24
12/25/2022 17:10,1.592783965,25
12/25/2022 17:25,1.692783965,24
12/25/2022 17:40,1.792783965,23
12/25/2022 17:55,1.692783965,24
12/25/2022 18:10,1.792783965,25
12/25/2022 18:25,1.692783965,24
12/25/2022 18:40,1.792783965,25
12/25/2022 18:55,1.892783965,24
12/25/2022 19:10,1.792783965,25
12/25/2022 19:25,1.692783965,24
12/25/2022 19:40,1.592783965,25
12/25/2022 19:55,1.492783965,26
12/25/2022 20:10,1.592783965,27
12/25/2022 20:25,1.692783965,26
12/25/2022 20:40,1.592783965,27
12/25/2022 20:55,1.692783965,28
12/25/2022 21:10,1.792783965,27
12/25/2022 21:25,1.692783965,26
12/25/2022 21:40,1.592783965,25
12/25/2022 21:55,1.492783965,26
12/25/2022 22:10,1.392783965,27
12/25/2022 22:25,1.292783965,26
12/25/2022 22:40,1.192783965,27
12/25/2022 22:55,1.092783965,26
12/25/2022 23:10,1.192783965,27
12/25/2022 23:25,1.092783965,28
12/25/2022 23:40,1.192783965,27
12/25/2022 23:55,1.292783965,28
12/26/2022 0:10,1.192783965,29
12/26/2022 0:25,1.292783965,28
12/26/2022 0:40,1.392783965,27
12/26/2022 0:55,1.492783965,28
12/26/2022 1:10,1.392783965,29
12/26/2022 1:25,1.492783965,28
12/26/2022 1:40,1.392783965,29
12/26/2022 1:55,1.292783965,28
12/26/2022 2:10,1.392783965,27
12/26/2022 2:25,1.292783965,26
12/26/2022 2:40,1.192783965,27
12/26/2022 2:55,1.092783965,26
12/26/2022 3:10,0.992783965,25
12/26/2022 3:25,1.092783965,26
12/26/2022 3:40,0.992783965,25
12/26/2022 3:55,1.092783965,24
12/26/2022 4:10,0.992783965,23
12/26/2022 4:25,1.092783965,24
12/26/2022 4:40,1.192783965,23
12/26/2022 4:55,1.092783965,24
12/26/2022 5:10,1.192783965,25
12/26/2022 5:25,1.292783965,26
12/26/2022 5:40,1.192783965,27
12/26/2022 5:55,1.292783965,28
12/26/2022 6:10,1.392783965,29
12/26/2022 6:25,1.292783965,28
12/26/2022 6:40,1.192783965,27
12/26/2022 6:55,1.092783965,26
12/26/2022 7:10,0.992783965,25
12/26/2022 7:25,1.092783965,26
12/26/2022 7:40,1.192783965,25
12/26/2022 7:55,1.292783965,26
12/26/2022 8:10,1.392783965,25
12/26/2022 8:25,1.492783965,24
12/26/2022 8:40,1.392783965,25
12/26/2022 8:55,1.292783965,24
12/26/2022 9:10,1.192783965,25
12/26/2022 9:25,1.092783965,24
12/26/2022 9:40,0.992783965,23
12/26/2022 9:55,0.892783965,24
12/26/2022 10:10,0.992783965,23
12/26/2022 10:25,1.092783965,22
12/26/2022 10:40,1.192783965,23
12/26/2022 10:55,1.092783965,22
12/26/2022 11:10,1.192783965,21
12/26/2022 11:25,1.292783965,22
12/26/2022 11:40,1.392783965,23
12/26/2022 11:55,1.292783965,22
12/26/2022 12:10,1.192783965,23
12/26/2022 12:25,1.092783965,22
12/26/2022 12:40,0.992783965,21
12/26/2022 12:55,0.892783965,20
12/26/2022 13:10,0.792783965,21
12/26/2022 13:25,0.692783965,22
12/26/2022 13:40,0.592783965,21
12/26/2022 13:55,0.492783965,22
12/26/2022 14:10,0.592783965,21
12/26/2022 14:25,0.492783965,20
12/26/2022 14:40,0.592783965,19
12/26/2022 14:55,0.492783965,18
12/26/2022 15:10,0.392783965,19
12/26/2022 15:25,0.492783965,20
12/26/2022 15:40,0.592783965,19
12/26/2022 15:55,0.692783965,20
12/26/2022 16:10,0.792783965,19
12/26/2022 16:25,0.892783965,20
12/26/2022 16:40,0.792783965,19
12/26/2022 16:55,0.892783965,20
12/26/2022 17:10,0.992783965,21
12/26/2022 17:25,1.092783965,22
12/26/2022 17:40,1.192783965,23
12/26/2022 17:55,1.292783965,22
12/26/2022 18:10,1.392783965,21
12/26/2022 18:25,1.492783965,20
12/26/2022 18:40,1.592783965,21
12/26/2022 18:55,1.492783965,20
12/26/2022 19:10,1.392783965,19
12/26/2022 19:25,1.292783965,18
12/26/2022 19:40,1.392783965,19
12/26/2022 19:55,1.492783965,18
12/26/2022 20:10,1.392783965,17
12/26/2022 20:25,1.292783965,18
12/26/2022 20:40,1.392783965,17
12/26/2022 20:55,1.292783965,18
12/26/2022 21:10,1.192783965,19
12/26/2022 21:25,1.292783965,18
12/26/2022 21:40,1.392783965,19
12/26/2022 21:55,1.292783965,20
12/26/2022 22:10,1.392783965,21
12/26/2022 22:25,1.492783965,20
12/26/2022 22:40,1.592783965,19
12/26/2022 22:55,1.492783965,20
12/26/2022 23:10,1.392783965,19
12/26/2022 23:25,1.292783965,20
12/26/2022 23:40,1.192783965,19
12/26/2022 23:55,1.292783965,20
12/27/2022 0:10,1.392783965,19
12/27/2022 0:25,1.292783965,18
12/27/2022 0:40,1.192783965,19
12/27/2022 0:55,1.292783965,20
12/27/2022 1:10,1.392783965,21
12/27/2022 1:25,1.292783965,20
12/27/2022 1:40,1.392783965,21
12/27/2022 1:55,1.492783965,22
12/27/2022 2:10,1.592783965,21
12/27/2022 2:25,1.492783965,20
12/27/2022 2:40,1.392783965,19
12/27/2022 2:55,1.292783965,18
12/27/2022 3:10,1.392783965,19
12/27/2022 3:25,1.492783965,18
12/27/2022 3:40,1.392783965,19
12/27/2022 3:55,1.492783965,20
12/27/2022 4:10,1.392783965,21
12/27/2022 4:25,1.292783965,22
12/27/2022 4:40,1.192783965,23
12/27/2022 4:55,1.292783965,24
12/27/2022 5:10,1.392783965,25
12/27/2022 5:25,1.492783965,26
12/27/2022 5:40,1.592783965,27
12/27/2022 5:55,1.492783965,26
12/27/2022 6:10,1.392783965,25
12/27/2022 6:25,1.492783965,26
12/27/2022 6:40,1.592783965,25
12/27/2022 6:55,1.492783965,24
12/27/2022 7:10,1.392783965,23
12/27/2022 7:25,1.492783965,24
12/27/2022 7:40,1.392783965,25
12/27/2022 7:55,1.492783965,26
12/27/2022 8:10,1.392783965,27
12/27/2022 8:25,1.492783965,26
12/27/2022 8:40,1.592783965,25
12/27/2022 8:55,1.692783965,24
12/27/2022 9:10,1.792783965,23
12/27/2022 9:25,1.892783965,24
12/27/2022 9:40,1.992783965,23
12/27/2022 9:55,1.892783965,24
12/27/2022 10:10,1.792783965,23
12/27/2022 10:25,1.692783965,24
12/27/2022 10:40,1.592783965,23
12/27/2022 10:55,1.492783965,24
12/27/2022 11:10,1.592783965,23
12/27/2022 11:25,1.692783965,24
12/27/2022 11:40,1.792783965,25
12/27/2022 11:55,1.892783965,24
12/27/2022 12:10,1.992783965,23
12/27/2022 12:25,1.092783965,22
12/27/2022 12:40,1.192783965,21
12/27/2022 12:55,1.092783965,20
12/27/2022 13:10,1.192783965,19
12/27/2022 13:25,1.292783965,20
12/27/2022 13:40,1.392783965,19
12/27/2022 13:55,1.492783965,18
12/27/2022 14:10,1.392783965,19
12/27/2022 14:25,1.492783965,18
12/27/2022 14:40,1.592783965,17
12/27/2022 14:55,1.492783965,16
12/27/2022 15:10,1.592783965,15
12/27/2022 15:25,1.492783965,14
12/27/2022 15:40,1.392783965,15
12/27/2022 15:55,1.492783965,16
12/27/2022 16:10,1.592783965,17
12/27/2022 16:25,1.492783965,16
12/27/2022 16:40,1.592783965,17
12/27/2022 16:55,1.492783965,18
12/27/2022 17:10,1.592783965,17
12/27/2022 17:25,1.692783965,16
12/27/2022 17:40,1.792783965,15
12/27/2022 17:55,1.892783965,16
12/27/2022 18:10,1.992783965,15
12/27/2022 18:25,1.092783965,14
12/27/2022 18:40,1.192783965,13
12/27/2022 18:55,1.092783965,12
12/27/2022 19:10,1.192783965,13
12/27/2022 19:25,1.292783965,12
12/27/2022 19:40,1.192783965,13
12/27/2022 19:55,1.092783965,12
12/27/2022 20:10,1.192783965,11
12/27/2022 20:25,1.092783965,10
12/27/2022 20:40,1.192783965,11
12/27/2022 20:55,1.292783965,10
12/27/2022 21:10,1.392783965,11
12/27/2022 21:25,1.492783965,10
12/27/2022 21:40,1.592783965,11
12/27/2022 21:55,1.492783965,10
12/27/2022 22:10,1.592783965,10
12/27/2022 22:25,1.692783965,10
12/27/2022 22:40,1.792783965,11
12/27/2022 22:55,1.892783965,12
12/27/2022 23:10,1.792783965,13
12/27/2022 23:25,1.892783965,12
12/27/2022 23:40,1.992783965,13
12/27/2022 23:55,1.092783965,12
12/28/2022 0:10,1.192783965,11
12/28/2022 0:25,1.292783965,10
12/28/2022 0:40,1.192783965,10
12/28/2022 0:55,1.092783965,11
12/28/2022 1:10,1.192783965,10
12/28/2022 1:25,1.092783965,11
12/28/2022 1:40,0.992783965,10
12/28/2022 1:55,0.892783965,10
12/28/2022 2:10,0.792783965,11
12/28/2022 2:25,0.892783965,10
12/28/2022 2:40,0.792783965,10
12/28/2022 2:55,0.892783965,11
12/28/2022 3:10,0.992783965,12
12/28/2022 3:25,1.092783965,11
12/28/2022 3:40,1.192783965,10
12/28/2022 3:55,1.292783965,11
12/28/2022 4:10,1.192783965,10
12/28/2022 4:25,1.092783965,11
12/28/2022 4:40,1.192783965,12
12/28/2022 4:55,1.092783965,13
12/28/2022 5:10,1.192783965,14
12/28/2022 5:25,1.292783965,13
12/28/2022 5:40,1.392783965,12
12/28/2022 5:55,1.292783965,11
12/28/2022 6:10,1.392783965,12
12/28/2022 6:25,1.492783965,11
12/28/2022 6:40,1.392783965,10
12/28/2022 6:55,1.292783965,10
12/28/2022 7:10,1.392783965,11
12/28/2022 7:25,1.292783965,10
12/28/2022 7:40,1.192783965,10
12/28/2022 7:55,1.292783965,11
12/28/2022 8:10,1.192783965,12
12/28/2022 8:25,1.292783965,13
12/28/2022 8:40,1.192783965,12
12/28/2022 8:55,1.092783965,11
12/28/2022 9:10,0.992783965,12
12/28/2022 9:25,1.092783965,13
12/28/2022 9:40,0.992783965,14
12/28/2022 9:55,0.892783965,13
12/28/2022 10:10,0.792783965,12
12/28/2022 10:25,0.692783965,11
12/28/2022 10:40,0.592783965,10
12/28/2022 10:55,0.492783965,10
12/28/2022 11:10,0.592783965,10
12/28/2022 11:25,0.692783965,10
12/28/2022 11:40,0.792783965,10
12/28/2022 11:55,0.892783965,11
12/28/2022 12:10,0.992783965,10
12/28/2022 12:25,0.892783965,11
12/28/2022 12:40,0.792783965,10
12/28/2022 12:55,0.892783965,10
12/28/2022 13:10,0.992783965,11
12/28/2022 13:25,0.892783965,12
12/28/2022 13:40,0.792783965,13
12/28/2022 13:55,0.692783965,12
12/28/2022 14:10,0.792783965,11
12/28/2022 14:25,0.692783965,12
12/28/2022 14:40,0.792783965,11
12/28/2022 14:55,0.892783965,12
12/28/2022 15:10,0.992783965,11
12/28/2022 15:25,1.092783965,10
12/28/2022 15:40,0.992783965,10
12/28/2022 15:55,0.892783965,11
12/28/2022 16:10,0.792783965,10
12/28/2022 16:25,0.692783965,10
12/28/2022 16:40,0.792783965,10
12/28/2022 16:55,0.892783965,11
12/28/2022 17:10,0.992783965,12
12/28/2022 17:25,1.092783965,13
12/28/2022 17:40,0.992783965,14
12/28/2022 17:55,1.092783965,13
12/28/2022 18:10,1.192783965,14
12/28/2022 18:25,1.292783965,15
12/28/2022 18:40,1.392783965,14
12/28/2022 18:55,1.492783965,15
12/28/2022 19:10,1.392783965,16
12/28/2022 19:25,1.292783965,17
12/28/2022 19:40,1.192783965,16
12/28/2022 19:55,1.292783965,17
12/28/2022 20:10,1.192783965,16
12/28/2022 20:25,1.292783965,17
12/28/2022 20:40,1.392783965,0
12/28/2022 20:55,1.492783965,0
12/28/2022 21:10,1.592783965,0
12/28/2022 21:25,1.692783965,0
12/28/2022 21:40,1.792783965,0
12/28/2022 21:55,1.892783965,0
12/28/2022 22:10,1.992783965,0
12/28/2022 22:25,1.092783965,0
12/28/2022 22:40,0.992783965,0
12/28/2022 22:55,1.092783965,0
12/28/2022 23:10,1.192783965,0
12/28/2022 23:25,1.292783965,0
12/28/2022 23:40,1.392783965,0
12/28/2022 23:55,1.292783965,0
12/29/2022 0:10,1.192783965,0
12/29/2022 0:25,1.292783965,0
12/29/2022 0:40,1.392783965,0
12/29/2022 0:55,1.492783965,0
12/29/2022 1:10,1.592783965,0
12/29/2022 1:25,1.492783965,0
12/29/2022 1:40,1.392783965,0
12/29/2022 1:55,1.292783965,0
12/29/2022 2:10,1.192783965,0
12/29/2022 2:25,1.092783965,0
12/29/2022 2:40,1.192783965,0
12/29/2022 2:55,1.092783965,0
12/29/2022 3:10,0.992783965,0
12/29/2022 3:25,0.892783965,0
12/29/2022 3:40,0.792783965,0
12/29/2022 3:55,0.692783965,0
12/29/2022 4:10,0.592783965,0
12/29/2022 4:25,0.692783965,0
12/29/2022 4:40,0.792783965,0
12/29/2022 4:55,0.892783965,0
12/29/2022 5:10,0.792783965,0
12/29/2022 5:25,0.692783965,0
12/29/2022 5:40,0.792783965,0
12/29/2022 5:55,0.892783965,0
12/29/2022 6:10,0.792783965,0
12/29/2022 6:25,0.892783965,0
12/29/2022 6:40,0.992783965,0
12/29/2022 6:55,1.092783965,0
12/29/2022 7:10,0.992783965,0
12/29/2022 7:25,0.892783965,0
12/29/2022 7:40,0.792783965,0
12/29/2022 7:55,0.892783965,0
12/29/2022 8:10,0.792783965,0
12/29/2022 8:25,0.692783965,0
12/29/2022 8:40,0.792783965,0
12/29/2022 8:55,0.692783965,0
12/29/2022 9:10,0.592783965,0
12/29/2022 9:25,0.692783965,0
12/29/2022 9:40,0.792783965,0
12/29/2022 9:55,0.892783965,0
12/29/2022 10:10,0.992783965,0
12/29/2022 10:25,0.892783965,0
12/29/2022 10:40,0.792783965,0
12/29/2022 10:55,0.692783965,0
12/29/2022 11:10,0.592783965,0
12/29/2022 11:25,0.492783965,0
12/29/2022 11:40,0.592783965,0
12/29/2022 11:55,0.692783965,0
12/29/2022 12:10,0.792783965,0
12/29/2022 12:25,0.892783965,0
12/29/2022 12:40,0.792783965,0
12/29/2022 12:55,0.892783965,0
12/29/2022 13:10,0.992783965,0
12/29/2022 13:25,0.892783965,0
12/29/2022 13:40,0.792783965,0
12/29/2022 13:55,0.692783965,0
12/29/2022 14:10,0.592783965,0
12/29/2022 14:25,0.692783965,0
12/29/2022 14:40,0.792783965,0
12/29/2022 14:55,0.892783965,0
12/29/2022 15:10,0.792783965,0
12/29/2022 15:25,0.892783965,0
12/29/2022 15:40,0.792783965,0
12/29/2022 15:55,0.892783965,0
12/29/2022 16:10,0.792783965,0
12/29/2022 16:25,0.692783965,0
12/29/2022 16:40,0.792783965,0
12/29/2022 16:55,0.892783965,0
12/29/2022 17:10,0.992783965,0
12/29/2022 17:25,1.092783965,0
12/29/2022 17:40,0.992783965,0
12/29/2022 17:55,0.892783965,0
12/29/2022 18:10,0.792783965,0
12/29/2022 18:25,0.692783965,0
12/29/2022 18:40,0.792783965,0
12/29/2022 18:55,0.892783965,0
12/29/2022 19:10,0.792783965,0
12/29/2022 19:25,0.692783965,0
12/29/2022 19:40,0.792783965,0
12/29/2022 19:55,0.692783965,0
12/29/2022 20:10,0.592783965,0
12/29/2022 20:25,0.492783965,0
12/29/2022 20:40,0.392783965,0
12/29/2022 20:55,0.492783965,0
12/29/2022 21:10,0.592783965,0
12/29/2022 21:25,0.692783965,0
12/29/2022 21:40,0.592783965,0
12/29/2022 21:55,0.692783965,0
12/29/2022 22:10,0.792783965,0
12/29/2022 22:25,0.892783965,0
12/29/2022 22:40,0.992783965,0
12/29/2022 22:55,0.892783965,0
12/29/2022 23:10,0.792783965,0
12/29/2022 23:25,0.692783965,0
12/29/2022 23:40,0.592783965,0
12/29/2022 23:55,0.492783965,0
12/30/2022 0:10,0.592783965,0
12/30/2022 0:25,0.492783965,0
12/30/2022 0:40,0.392783965,0
12/30/2022 0:55,0.292783965,0
12/30/2022 1:10,0.392783965,0
12/30/2022 1:25,0.292783965,0
12/30/2022 1:40,0.392783965,0
12/30/2022 1:55,0.492783965,0
12/30/2022 2:10,0.392783965,0
12/30/2022 2:25,0.292783965,0
12/30/2022 2:40,0.192783965,0
12/30/2022 2:55,0.092783965,0
12/30/2022 3:10,0.992783965,0
12/30/2022 3:25,1.092783965,0
12/30/2022 3:40,1.192783965,0
12/30/2022 3:55,1.292783965,0
12/30/2022 4:10,1.192783965,0
12/30/2022 4:25,1.292783965,0
12/30/2022 4:40,1.392783965,0
12/30/2022 4:55,1.292783965,0
12/30/2022 5:10,1.192783965,0
12/30/2022 5:25,1.292783965,0
12/30/2022 5:40,1.192783965,0
12/30/2022 5:55,1.292783965,0
12/30/2022 6:10,1.192783965,0
12/30/2022 6:25,1.292783965,0
12/30/2022 6:40,1.192783965,0
12/30/2022 6:55,1.292783965,0
12/30/2022 7:10,1.192783965,0
12/30/2022 7:25,1.292783965,0
12/30/2022 7:40,1.392783965,0
12/30/2022 7:55,1.292783965,0
12/30/2022 8:10,1.392783965,0
12/30/2022 8:25,1.492783965,0
12/30/2022 8:40,1.592783965,0
12/30/2022 8:55,1.692783965,0
12/30/2022 9:10,1.592783965,0
12/30/2022 9:25,1.692783965,0
12/30/2022 9:40,1.792783965,0
12/30/2022 9:55,1.692783965,0
12/30/2022 10:10,1.592783965,0
12/30/2022 10:25,1.492783965,0
12/30/2022 10:40,1.592783965,0
12/30/2022 10:55,1.692783965,0
12/30/2022 11:10,1.792783965,0
12/30/2022 11:25,1.892783965,0
12/30/2022 11:40,1.792783965,0
12/30/2022 11:55,1.692783965,0
12/30/2022 12:10,1.792783965,0
12/30/2022 12:25,1.892783965,0
12/30/2022 12:40,1.992783965,0
12/30/2022 12:55,1.892783965,0
12/30/2022 13:10,1.792783965,0
12/30/2022 13:25,1.692783965,0
12/30/2022 13:40,1.792783965,0
12/30/2022 13:55,1.892783965,0
12/30/2022 14:10,1.792783965,0
12/30/2022 14:25,1.692783965,0
12/30/2022 14:40,1.792783965,0
12/30/2022 14:55,1.892783965,0
12/30/2022 15:10,1.992783965,0
12/30/2022 15:25,1.892783965,0
12/30/2022 15:40,1.792783965,0
12/30/2022 15:55,1.892783965,0
12/30/2022 16:10,1.792783965,0
12/30/2022 16:25,1.692783965,0
12/30/2022 16:40,1.592783965,0
12/30/2022 16:55,1.692783965,0
12/30/2022 17:10,1.592783965,0
12/30/2022 17:25,1.692783965,0
12/30/2022 17:40,1.792783965,0
12/30/2022 17:55,1.892783965,0
12/30/2022 18:10,1.792783965,0
12/30/2022 18:25,1.692783965,0
12/30/2022 18:40,1.592783965,0
12/30/2022 18:55,1.692783965,0
12/30/2022 19:10,1.792783965,0
12/30/2022 19:25,1.692783965,0
12/30/2022 19:40,1.792783965,0
12/30/2022 19:55,1.692783965,0
12/30/2022 20:10,1.792783965,0
12/30/2022 20:25,1.692783965,0
12/30/2022 20:40,1.592783965,0
12/30/2022 20:55,1.692783965,0
12/30/2022 21:10,1.592783965,0
12/30/2022 21:25,1.692783965,0
12/30/2022 21:40,1.592783965,0
12/30/2022 21:55,1.692783965,0
12/30/2022 22:10,1.792783965,0
12/30/2022 22:25,1.892783965,0
12/30/2022 22:40,1.792783965,0
12/30/2022 22:55,1.892783965,0
12/30/2022 23:10,1.992783965,0
12/30/2022 23:25,1.892783965,0
12/30/2022 23:40,1.992783965,0
12/30/2022 23:55,1.092783965,0
12/31/2022 0:10,0.992783965,0
12/31/2022 0:25,1.092783965,0
12/31/2022 0:40,0.992783965,0
12/31/2022 0:55,1.092783965,0
12/31/2022 1:10,1.192783965,0
12/31/2022 1:25,1.292783965,0
12/31/2022 1:40,1.192783965,0
12/31/2022 1:55,1.092783965,0
12/31/2022 2:10,1.192783965,0
12/31/2022 2:25,1.092783965,0
12/31/2022 2:40,1.192783965,0
12/31/2022 2:55,1.092783965,0
12/31/2022 3:10,0.992783965,0
12/31/2022 3:25,1.092783965,0
12/31/2022 3:40,0.992783965,0
12/31/2022 3:55,0.892783965,0
12/31/2022 4:10,0.992783965,0
12/31/2022 4:25,0.892783965,0
12/31/2022 4:40,0.992783965,0
12/31/2022 4:55,0.892783965,0
12/31/2022 5:10,0.792783965,0
12/31/2022 5:25,0.692783965,0
12/31/2022 5:40,0.592783965,0
12/31/2022 5:55,0.492783965,0
12/31/2022 6:10,0.592783965,0
12/31/2022 6:25,0.692783965,0
12/31/2022 6:40,0.592783965,0
12/31/2022 6:55,0.692783965,0
12/31/2022 7:10,0.792783965,0
12/31/2022 7:25,0.892783965,0
12/31/2022 7:40,0.992783965,0
12/31/2022 7:55,1.092783965,0
12/31/2022 8:10,1.192783965,0
12/31/2022 8:25,1.092783965,0
12/31/2022 8:40,0.992783965,0
12/31/2022 8:55,0.892783965,0
12/31/2022 9:10,0.792783965,0
12/31/2022 9:25,0.692783965,0
12/31/2022 9:40,0.792783965,0
12/31/2022 9:55,0.692783965,0
12/31/2022 10:10,0.792783965,0
12/31/2022 10:25,0.692783965,0
12/31/2022 10:40,0.592783965,0
12/31/2022 10:55,0.692783965,0
12/31/2022 11:10,0.792783965,0
12/31/2022 11:25,0.692783965,0
12/31/2022 11:40,0.792783965,0
12/31/2022 11:55,0.892783965,0
12/31/2022 12:10,0.992783965,0
12/31/2022 12:25,1.092783965,0
12/31/2022 12:40,1.192783965,0
12/31/2022 12:55,1.292783965,0
12/31/2022 13:10,1.192783965,0
12/31/2022 13:25,1.292783965,0
12/31/2022 13:40,1.192783965,0
12/31/2022 13:55,1.292783965,0
12/31/2022 14:10,1.192783965,0
12/31/2022 14:25,1.092783965,0
12/31/2022 14:40,0.992783965,0
12/31/2022 14:55,1.092783965,0
12/31/2022 15:10,1.192783965,0
12/31/2022 15:25,1.092783965,0
12/31/2022 15:40,1.192783965,0
12/31/2022 15:55,1.092783965,0
12/31/2022 16:10,1.192783965,0
12/31/2022 16:25,1.292783965,0
12/31/2022 16:40,1.392783965,0
12/31/2022 16:55,1.292783965,0
12/31/2022 17:10,1.192783965,0
12/31/2022 17:25,1.092783965,0
12/31/2022 17:40,1.192783965,0
12/31/2022 17:55,1.292783965,0
12/31/2022 18:10,1.392783965,0
12/31/2022 18:25,1.492783965,0
12/31/2022 18:40,1.592783965,0
12/31/2022 18:55,1.492783965,0
12/31/2022 19:10,1.392783965,0
12/31/2022 19:25,1.292783965,0
12/31/2022 19:40,1.392783965,0
12/31/2022 19:55,1.292783965,0
12/31/2022 20:10,1.392783965,0
12/31/2022 20:25,1.492783965,0
12/31/2022 20:40,1.392783965,0
12/31/2022 20:55,1.492783965,0
12/31/2022 21:10,1.592783965,0
12/31/2022 21:25,1.492783965,0
12/31/2022 21:40,1.592783965,0
12/31/2022 21:55,1.492783965,0
12/31/2022 22:10,1.592783965,0
12/31/2022 22:25,1.692783965,0
12/31/2022 22:40,1.792783965,0
12/31/2022 22:55,1.892783965,0
12/31/2022 23:10,1.992783965,0
12/31/2022 23:25,1.892783965,0
12/31/2022 23:40,1.992783965,0
12/31/2022 23:55,1.892783965,0
1/1/2023 0:10,1.792783965,0
1/1/2023 0:25,1.692783965,0
1/1/2023 0:40,1.592783965,0
1/1/2023 0:55,1.492783965,0
1/1/2023 1:10,1.392783965,50
1/1/2023 1:25,1.292783965,51
1/1/2023 1:40,1.392783965,50
1/1/2023 1:55,1.292783965,51
1/1/2023 2:10,1.392783965,50
1/1/2023 2:25,1.492783965,51
1/1/2023 2:40,1.592783965,50
1/1/2023 2:55,1.492783965,51
1/1/2023 3:10,1.592783965,50
1/1/2023 3:25,1.692783965,51
1/1/2023 3:40,1.592783965,52
1/1/2023 3:55,1.692783965,53
1/1/2023 4:10,1.592783965,52
1/1/2023 4:25,1.492783965,53
1/1/2023 4:40,1.392783965,52
1/1/2023 4:55,1.292783965,53
1/1/2023 5:10,1.392783965,54
1/1/2023 5:25,1.492783965,55
1/1/2023 5:40,1.392783965,54
1/1/2023 5:55,1.492783965,55
1/1/2023 6:10,1.592783965,54
1/1/2023 6:25,1.692783965,55
1/1/2023 6:40,1.792783965,56
1/1/2023 6:55,1.892783965,55
1/1/2023 7:10,1.992783965,54
1/1/2023 7:25,1.892783965,53
1/1/2023 7:40,1.792783965,54
1/1/2023 7:55,1.892783965,53
1/1/2023 8:10,1.992783965,52
1/1/2023 8:25,1.892783965,51
1/1/2023 8:40,1.792783965,52
1/1/2023 8:55,1.892783965,51
1/1/2023 9:10,1.992783965,50
1/1/2023 9:25,1.092783965,51
1/1/2023 9:40,1.192783965,50
1/1/2023 9:55,1.292783965,51
1/1/2023 10:10,1.392783965,52
1/1/2023 10:25,1.492783965,53
1/1/2023 10:40,1.592783965,54
1/1/2023 10:55,1.492783965,55
1/1/2023 11:10,1.392783965,56
1/1/2023 11:25,1.492783965,57
1/1/2023 11:40,1.392783965,56
1/1/2023 11:55,1.492783965,57
1/1/2023 12:10,1.592783965,56
1/1/2023 12:25,1.492783965,55
1/1/2023 12:40,1.592783965,54
1/1/2023 12:55,1.692783965,53
1/1/2023 13:10,1.792783965,54
1/1/2023 13:25,1.892783965,55
1/1/2023 13:40,1.792783965,56
1/1/2023 13:55,1.892783965,57
1/1/2023 14:10,1.792783965,58
1/1/2023 14:25,1.692783965,57
1/1/2023 14:40,1.792783965,58
1/1/2023 14:55,1.892783965,59
1/1/2023 15:10,1.792783965,58
1/1/2023 15:25,1.892783965,59
1/1/2023 15:40,1.992783965,60
1/1/2023 15:55,1.092783965,59
1/1/2023 16:10,1.192783965,58
1/1/2023 16:25,1.092783965,57
1/1/2023 16:40,1.192783965,58
1/1/2023 16:55,1.092783965,59
1/1/2023 17:10,1.192783965,58
1/1/2023 17:25,1.092783965,57
1/1/2023 17:40,0.992783965,58
1/1/2023 17:55,0.892783965,57
1/1/2023 18:10,0.992783965,58
1/1/2023 18:25,0.892783965,59
1/1/2023 18:40,0.992783965,60
1/1/2023 18:55,1.092783965,61
1/1/2023 19:10,0.992783965,62
1/1/2023 19:25,1.092783965,61
1/1/2023 19:40,1.192783965,60
1/1/2023 19:55,1.092783965,61
1/1/2023 20:10,1.192783965,62
1/1/2023 20:25,1.092783965,63
1/1/2023 20:40,1.192783965,64
1/1/2023 20:55,1.092783965,63
1/1/2023 21:10,0.992783965,64
1/1/2023 21:25,1.092783965,65
1/1/2023 21:40,0.992783965,64
1/1/2023 21:55,1.092783965,63
1/1/2023 22:10,0.992783965,64
1/1/2023 22:25,1.092783965,65
1/1/2023 22:40,1.192783965,64
1/1/2023 22:55,1.092783965,65
1/1/2023 23:10,1.192783965,66
1/1/2023 23:25,1.092783965,67
1/1/2023 23:40,1.192783965,66
1/1/2023 23:55,1.092783965,65
1/2/2023 0:10,1.192783965,64
1/2/2023 0:25,1.092783965,63
1/2/2023 0:40,1.192783965,62
1/2/2023 0:55,1.092783965,61
1/2/2023 1:10,0.992783965,60
1/2/2023 1:25,0.892783965,61
1/2/2023 1:40,0.992783965,62
1/2/2023 1:55,0.892783965,61
1/2/2023 2:10,0.992783965,60
1/2/2023 2:25,0.892783965,59
1/2/2023 2:40,0.792783965,60
1/2/2023 2:55,0.692783965,59
1/2/2023 3:10,0.792783965,58
1/2/2023 3:25,0.692783965,59
1/2/2023 3:40,0.592783965,58
1/2/2023 3:55,0.692783965,59
1/2/2023 4:10,0.792783965,58
1/2/2023 4:25,0.892783965,57
1/2/2023 4:40,0.792783965,56
1/2/2023 4:55,0.692783965,55
1/2/2023 5:10,0.792783965,54
1/2/2023 5:25,0.692783965,53
1/2/2023 5:40,0.792783965,54
1/2/2023 5:55,0.692783965,53
1/2/2023 6:10,0.792783965,54
1/2/2023 6:25,0.692783965,53
1/2/2023 6:40,0.592783965,54
1/2/2023 6:55,0.492783965,55
1/2/2023 7:10,0.592783965,56
1/2/2023 7:25,0.692783965,55
1/2/2023 7:40,0.592783965,54
1/2/2023 7:55,0.492783965,53
1/2/2023 8:10,0.592783965,52
1/2/2023 8:25,0.692783965,53
1/2/2023 8:40,0.792783965,52
1/2/2023 8:55,0.892783965,51
1/2/2023 9:10,0.792783965,50
1/2/2023 9:25,0.692783965,51
1/2/2023 9:40,0.592783965,50
1/2/2023 9:55,0.492783965,49
1/2/2023 10:10,0.592783965,50
1/2/2023 10:25,0.492783965,49
1/2/2023 10:40,0.592783965,48
1/2/2023 10:55,0.692783965,49
1/2/2023 11:10,0.792783965,50
1/2/2023 11:25,0.692783965,51
1/2/2023 11:40,0.792783965,52
1/2/2023 11:55,0.892783965,53
1/2/2023 12:10,0.792783965,52
1/2/2023 12:25,0.892783965,53
1/2/2023 12:40,0.992783965,54
1/2/2023 12:55,1.092783965,53
1/2/2023 13:10,1.192783965,54
1/2/2023 13:25,1.292783965,55
1/2/2023 13:40,1.192783965,56
1/2/2023 13:55,1.092783965,57
1/2/2023 14:10,0.992783965,58
1/2/2023 14:25,0.892783965,59
1/2/2023 14:40,0.992783965,60
1/2/2023 14:55,1.092783965,61
1/2/2023 15:10,1.192783965,60
1/2/2023 15:25,1.092783965,59
1/2/2023 15:40,0.992783965,58
1/2/2023 15:55,0.892783965,57
1/2/2023 16:10,0.792783965,58
1/2/2023 16:25,0.892783965,57
1/2/2023 16:40,0.792783965,56
1/2/2023 16:55,0.692783965,55
1/2/2023 17:10,0.792783965,56
1/2/2023 17:25,0.692783965,55
1/2/2023 17:40,0.592783965,54
1/2/2023 17:55,0.492783965,55
1/2/2023 18:10,0.592783965,56
1/2/2023 18:25,0.492783965,57
1/2/2023 18:40,0.392783965,58
1/2/2023 18:55,0.292783965,59
1/2/2023 19:10,0.392783965,58
1/2/2023 19:25,0.292783965,59
1/2/2023 19:40,0.192783965,58
1/2/2023 19:55,0.292783965,59
1/2/2023 20:10,0.192783965,60
1/2/2023 20:25,0.292783965,59
1/2/2023 20:40,0.192783965,60
1/2/2023 20:55,0.292783965,59
1/2/2023 21:10,0.392783965,58
1/2/2023 21:25,0.292783965,59
1/2/2023 21:40,0.192783965,60
1/2/2023 21:55,0.092783965,61
1/2/2023 22:10,0.192783965,60
1/2/2023 22:25,0.292783965,59
1/2/2023 22:40,0.192783965,60
1/2/2023 22:55,0.092783965,61
1/2/2023 23:10,0.192783965,62
1/2/2023 23:25,0.092783965,63
1/2/2023 23:40,0.992783965,64
1/2/2023 23:55,1.092783965,65
1/3/2023 0:10,0.992783965,64
1/3/2023 0:25,0.892783965,63
1/3/2023 0:40,0.992783965,62
1/3/2023 0:55,1.092783965,63
1/3/2023 1:10,1.192783965,62
1/3/2023 1:25,1.092783965,63
1/3/2023 1:40,1.192783965,62
1/3/2023 1:55,1.092783965,63
1/3/2023 2:10,1.192783965,62
1/3/2023 2:25,1.292783965,61
1/3/2023 2:40,1.392783965,62
1/3/2023 2:55,1.292783965,63
1/3/2023 3:10,1.392783965,62
1/3/2023 3:25,1.492783965,61
1/3/2023 3:40,1.592783965,60
1/3/2023 3:55,1.692783965,59
1/3/2023 4:10,1.792783965,58
1/3/2023 4:25,1.892783965,57
1/3/2023 4:40,1.792783965,56
1/3/2023 4:55,1.892783965,57
1/3/2023 5:10,1.992783965,56
1/3/2023 5:25,1.892783965,57
1/3/2023 5:40,1.792783965,56
1/3/2023 5:55,1.692783965,55
1/3/2023 6:10,1.792783965,56
1/3/2023 6:25,1.692783965,57
1/3/2023 6:40,1.592783965,56
1/3/2023 6:55,1.692783965,55
1/3/2023 7:10,1.792783965,54
1/3/2023 7:25,1.892783965,53
1/3/2023 7:40,1.992783965,54
1/3/2023 7:55,1.892783965,53
1/3/2023 8:10,1.992783965,52
1/3/2023 8:25,1.892783965,53
1/3/2023 8:40,1.992783965,52
1/3/2023 8:55,1.092783965,51
1/3/2023 9:10,1.192783965,50
1/3/2023 9:25,1.292783965,51
1/3/2023 9:40,1.192783965,52
1/3/2023 9:55,1.292783965,53
1/3/2023 10:10,1.192783965,54
1/3/2023 10:25,1.292783965,53
1/3/2023 10:40,1.392783965,54
1/3/2023 10:55,1.292783965,55
1/3/2023 11:10,1.192783965,54
1/3/2023 11:25,1.092783965,53
1/3/2023 11:40,1.192783965,52
1/3/2023 11:55,1.092783965,53
1/3/2023 12:10,0.992783965,52
1/3/2023 12:25,0.892783965,51
1/3/2023 12:40,0.992783965,50
1/3/2023 12:55,1.092783965,51
1/3/2023 13:10,1.192783965,52
1/3/2023 13:25,1.092783965,51
1/3/2023 13:40,0.992783965,52
1/3/2023 13:55,1.092783965,51
1/3/2023 14:10,0.992783965,52
1/3/2023 14:25,1.092783965,53
1/3/2023 14:40,1.192783965,52
1/3/2023 14:55,1.092783965,53
1/3/2023 15:10,0.992783965,54
1/3/2023 15:25,1.092783965,53
1/3/2023 15:40,1.192783965,54
1/3/2023 15:55,1.292783965,53
1/3/2023 16:10,1.392783965,54
1/3/2023 16:25,1.292783965,53
1/3/2023 16:40,1.392783965,52
1/3/2023 16:55,1.492783965,53
1/3/2023 17:10,1.592783965,54
1/3/2023 17:25,1.692783965,55
1/3/2023 17:40,1.792783965,54
1/3/2023 17:55,1.892783965,53
1/3/2023 18:10,1.792783965,54
1/3/2023 18:25,1.692783965,53
1/3/2023 18:40,1.792783965,52
1/3/2023 18:55,1.692783965,53
1/3/2023 19:10,1.792783965,52
1/3/2023 19:25,1.692783965,51
1/3/2023 19:40,1.792783965,52
1/3/2023 19:55,1.692783965,51
1/3/2023 20:10,1.592783965,52
1/3/2023 20:25,1.492783965,51
1/3/2023 20:40,1.592783965,52
1/3/2023 20:55,1.492783965,51
1/3/2023 21:10,1.592783965,50
1/3/2023 21:25,1.492783965,49
1/3/2023 21:40,1.592783965,50
1/3/2023 21:55,1.492783965,51
1/3/2023 22:10,1.592783965,52
1/3/2023 22:25,1.492783965,51
1/3/2023 22:40,1.592783965,52
1/3/2023 22:55,1.492783965,53
1/3/2023 23:10,1.592783965,54
1/3/2023 23:25,1.692783965,55
1/3/2023 23:40,1.792783965,56
1/3/2023 23:55,1.892783965,55
1/4/2023 0:10,1.792783965,54
1/4/2023 0:25,1.892783965,55
1/4/2023 0:40,1.992783965,54
1/4/2023 0:55,1.892783965,55
1/4/2023 1:10,1.792783965,56
1/4/2023 1:25,1.692783965,55
1/4/2023 1:40,1.592783965,54
1/4/2023 1:55,1.692783965,55
1/4/2023 2:10,1.792783965,56
1/4/2023 2:25,1.692783965,55
1/4/2023 2:40,1.792783965,54
1/4/2023 2:55,1.892783965,55
1/4/2023 3:10,1.992783965,56
1/4/2023 3:25,1.092783965,57
1/4/2023 3:40,1.192783965,58
1/4/2023 3:55,1.092783965,59
1/4/2023 4:10,1.192783965,60
1/4/2023 4:25,1.292783965,59
1/4/2023 4:40,1.392783965,60
1/4/2023 4:55,1.492783965,61
1/4/2023 5:10,1.592783965,62
1/4/2023 5:25,1.492783965,61
1/4/2023 5:40,1.592783965,60
1/4/2023 5:55,1.492783965,61
1/4/2023 6:10,1.592783965,62
1/4/2023 6:25,1.492783965,63
1/4/2023 6:40,1.592783965,62
1/4/2023 6:55,1.492783965,61
1/4/2023 7:10,1.592783965,60
1/4/2023 7:25,1.692783965,61
1/4/2023 7:40,1.592783965,62
1/4/2023 7:55,1.492783965,63
1/4/2023 8:10,1.392783965,64
1/4/2023 8:25,1.292783965,65
1/4/2023 8:40,1.192783965,64
1/4/2023 8:55,1.292783965,63
1/4/2023 9:10,1.192783965,62
1/4/2023 9:25,1.292783965,63
1/4/2023 9:40,1.392783965,62
1/4/2023 9:55,1.492783965,63
1/4/2023 10:10,1.392783965,62
1/4/2023 10:25,1.492783965,61
1/4/2023 10:40,1.392783965,62
1/4/2023 10:55,1.292783965,61
1/4/2023 11:10,1.392783965,60
1/4/2023 11:25,1.292783965,59
1/4/2023 11:40,1.392783965,58
1/4/2023 11:55,1.292783965,59
1/4/2023 12:10,1.192783965,58
1/4/2023 12:25,1.292783965,57
1/4/2023 12:40,1.192783965,58
1/4/2023 12:55,1.092783965,59
1/4/2023 13:10,0.992783965,58
1/4/2023 13:25,1.092783965,57
1/4/2023 13:40,0.992783965,56
1/4/2023 13:55,1.092783965,55
1/4/2023 14:10,0.992783965,56
1/4/2023 14:25,0.892783965,57
1/4/2023 14:40,0.992783965,56
1/4/2023 14:55,1.092783965,55
1/4/2023 15:10,0.992783965,56
1/4/2023 15:25,0.892783965,55
1/4/2023 15:40,0.992783965,56
1/4/2023 15:55,1.092783965,55
1/4/2023 16:10,0.992783965,54
1/4/2023 16:25,1.092783965,55
1/4/2023 16:40,1.192783965,56
1/4/2023 16:55,1.092783965,57
1/4/2023 17:10,1.192783965,58
1/4/2023 17:25,1.292783965,57
1/4/2023 17:40,1.192783965,58
1/4/2023 17:55,1.092783965,57
1/4/2023 18:10,0.992783965,56
1/4/2023 18:25,0.892783965,55
1/4/2023 18:40,0.792783965,54
1/4/2023 18:55,0.692783965,53
1/4/2023 19:10,0.592783965,54
1/4/2023 19:25,0.692783965,55
1/4/2023 19:40,0.592783965,56
1/4/2023 19:55,0.692783965,57
1/4/2023 20:10,0.792783965,58
1/4/2023 20:25,0.892783965,59
1/4/2023 20:40,0.792783965,60
1/4/2023 20:55,0.692783965,61
1/4/2023 21:10,0.592783965,60
1/4/2023 21:25,0.492783965,59
1/4/2023 21:40,0.592783965,58
1/4/2023 21:55,0.492783965,59
1/4/2023 22:10,0.392783965,60
1/4/2023 22:25,0.492783965,59
1/4/2023 22:40,0.392783965,60
1/4/2023 22:55,0.292783965,61
1/4/2023 23:10,0.192783965,60
1/4/2023 23:25,0.092783965,61
1/4/2023 23:40,0.992783965,60
1/4/2023 23:55,0.892783965,59
1/5/2023 0:10,0.792783965,58
1/5/2023 0:25,0.692783965,59
1/5/2023 0:40,0.792783965,58
1/5/2023 0:55,0.892783965,59
1/5/2023 1:10,0.992783965,0
1/5/2023 1:25,0.892783965,0
1/5/2023 1:40,0.992783965,0
1/5/2023 1:55,1.092783965,0
1/5/2023 2:10,0.992783965,0
1/5/2023 2:25,1.092783965,0
1/5/2023 2:40,0.992783965,0
1/5/2023 2:55,1.092783965,0
1/5/2023 3:10,0.992783965,0
1/5/2023 3:25,1.092783965,0
1/5/2023 3:40,0.992783965,0
1/5/2023 3:55,1.092783965,0
1/5/2023 4:10,0.992783965,0
1/5/2023 4:25,0.892783965,0
1/5/2023 4:40,0.792783965,0
1/5/2023 4:55,0.892783965,0
1/5/2023 5:10,0.792783965,0
1/5/2023 5:25,0.692783965,0
1/5/2023 5:40,0.592783965,0
1/5/2023 5:55,0.692783965,0
1/5/2023 6:10,0.792783965,0
1/5/2023 6:25,0.892783965,0
1/5/2023 6:40,0.792783965,0
1/5/2023 6:55,0.892783965,0
1/5/2023 7:10,0.992783965,0
1/5/2023 7:25,1.092783965,0
1/5/2023 7:40,1.192783965,0
1/5/2023 7:55,1.092783965,0
1/5/2023 8:10,0.992783965,0
1/5/2023 8:25,1.092783965,0
1/5/2023 8:40,1.192783965,0
1/5/2023 8:55,1.092783965,0
1/5/2023 9:10,0.992783965,0
1/5/2023 9:25,1.092783965,0
1/5/2023 9:40,0.992783965,0
1/5/2023 9:55,0.892783965,0
1/5/2023 10:10,0.992783965,0
1/5/2023 10:25,1.092783965,0
1/5/2023 10:40,1.192783965,0
1/5/2023 10:55,1.292783965,0
1/5/2023 11:10,1.392783965,0
1/5/2023 11:25,1.292783965,0
1/5/2023 11:40,1.392783965,0
1/5/2023 11:55,1.292783965,0
1/5/2023 12:10,1.392783965,0
1/5/2023 12:25,1.492783965,0
1/5/2023 12:40,1.592783965,0
1/5/2023 12:55,1.692783965,0
1/5/2023 13:10,1.792783965,0
1/5/2023 13:25,1.692783965,0
1/5/2023 13:40,1.592783965,0
1/5/2023 13:55,1.692783965,0
1/5/2023 14:10,1.792783965,0
1/5/2023 14:25,1.692783965,0
1/5/2023 14:40,1.792783965,0
1/5/2023 14:55,1.892783965,0
1/5/2023 15:10,1.992783965,0
1/5/2023 15:25,1.892783965,0
1/5/2023 15:40,1.992783965,0
1/5/2023 15:55,1.092783965,0
1/5/2023 16:10,0.992783965,0
1/5/2023 16:25,1.092783965,0
1/5/2023 16:40,0.992783965,0
1/5/2023 16:55,0.892783965,0
1/5/2023 17:10,0.792783965,0
1/5/2023 17:25,0.692783965,0
1/5/2023 17:40,0.592783965,0
1/5/2023 17:55,0.692783965,0
1/5/2023 18:10,0.592783965,0
1/5/2023 18:25,0.492783965,0
1/5/2023 18:40,0.592783965,0
1/5/2023 18:55,0.492783965,0
1/5/2023 19:10,0.592783965,0
1/5/2023 19:25,0.692783965,0
1/5/2023 19:40,0.792783965,0
1/5/2023 19:55,0.892783965,0
1/5/2023 20:10,0.792783965,0
1/5/2023 20:25,0.892783965,0
1/5/2023 20:40,0.792783965,0
1/5/2023 20:55,0.692783965,0
1/5/2023 21:10,0.792783965,0
1/5/2023 21:25,0.692783965,0
1/5/2023 21:40,0.592783965,0
1/5/2023 21:55,0.692783965,0
1/5/2023 22:10,0.792783965,0
1/5/2023 22:25,0.892783965,0
1/5/2023 22:40,0.792783965,0
1/5/2023 22:55,0.892783965,0
1/5/2023 23:10,0.992783965,0
1/5/2023 23:25,1.092783965,0
1/5/2023 23:40,0.992783965,0
1/5/2023 23:55,0.892783965,0
1/6/2023 0:10,0.992783965,0
1/6/2023 0:25,0.892783965,0
1/6/2023 0:40,0.992783965,0
1/6/2023 0:55,1.092783965,0
1/6/2023 1:10,0.992783965,0
1/6/2023 1:25,1.092783965,0
1/6/2023 1:40,0.992783965,0
1/6/2023 1:55,1.092783965,0
1/6/2023 2:10,0.992783965,0
1/6/2023 2:25,1.092783965,0
1/6/2023 2:40,1.192783965,0
1/6/2023 2:55,1.292783965,0
1/6/2023 3:10,1.392783965,0
1/6/2023 3:25,1.292783965,0
1/6/2023 3:40,1.192783965,0
1/6/2023 3:55,1.092783965,0
1/6/2023 4:10,1.192783965,0
1/6/2023 4:25,1.092783965,0
1/6/2023 4:40,1.192783965,0
1/6/2023 4:55,1.092783965,0
1/6/2023 5:10,0.992783965,0
1/6/2023 5:25,1.092783965,0
1/6/2023 5:40,0.992783965,0
1/6/2023 5:55,0.892783965,0
1/6/2023 6:10,0.792783965,0
1/6/2023 6:25,0.692783965,0
1/6/2023 6:40,0.792783965,0
1/6/2023 6:55,0.692783965,0
1/6/2023 7:10,0.792783965,0
1/6/2023 7:25,0.892783965,0
1/6/2023 7:40,0.792783965,0
1/6/2023 7:55,0.892783965,0
1/6/2023 8:10,0.792783965,0
1/6/2023 8:25,0.692783965,0
1/6/2023 8:40,0.792783965,0
1/6/2023 8:55,0.692783965,0
1/6/2023 9:10,0.792783965,0
1/6/2023 9:25,0.892783965,0
1/6/2023 9:40,0.992783965,0
1/6/2023 9:55,0.892783965,0
1/6/2023 10:10,0.792783965,0
1/6/2023 10:25,0.692783965,0
1/6/2023 10:40,0.792783965,0
1/6/2023 10:55,0.892783965,0
1/6/2023 11:10,0.992783965,0
1/6/2023 11:25,1.092783965,0
1/6/2023 11:40,1.192783965,0
1/6/2023 11:55,1.292783965,0
1/6/2023 12:10,1.392783965,0
1/6/2023 12:25,1.292783965,0
1/6/2023 12:40,1.392783965,0
1/6/2023 12:55,1.492783965,0
1/6/2023 13:10,1.392783965,0
1/6/2023 13:25,1.492783965,0
1/6/2023 13:40,1.592783965,0
1/6/2023 13:55,1.492783965,0
1/6/2023 14:10,1.592783965,0
1/6/2023 14:25,1.692783965,0
1/6/2023 14:40,1.592783965,0
1/6/2023 14:55,1.492783965,0
1/6/2023 15:10,1.392783965,0
1/6/2023 15:25,1.292783965,0
1/6/2023 15:40,1.392783965,0
1/6/2023 15:55,1.292783965,0
1/6/2023 16:10,1.192783965,0
1/6/2023 16:25,1.292783965,0
1/6/2023 16:40,1.392783965,0
1/6/2023 16:55,1.292783965,0
1/6/2023 17:10,1.192783965,0
1/6/2023 17:25,1.292783965,0
1/6/2023 17:40,1.192783965,0
1/6/2023 17:55,1.292783965,0
1/6/2023 18:10,1.192783965,0
1/6/2023 18:25,1.092783965,0
1/6/2023 18:40,1.192783965,0
1/6/2023 18:55,1.292783965,0
1/6/2023 19:10,1.392783965,0
1/6/2023 19:25,1.292783965,0
1/6/2023 19:40,1.192783965,0
1/6/2023 19:55,1.292783965,0
1/6/2023 20:10,1.392783965,0
1/6/2023 20:25,1.492783965,0
1/6/2023 20:40,1.392783965,0
1/6/2023 20:55,1.292783965,0
1/6/2023 21:10,1.192783965,0
1/6/2023 21:25,1.292783965,0
1/6/2023 21:40,1.392783965,0
1/6/2023 21:55,1.492783965,0
1/6/2023 22:10,1.392783965,0
1/6/2023 22:25,1.492783965,0
1/6/2023 22:40,1.392783965,0
1/6/2023 22:55,1.492783965,0
1/6/2023 23:10,1.392783965,0
1/6/2023 23:25,1.492783965,0
1/6/2023 23:40,1.392783965,0
1/6/2023 23:55,1.492783965,0
1/7/2023 0:10,1.592783965,0
1/7/2023 0:25,1.692783965,0
1/7/2023 0:40,1.792783965,0
1/7/2023 0:55,1.892783965,0
1/7/2023 1:10,1.792783965,0
1/7/2023 1:25,1.692783965,0
1/7/2023 1:40,1.792783965,0
1/7/2023 1:55,1.892783965,0
1/7/2023 2:10,1.992783965,0
1/7/2023 2:25,1.092783965,0
1/7/2023 2:40,0.992783965,0
1/7/2023 2:55,1.092783965,0
1/7/2023 3:10,1.192783965,0
1/7/2023 3:25,1.292783965,0
1/7/2023 3:40,1.392783965,0
1/7/2023 3:55,1.492783965,0
1/7/2023 4:10,1.392783965,0
1/7/2023 4:25,1.492783965,0
1/7/2023 4:40,1.592783965,0
1/7/2023 4:55,1.492783965,0
1/7/2023 5:10,1.592783965,0
1/7/2023 5:25,1.692783965,0
1/7/2023 5:40,1.792783965,0
1/7/2023 5:55,1.692783965,0
1/7/2023 6:10,1.792783965,0
1/7/2023 6:25,1.692783965,0
1/7/2023 6:40,1.592783965,0
1/7/2023 6:55,1.492783965,0
1/7/2023 7:10,1.592783965,0
1/7/2023 7:25,1.492783965,0
1/7/2023 7:40,1.392783965,0
1/7/2023 7:55,1.292783965,0
1/7/2023 8:10,1.192783965,0
1/7/2023 8:25,1.292783965,0
1/7/2023 8:40,1.192783965,0
1/7/2023 8:55,1.092783965,0
1/7/2023 9:10,1.192783965,0
1/7/2023 9:25,1.292783965,0
1/7/2023 9:40,1.192783965,0
1/7/2023 9:55,1.092783965,0
1/7/2023 10:10,0.992783965,0
1/7/2023 10:25,0.892783965,0
1/7/2023 10:40,0.992783965,0
1/7/2023 10:55,0.892783965,0
1/7/2023 11:10,0.992783965,0
1/7/2023 11:25,0.892783965,0
1/7/2023 11:40,0.792783965,0
1/7/2023 11:55,0.892783965,0
1/7/2023 12:10,0.992783965,0
1/7/2023 12:25,1.092783965,0
1/7/2023 12:40,1.192783965,0
1/7/2023 12:55,1.292783965,0
1/7/2023 13:10,1.392783965,0
1/7/2023 13:25,1.292783965,0
1/7/2023 13:40,1.392783965,0
1/7/2023 13:55,1.492783965,0
1/7/2023 14:10,1.592783965,0
1/7/2023 14:25,1.692783965,0
1/7/2023 14:40,1.792783965,0
1/7/2023 14:55,1.892783965,0
1/7/2023 15:10,1.792783965,0
1/7/2023 15:25,1.692783965,0
1/7/2023 15:40,1.792783965,0
1/7/2023 15:55,1.692783965,0
1/7/2023 16:10,1.792783965,0
1/7/2023 16:25,1.692783965,0
1/7/2023 16:40,1.792783965,0
1/7/2023 16:55,1.692783965,0
1/7/2023 17:10,1.592783965,0
1/7/2023 17:25,1.492783965,0
1/7/2023 17:40,1.392783965,0
1/7/2023 17:55,1.492783965,0
1/7/2023 18:10,1.592783965,0
1/7/2023 18:25,1.492783965,0
1/7/2023 18:40,1.592783965,0
1/7/2023 18:55,1.692783965,0
1/7/2023 19:10,1.592783965,0
1/7/2023 19:25,1.692783965,0
1/7/2023 19:40,1.592783965,0
1/7/2023 19:55,1.492783965,0
1/7/2023 20:10,1.392783965,0
1/7/2023 20:25,1.292783965,0
1/7/2023 20:40,1.192783965,0
1/7/2023 20:55,1.092783965,0
1/7/2023 21:10,1.192783965,0
1/7/2023 21:25,1.292783965,0
1/7/2023 21:40,1.392783965,0
1/7/2023 21:55,1.492783965,0
1/7/2023 22:10,1.392783965,0
1/7/2023 22:25,1.292783965,0
1/7/2023 22:40,1.192783965,0
1/7/2023 22:55,1.292783965,0
1/7/2023 23:10,1.392783965,0
1/7/2023 23:25,1.492783965,0
1/7/2023 23:40,1.592783965,0
1/7/2023 23:55,1.492783965,0
1/8/2023 0:10,1.392783965,0
1/8/2023 0:25,1.292783965,0
1/8/2023 0:40,1.192783965,0
1/8/2023 0:55,1.092783965,0
1/8/2023 1:10,0.992783965,0
1/8/2023 1:25,1.092783965,0
1/8/2023 1:40,1.192783965,0
1/8/2023 1:55,1.292783965,0
1/8/2023 2:10,1.192783965,0
1/8/2023 2:25,1.292783965,0
1/8/2023 2:40,1.192783965,0
1/8/2023 2:55,1.292783965,0
1/8/2023 3:10,1.392783965,0
1/8/2023 3:25,1.292783965,0
1/8/2023 3:40,1.392783965,0
1/8/2023 3:55,1.492783965,0
1/8/2023 4:10,1.392783965,0
1/8/2023 4:25,1.292783965,0
1/8/2023 4:40,1.392783965,0
1/8/2023 4:55,1.492783965,0
1/8/2023 5:10,1.392783965,0
1/8/2023 5:25,1.292783965,0
1/8/2023 5:40,1.192783965,0
1/8/2023 5:55,1.092783965,0
1/8/2023 6:10,0.992783965,0
1/8/2023 6:25,0.892783965,0
1/8/2023 6:40,0.792783965,0
1/8/2023 6:55,0.892783965,0
1/8/2023 7:10,0.992783965,0
1/8/2023 7:25,0.892783965,0
1/8/2023 7:40,0.992783965,0
1/8/2023 7:55,1.092783965,0
1/8/2023 8:10,0.992783965,0
1/8/2023 8:25,0.892783965,0
1/8/2023 8:40,0.792783965,0
1/8/2023 8:55,0.892783965,0
1/8/2023 9:10,0.792783965,0
1/8/2023 9:25,0.692783965,0
1/8/2023 9:40,0.592783965,0
1/8/2023 9:55,0.492783965,0
1/8/2023 10:10,0.392783965,0
1/8/2023 10:25,0.292783965,0
1/8/2023 10:40,0.192783965,0
1/8/2023 10:55,0.092783965,0
1/8/2023 11:10,0.992783965,0
1/8/2023 11:25,0.892783965,0
1/8/2023 11:40,0.992783965,0
1/8/2023 11:55,1.092783965,0
1/8/2023 12:10,0.992783965,0
1/8/2023 12:25,0.892783965,0
1/8/2023 12:40,0.992783965,0
1/8/2023 12:55,0.892783965,0
1/8/2023 13:10,0.792783965,0
1/8/2023 13:25,0.892783965,0
1/8/2023 13:40,0.792783965,0
1/8/2023 13:55,0.692783965,0
1/8/2023 14:10,0.592783965,0
1/8/2023 14:25,0.492783965,0
1/8/2023 14:40,0.392783965,0
1/8/2023 14:55,0.492783965,0
1/8/2023 15:10,0.592783965,0
1/8/2023 15:25,0.492783965,0
1/8/2023 15:40,0.592783965,0
1/8/2023 15:55,0.492783965,0
1/8/2023 16:10,0.592783965,0
1/8/2023 16:25,0.492783965,0
1/8/2023 16:40,0.392783965,0
1/8/2023 16:55,0.492783965,0
1/8/2023 17:10,0.592783965,0
1/8/2023 17:25,0.492783965,0
1/8/2023 17:40,0.592783965,0
1/8/2023 17:55,0.492783965,0
1/8/2023 18:10,0.392783965,0
1/8/2023 18:25,0.492783965,0
1/8/2023 18:40,0.592783965,0
1/8/2023 18:55,0.492783965,0
1/8/2023 19:10,0.392783965,0
1/8/2023 19:25,0.492783965,0
1/8/2023 19:40,0.592783965,0
1/8/2023 19:55,0.692783965,0
1/8/2023 20:10,0.592783965,0
1/8/2023 20:25,0.492783965,0
1/8/2023 20:40,0.592783965,0
1/8/2023 20:55,0.492783965,0
1/8/2023 21:10,0.592783965,0
1/8/2023 21:25,0.692783965,0
1/8/2023 21:40,0.592783965,52
1/8/2023 21:55,0.492783965,51
1/8/2023 22:10,0.392783965,52
1/8/2023 22:25,0.492783965,51
1/8/2023 22:40,0.592783965,50
1/8/2023 22:55,0.492783965,51
1/8/2023 23:10,0.592783965,50
1/8/2023 23:25,0.692783965,51
1/8/2023 23:40,0.792783965,52
1/8/2023 23:55,0.692783965,53
1/9/2023 0:10,0.592783965,54
1/9/2023 0:25,0.492783965,53
1/9/2023 0:40,0.592783965,52
1/9/2023 0:55,0.692783965,51
1/9/2023 1:10,0.792783965,50
1/9/2023 1:25,0.692783965,49
1/9/2023 1:40,0.592783965,48
1/9/2023 1:55,0.492783965,47
1/9/2023 2:10,0.392783965,46
1/9/2023 2:25,0.492783965,47
1/9/2023 2:40,0.592783965,48
1/9/2023 2:55,0.692783965,49
1/9/2023 3:10,0.592783965,48
1/9/2023 3:25,0.492783965,47
1/9/2023 3:40,0.392783965,48
1/9/2023 3:55,0.492783965,47
1/9/2023 4:10,0.592783965,46
1/9/2023 4:25,0.492783965,45
1/9/2023 4:40,0.392783965,46
1/9/2023 4:55,0.292783965,47
1/9/2023 5:10,0.192783965,46
1/9/2023 5:25,0.092783965,45
1/9/2023 5:40,0.192783965,44
1/9/2023 5:55,0.092783965,43
1/9/2023 6:10,0.192783965,42
1/9/2023 6:25,0.092783965,41
1/9/2023 6:40,0.992783965,42
1/9/2023 6:55,1.092783965,43
1/9/2023 7:10,1.192783965,44
1/9/2023 7:25,1.292783965,43
1/9/2023 7:40,1.192783965,42
1/9/2023 7:55,1.092783965,41
1/9/2023 8:10,1.192783965,42
1/9/2023 8:25,1.292783965,43
1/9/2023 8:40,1.392783965,44
1/9/2023 8:55,1.292783965,43
1/9/2023 9:10,1.392783965,42
1/9/2023 9:25,1.492783965,41
1/9/2023 9:40,1.392783965,40
1/9/2023 9:55,1.492783965,39
1/9/2023 10:10,1.592783965,40
1/9/2023 10:25,1.692783965,39
1/9/2023 10:40,1.792783965,38
1/9/2023 10:55,1.692783965,37
1/9/2023 11:10,1.792783965,38
1/9/2023 11:25,1.692783965,39
1/9/2023 11:40,1.792783965,38
1/9/2023 11:55,1.692783965,37
1/9/2023 12:10,1.592783965,38
1/9/2023 12:25,1.692783965,39
1/9/2023 12:40,1.792783965,38
1/9/2023 12:55,1.692783965,39
1/9/2023 13:10,1.792783965,40
1/9/2023 13:25,1.692783965,41
1/9/2023 13:40,1.592783965,40
1/9/2023 13:55,1.692783965,39
1/9/2023 14:10,1.792783965,38
1/9/2023 14:25,1.892783965,39
1/9/2023 14:40,1.792783965,40
1/9/2023 14:55,1.892783965,41
1/9/2023 15:10,1.792783965,40
1/9/2023 15:25,1.692783965,41
1/9/2023 15:40,1.792783965,40
1/9/2023 15:55,1.692783965,41
1/9/2023 16:10,1.592783965,42
1/9/2023 16:25,1.692783965,43
1/9/2023 16:40,1.592783965,44
1/9/2023 16:55,1.692783965,43
1/9/2023 17:10,1.592783965,42
1/9/2023 17:25,1.492783965,43
1/9/2023 17:40,1.392783965,42
1/9/2023 17:55,1.292783965,43
1/9/2023 18:10,1.192783965,44
1/9/2023 18:25,1.092783965,45
1/9/2023 18:40,1.192783965,44
1/9/2023 18:55,1.292783965,43
1/9/2023 19:10,1.392783965,44
1/9/2023 19:25,1.292783965,43
1/9/2023 19:40,1.392783965,42
1/9/2023 19:55,1.492783965,43
1/9/2023 20:10,1.392783965,42
1/9/2023 20:25,1.292783965,41
1/9/2023 20:40,1.392783965,42
1/9/2023 20:55,1.292783965,43
1/9/2023 21:10,1.192783965,44
1/9/2023 21:25,1.292783965,43
1/9/2023 21:40,1.392783965,44
1/9/2023 21:55,1.292783965,45
1/9/2023 22:10,1.392783965,44
1/9/2023 22:25,1.292783965,45
1/9/2023 22:40,1.392783965,44
1/9/2023 22:55,1.292783965,43
1/9/2023 23:10,1.192783965,44
1/9/2023 23:25,1.092783965,43
1/9/2023 23:40,1.192783965,42
1/9/2023 23:55,1.292783965,41
1/10/2023 0:10,1.192783965,40
1/10/2023 0:25,1.292783965,39
1/10/2023 0:40,1.392783965,40
1/10/2023 0:55,1.492783965,39
1/10/2023 1:10,1.392783965,38
1/10/2023 1:25,1.492783965,37
1/10/2023 1:40,1.592783965,38
1/10/2023 1:55,1.692783965,39
1/10/2023 2:10,1.592783965,40
1/10/2023 2:25,1.492783965,39
1/10/2023 2:40,1.592783965,40
1/10/2023 2:55,1.692783965,41
1/10/2023 3:10,1.592783965,42
1/10/2023 3:25,1.692783965,43
1/10/2023 3:40,1.792783965,44
1/10/2023 3:55,1.892783965,43
1/10/2023 4:10,1.992783965,44
1/10/2023 4:25,1.892783965,43
1/10/2023 4:40,1.792783965,42
1/10/2023 4:55,1.692783965,41
1/10/2023 5:10,1.592783965,40
1/10/2023 5:25,1.492783965,39
1/10/2023 5:40,1.392783965,40
1/10/2023 5:55,1.292783965,41
1/10/2023 6:10,1.392783965,42
1/10/2023 6:25,1.292783965,43
1/10/2023 6:40,1.192783965,44
1/10/2023 6:55,1.092783965,45
1/10/2023 7:10,0.992783965,46
1/10/2023 7:25,0.892783965,47
1/10/2023 7:40,0.992783965,46
1/10/2023 7:55,0.892783965,45
1/10/2023 8:10,0.792783965,44
1/10/2023 8:25,0.692783965,45
1/10/2023 8:40,0.792783965,44
1/10/2023 8:55,0.692783965,45
1/10/2023 9:10,0.592783965,44
1/10/2023 9:25,0.692783965,43
1/10/2023 9:40,0.592783965,42
1/10/2023 9:55,0.492783965,41
1/10/2023 10:10,0.592783965,40
1/10/2023 10:25,0.692783965,41
1/10/2023 10:40,0.792783965,40
1/10/2023 10:55,0.892783965,41
1/10/2023 11:10,0.792783965,42
1/10/2023 11:25,0.692783965,41
1/10/2023 11:40,0.792783965,42
1/10/2023 11:55,0.892783965,41
1/10/2023 12:10,0.792783965,40
1/10/2023 12:25,0.892783965,41
1/10/2023 12:40,0.792783965,40
1/10/2023 12:55,0.892783965,41
1/10/2023 13:10,0.792783965,40
1/10/2023 13:25,0.692783965,39
1/10/2023 13:40,0.792783965,40
1/10/2023 13:55,0.892783965,39
1/10/2023 14:10,0.792783965,40
1/10/2023 14:25,0.692783965,39
1/10/2023 14:40,0.592783965,38
1/10/2023 14:55,0.492783965,39
1/10/2023 15:10,0.392783965,38
1/10/2023 15:25,0.292783965,37
1/10/2023 15:40,0.192783965,38
1/10/2023 15:55,0.092783965,37
1/10/2023 16:10,0.192783965,36
1/10/2023 16:25,0.292783965,35
1/10/2023 16:40,0.192783965,36
1/10/2023 16:55,0.092783965,35
1/10/2023 17:10,0.992783965,34
1/10/2023 17:25,0.892783965,35
1/10/2023 17:40,0.792783965,36
1/10/2023 17:55,0.692783965,35
1/10/2023 18:10,0.592783965,36
1/10/2023 18:25,0.692783965,35
1/10/2023 18:40,0.792783965,34
1/10/2023 18:55,0.892783965,33
1/10/2023 19:10,0.792783965,32
1/10/2023 19:25,0.892783965,31
1/10/2023 19:40,0.792783965,32
1/10/2023 19:55,0.892783965,33
1/10/2023 20:10,0.792783965,32
1/10/2023 20:25,0.892783965,31
1/10/2023 20:40,0.992783965,32
1/10/2023 20:55,1.092783965,33
1/10/2023 21:10,0.992783965,34
1/10/2023 21:25,1.092783965,33
1/10/2023 21:40,0.992783965,32
1/10/2023 21:55,0.892783965,31
1/10/2023 22:10,0.792783965,32
1/10/2023 22:25,0.692783965,31
1/10/2023 22:40,0.792783965,32
1/10/2023 22:55,0.892783965,33
1/10/2023 23:10,0.992783965,34
1/10/2023 23:25,0.892783965,33
1/10/2023 23:40,0.792783965,32
1/10/2023 23:55,0.892783965,31
1/11/2023 0:10,0.992783965,32
1/11/2023 0:25,1.092783965,33
1/11/2023 0:40,1.192783965,32
1/11/2023 0:55,1.092783965,33
1/11/2023 1:10,1.192783965,32
1/11/2023 1:25,1.292783965,33
1/11/2023 1:40,1.192783965,34
1/11/2023 1:55,1.292783965,35
1/11/2023 2:10,1.392783965,34
1/11/2023 2:25,1.492783965,35
1/11/2023 2:40,1.392783965,36
1/11/2023 2:55,1.492783965,37
1/11/2023 3:10,1.392783965,36
1/11/2023 3:25,1.492783965,35
1/11/2023 3:40,1.392783965,36
1/11/2023 3:55,1.492783965,37
1/11/2023 4:10,1.592783965,38
1/11/2023 4:25,1.492783965,39
1/11/2023 4:40,1.392783965,40
1/11/2023 4:55,1.292783965,41
1/11/2023 5:10,1.392783965,40
1/11/2023 5:25,1.292783965,41
1/11/2023 5:40,1.392783965,40
1/11/2023 5:55,1.292783965,39
1/11/2023 6:10,1.192783965,40
1/11/2023 6:25,1.292783965,39
1/11/2023 6:40,1.392783965,38
1/11/2023 6:55,1.492783965,37
1/11/2023 7:10,1.592783965,36
1/11/2023 7:25,1.692783965,35
1/11/2023 7:40,1.592783965,36
1/11/2023 7:55,1.692783965,35
1/11/2023 8:10,1.592783965,34
1/11/2023 8:25,1.492783965,33
1/11/2023 8:40,1.592783965,34
1/11/2023 8:55,1.692783965,35
1/11/2023 9:10,1.792783965,36
1/11/2023 9:25,1.892783965,35
1/11/2023 9:40,1.792783965,36
1/11/2023 9:55,1.892783965,37
1/11/2023 10:10,1.792783965,36
1/11/2023 10:25,1.692783965,35
1/11/2023 10:40,1.592783965,36
1/11/2023 10:55,1.492783965,35
1/11/2023 11:10,1.592783965,36
1/11/2023 11:25,1.692783965,37
1/11/2023 11:40,1.592783965,36
1/11/2023 11:55,1.492783965,35
1/11/2023 12:10,1.392783965,34
1/11/2023 12:25,1.292783965,33
1/11/2023 12:40,1.392783965,34
1/11/2023 12:55,1.492783965,35
1/11/2023 13:10,1.392783965,34
1/11/2023 13:25,1.292783965,33
1/11/2023 13:40,1.192783965,34
1/11/2023 13:55,1.292783965,33
1/11/2023 14:10,1.192783965,32
1/11/2023 14:25,1.292783965,31
1/11/2023 14:40,1.192783965,32
1/11/2023 14:55,1.092783965,33
1/11/2023 15:10,1.192783965,32
1/11/2023 15:25,1.092783965,31
1/11/2023 15:40,1.192783965,32
1/11/2023 15:55,1.292783965,31
1/11/2023 16:10,1.192783965,32
1/11/2023 16:25,1.092783965,31
1/11/2023 16:40,1.192783965,32
1/11/2023 16:55,1.292783965,31
1/11/2023 17:10,1.392783965,32
1/11/2023 17:25,1.292783965,33
1/11/2023 17:40,1.392783965,34
1/11/2023 17:55,1.292783965,33
1/11/2023 18:10,1.392783965,34
1/11/2023 18:25,1.492783965,35
1/11/2023 18:40,1.592783965,34
1/11/2023 18:55,1.492783965,33
1/11/2023 19:10,1.592783965,34
1/11/2023 19:25,1.492783965,33
1/11/2023 19:40,1.592783965,32
1/11/2023 19:55,1.692783965,31
1/11/2023 20:10,1.592783965,30
1/11/2023 20:25,1.492783965,29
1/11/2023 20:40,1.392783965,30
1/11/2023 20:55,1.292783965,29
1/11/2023 21:10,1.392783965,28
1/11/2023 21:25,1.492783965,27
1/11/2023 21:40,1.592783965,28
1/11/2023 21:55,1.692783965,29
1/11/2023 22:10,1.592783965,30
1/11/2023 22:25,1.692783965,31
1/11/2023 22:40,1.592783965,30
1/11/2023 22:55,1.492783965,29
1/11/2023 23:10,1.392783965,28
1/11/2023 23:25,1.292783965,29
1/11/2023 23:40,1.392783965,30
1/11/2023 23:55,1.292783965,31
1/12/2023 0:10,1.192783965,30
1/12/2023 0:25,1.092783965,29
1/12/2023 0:40,0.992783965,28
1/12/2023 0:55,1.092783965,27
1/12/2023 1:10,1.192783965,28
1/12/2023 1:25,1.092783965,29
1/12/2023 1:40,1.192783965,30
1/12/2023 1:55,1.092783965,31
1/12/2023 2:10,1.192783965,32
1/12/2023 2:25,1.092783965,33
1/12/2023 2:40,1.192783965,34
1/12/2023 2:55,1.292783965,35
1/12/2023 3:10,1.392783965,36
1/12/2023 3:25,1.292783965,37
1/12/2023 3:40,1.392783965,36
1/12/2023 3:55,1.492783965,37
1/12/2023 4:10,1.392783965,36
1/12/2023 4:25,1.292783965,37
1/12/2023 4:40,1.192783965,36
1/12/2023 4:55,1.092783965,37
1/12/2023 5:10,1.192783965,38
1/12/2023 5:25,1.092783965,39
1/12/2023 5:40,1.192783965,40
1/12/2023 5:55,1.092783965,39
1/12/2023 6:10,0.992783965,38
1/12/2023 6:25,1.092783965,37
1/12/2023 6:40,1.192783965,38
1/12/2023 6:55,1.092783965,39
1/12/2023 7:10,0.992783965,38
1/12/2023 7:25,0.892783965,39
1/12/2023 7:40,0.792783965,38
1/12/2023 7:55,0.692783965,39
1/12/2023 8:10,0.792783965,40
1/12/2023 8:25,0.892783965,41
1/12/2023 8:40,0.992783965,40
1/12/2023 8:55,0.892783965,39
1/12/2023 9:10,0.992783965,38
1/12/2023 9:25,1.092783965,37
1/12/2023 9:40,1.192783965,38
1/12/2023 9:55,1.292783965,37
1/12/2023 10:10,1.192783965,38
1/12/2023 10:25,1.292783965,39
1/12/2023 10:40,1.192783965,40
1/12/2023 10:55,1.292783965,41
1/12/2023 11:10,1.192783965,40
1/12/2023 11:25,1.092783965,41
1/12/2023 11:40,0.992783965,42
1/12/2023 11:55,0.892783965,41
1/12/2023 12:10,0.792783965,42
1/12/2023 12:25,0.692783965,41
1/12/2023 12:40,0.592783965,40
1/12/2023 12:55,0.492783965,41
1/12/2023 13:10,0.392783965,40
1/12/2023 13:25,0.492783965,39
1/12/2023 13:40,0.392783965,40
1/12/2023 13:55,0.492783965,39
1/12/2023 14:10,0.392783965,40
1/12/2023 14:25,0.492783965,41
1/12/2023 14:40,0.392783965,40
1/12/2023 14:55,0.492783965,41
1/12/2023 15:10,0.592783965,40
1/12/2023 15:25,0.692783965,41
1/12/2023 15:40,0.792783965,42
1/12/2023 15:55,0.892783965,41
1/12/2023 16:10,0.792783965,42
1/12/2023 16:25,0.692783965,43
1/12/2023 16:40,0.792783965,42
1/12/2023 16:55,0.692783965,43
1/12/2023 17:10,0.792783965,42
1/12/2023 17:25,0.692783965,43
1/12/2023 17:40,0.792783965,44
1/12/2023 17:55,0.692783965,45
1/12/2023 18:10,0.592783965,46
1/12/2023 18:25,0.692783965,47
1/12/2023 18:40,0.792783965,48
1/12/2023 18:55,0.692783965,49
1/12/2023 19:10,0.792783965,48
1/12/2023 19:25,0.892783965,49
1/12/2023 19:40,0.792783965,48
1/12/2023 19:55,0.692783965,49
1/12/2023 20:10,0.792783965,50
1/12/2023 20:25,0.692783965,51
1/12/2023 20:40,0.792783965,52
1/12/2023 20:55,0.692783965,51
1/12/2023 21:10,0.792783965,52
1/12/2023 21:25,0.692783965,53
1/12/2023 21:40,0.792783965,54
1/12/2023 21:55,0.692783965,53
1/12/2023 22:10,0.592783965,54
1/12/2023 22:25,0.692783965,53
1/12/2023 22:40,0.592783965,52
1/12/2023 22:55,0.492783965,53
1/12/2023 23:10,0.592783965,54
1/12/2023 23:25,0.492783965,55
1/12/2023 23:40,0.592783965,56
1/12/2023 23:55,0.492783965,55
1/13/2023 0:10,0.592783965,54
1/13/2023 0:25,0.692783965,53
1/13/2023 0:40,0.592783965,52
1/13/2023 0:55,0.492783965,53
1/13/2023 1:10,0.392783965,54
1/13/2023 1:25,0.492783965,53
1/13/2023 1:40,0.592783965,52
1/13/2023 1:55,0.492783965,51
1/13/2023 2:10,0.592783965,52
1/13/2023 2:25,0.692783965,51
1/13/2023 2:40,0.792783965,50
1/13/2023 2:55,0.692783965,49
1/13/2023 3:10,0.792783965,48
1/13/2023 3:25,0.692783965,47
1/13/2023 3:40,0.592783965,48
1/13/2023 3:55,0.492783965,49
1/13/2023 4:10,0.592783965,50
1/13/2023 4:25,0.692783965,49
1/13/2023 4:40,0.792783965,48
1/13/2023 4:55,0.692783965,47
1/13/2023 5:10,0.792783965,48
1/13/2023 5:25,0.692783965,49
1/13/2023 5:40,0.592783965,50
1/13/2023 5:55,0.492783965,49
1/13/2023 6:10,0.392783965,50
1/13/2023 6:25,0.292783965,49
1/13/2023 6:40,0.192783965,48
1/13/2023 6:55,0.092783965,47
1/13/2023 7:10,0.992783965,46
1/13/2023 7:25,1.092783965,47
1/13/2023 7:40,1.192783965,46
1/13/2023 7:55,1.092783965,47
1/13/2023 8:10,1.192783965,46
1/13/2023 8:25,1.092783965,45
1/13/2023 8:40,1.192783965,46
1/13/2023 8:55,1.292783965,47
1/13/2023 9:10,1.192783965,48
1/13/2023 9:25,1.292783965,47
1/13/2023 9:40,1.392783965,48
1/13/2023 9:55,1.492783965,49
1/13/2023 10:10,1.392783965,48
1/13/2023 10:25,1.492783965,47
1/13/2023 10:40,1.592783965,48
1/13/2023 10:55,1.492783965,49
1/13/2023 11:10,1.392783965,48
1/13/2023 11:25,1.492783965,49
1/13/2023 11:40,1.392783965,50
1/13/2023 11:55,1.492783965,49
1/13/2023 12:10,1.592783965,48
1/13/2023 12:25,1.492783965,49
1/13/2023 12:40,1.592783965,50
1/13/2023 12:55,1.492783965,49
1/13/2023 13:10,1.592783965,48
1/13/2023 13:25,1.692783965,47
1/13/2023 13:40,1.792783965,48
1/13/2023 13:55,1.692783965,47
1/13/2023 14:10,1.792783965,48
1/13/2023 14:25,1.892783965,49
1/13/2023 14:40,1.792783965,50
1/13/2023 14:55,1.892783965,51
1/13/2023 15:10,1.792783965,50
1/13/2023 15:25,1.692783965,51
1/13/2023 15:40,1.592783965,50
1/13/2023 15:55,1.692783965,0
1/13/2023 16:10,1.792783965,0
1/13/2023 16:25,1.892783965,0
1/13/2023 16:40,1.992783965,0
1/13/2023 16:55,1.092783965,0
1/13/2023 17:10,1.192783965,0
1/13/2023 17:25,1.292783965,0
1/13/2023 17:40,1.392783965,0
1/13/2023 17:55,1.292783965,0
1/13/2023 18:10,1.192783965,0
1/13/2023 18:25,1.092783965,0
1/13/2023 18:40,1.192783965,0
1/13/2023 18:55,1.092783965,0
1/13/2023 19:10,1.192783965,0
1/13/2023 19:25,1.092783965,0
1/13/2023 19:40,1.192783965,0
1/13/2023 19:55,1.092783965,0
1/13/2023 20:10,1.192783965,0
1/13/2023 20:25,1.092783965,0
1/13/2023 20:40,0.992783965,0
1/13/2023 20:55,0.892783965,0
1/13/2023 21:10,0.992783965,0
1/13/2023 21:25,1.092783965,0
1/13/2023 21:40,0.992783965,0
1/13/2023 21:55,1.092783965,0
1/13/2023 22:10,0.992783965,0
1/13/2023 22:25,0.892783965,0
1/13/2023 22:40,0.792783965,0
1/13/2023 22:55,0.692783965,0
1/13/2023 23:10,0.792783965,0
1/13/2023 23:25,0.692783965,0
1/13/2023 23:40,0.592783965,0
1/13/2023 23:55,0.492783965,0
1/14/2023 0:10,0.392783965,0
1/14/2023 0:25,0.292783965,0
1/14/2023 0:40,0.392783965,0
1/14/2023 0:55,0.492783965,0
1/14/2023 1:10,0.392783965,0
1/14/2023 1:25,0.292783965,0
1/14/2023 1:40,0.392783965,0
1/14/2023 1:55,0.492783965,0
1/14/2023 2:10,0.392783965,0
1/14/2023 2:25,0.292783965,0
1/14/2023 2:40,0.192783965,0
1/14/2023 2:55,0.292783965,0
1/14/2023 3:10,0.392783965,0
1/14/2023 3:25,0.492783965,0
1/14/2023 3:40,0.592783965,0
1/14/2023 3:55,0.492783965,0
1/14/2023 4:10,0.592783965,0
1/14/2023 4:25,0.692783965,0
1/14/2023 4:40,0.592783965,0
1/14/2023 4:55,0.692783965,0
1/14/2023 5:10,0.792783965,0
1/14/2023 5:25,0.692783965,0
1/14/2023 5:40,0.592783965,0
1/14/2023 5:55,0.692783965,0
1/14/2023 6:10,0.592783965,0
1/14/2023 6:25,0.692783965,0
1/14/2023 6:40,0.592783965,0
1/14/2023 6:55,0.692783965,0
1/14/2023 7:10,0.792783965,0
1/14/2023 7:25,0.692783965,0
1/14/2023 7:40,0.792783965,0
1/14/2023 7:55,0.892783965,0
1/14/2023 8:10,0.992783965,0
1/14/2023 8:25,1.092783965,0
1/14/2023 8:40,0.992783965,0
1/14/2023 8:55,0.892783965,0
1/14/2023 9:10,0.992783965,0
1/14/2023 9:25,0.892783965,0
1/14/2023 9:40,0.792783965,0
1/14/2023 9:55,0.692783965,0
1/14/2023 10:10,0.792783965,0
1/14/2023 10:25,0.892783965,0
1/14/2023 10:40,0.792783965,0
1/14/2023 10:55,0.892783965,0
1/14/2023 11:10,0.792783965,0
1/14/2023 11:25,0.692783965,0
1/14/2023 11:40,0.792783965,0
1/14/2023 11:55,0.692783965,0
1/14/2023 12:10,0.792783965,0
1/14/2023 12:25,0.892783965,0
1/14/2023 12:40,0.792783965,0
1/14/2023 12:55,0.692783965,0
1/14/2023 13:10,0.792783965,0
1/14/2023 13:25,0.892783965,0
1/14/2023 13:40,0.792783965,0
1/14/2023 13:55,0.892783965,0
1/14/2023 14:10,0.792783965,0
1/14/2023 14:25,0.692783965,0
1/14/2023 14:40,0.792783965,0
1/14/2023 14:55,0.692783965,0
1/14/2023 15:10,0.592783965,0
1/14/2023 15:25,0.692783965,0
1/14/2023 15:40,0.592783965,0
1/14/2023 15:55,0.692783965,0
1/14/2023 16:10,0.592783965,0
1/14/2023 16:25,0.692783965,0
1/14/2023 16:40,0.592783965,0
1/14/2023 16:55,0.492783965,0
1/14/2023 17:10,0.592783965,0
1/14/2023 17:25,0.692783965,0
1/14/2023 17:40,0.592783965,0
1/14/2023 17:55,0.692783965,0
1/14/2023 18:10,0.792783965,0
1/14/2023 18:25,0.692783965,0
1/14/2023 18:40,0.792783965,0
1/14/2023 18:55,0.692783965,0
1/14/2023 19:10,0.592783965,0
1/14/2023 19:25,0.492783965,0
1/14/2023 19:40,0.592783965,0
1/14/2023 19:55,0.492783965,0
1/14/2023 20:10,0.592783965,0
1/14/2023 20:25,0.492783965,0
1/14/2023 20:40,0.592783965,0
1/14/2023 20:55,0.492783965,0
1/14/2023 21:10,0.592783965,0
1/14/2023 21:25,0.492783965,0
1/14/2023 21:40,0.592783965,0
1/14/2023 21:55,0.492783965,0
1/14/2023 22:10,0.392783965,0
1/14/2023 22:25,0.292783965,0
1/14/2023 22:40,0.192783965,0
1/14/2023 22:55,0.092783965,0
1/14/2023 23:10,0.192783965,0
1/14/2023 23:25,0.292783965,0
1/14/2023 23:40,0.192783965,0
1/14/2023 23:55,0.092783965,0
1/15/2023 0:10,0.192783965,0
1/15/2023 0:25,0.092783965,0
1/15/2023 0:40,0.992783965,0
1/15/2023 0:55,0.892783965,0
1/15/2023 1:10,0.992783965,0
1/15/2023 1:25,1.092783965,0
1/15/2023 1:40,0.992783965,0
1/15/2023 1:55,1.092783965,0
1/15/2023 2:10,1.192783965,0
1/15/2023 2:25,1.092783965,0
1/15/2023 2:40,0.992783965,0
1/15/2023 2:55,0.892783965,0
1/15/2023 3:10,0.992783965,0
1/15/2023 3:25,0.892783965,0
1/15/2023 3:40,0.992783965,0
1/15/2023 3:55,0.892783965,0
1/15/2023 4:10,0.792783965,0
1/15/2023 4:25,0.892783965,0
1/15/2023 4:40,0.792783965,0
1/15/2023 4:55,0.892783965,0
1/15/2023 5:10,0.792783965,0
1/15/2023 5:25,0.692783965,0
1/15/2023 5:40,0.792783965,0
1/15/2023 5:55,0.892783965,0
1/15/2023 6:10,0.992783965,0
1/15/2023 6:25,1.092783965,0
1/15/2023 6:40,0.992783965,0
1/15/2023 6:55,1.092783965,0
1/15/2023 7:10,0.992783965,0
1/15/2023 7:25,1.092783965,0
1/15/2023 7:40,1.192783965,0
1/15/2023 7:55,1.292783965,0
1/15/2023 8:10,1.392783965,0
1/15/2023 8:25,1.292783965,0
1/15/2023 8:40,1.192783965,0
1/15/2023 8:55,1.292783965,0
1/15/2023 9:10,1.192783965,0
1/15/2023 9:25,1.092783965,0
1/15/2023 9:40,0.992783965,0
1/15/2023 9:55,0.892783965,0
1/15/2023 10:10,0.992783965,0
1/15/2023 10:25,1.092783965,0
1/15/2023 10:40,0.992783965,0
1/15/2023 10:55,1.092783965,0
1/15/2023 11:10,1.192783965,0
1/15/2023 11:25,1.292783965,0
1/15/2023 11:40,1.392783965,0
1/15/2023 11:55,1.292783965,0
1/15/2023 12:10,1.392783965,0
1/15/2023 12:25,1.292783965,0
1/15/2023 12:40,1.392783965,0
1/15/2023 12:55,1.292783965,0
1/15/2023 13:10,1.392783965,0
1/15/2023 13:25,1.292783965,0
1/15/2023 13:40,1.392783965,0
1/15/2023 13:55,1.492783965,0
1/15/2023 14:10,1.392783965,0
1/15/2023 14:25,1.492783965,0
1/15/2023 14:40,1.592783965,0
1/15/2023 14:55,1.692783965,0
1/15/2023 15:10,1.592783965,0
1/15/2023 15:25,1.492783965,0
1/15/2023 15:40,1.592783965,0
1/15/2023 15:55,1.492783965,0
1/15/2023 16:10,1.592783965,0
1/15/2023 16:25,1.692783965,0
1/15/2023 16:40,1.592783965,0
1/15/2023 16:55,1.692783965,0
1/15/2023 17:10,1.792783965,0
1/15/2023 17:25,1.892783965,0
1/15/2023 17:40,1.792783965,0
1/15/2023 17:55,1.692783965,0
1/15/2023 18:10,1.792783965,0
1/15/2023 18:25,1.692783965,0
1/15/2023 18:40,1.592783965,0
1/15/2023 18:55,1.692783965,0
1/15/2023 19:10,1.592783965,0
1/15/2023 19:25,1.492783965,0
1/15/2023 19:40,1.592783965,0
1/15/2023 19:55,1.492783965,0
1/15/2023 20:10,1.592783965,0
1/15/2023 20:25,1.692783965,0
1/15/2023 20:40,1.792783965,0
1/15/2023 20:55,1.892783965,0
1/15/2023 21:10,1.992783965,14
1/15/2023 21:25,1.092783965,15
1/15/2023 21:40,1.192783965,16
1/15/2023 21:55,1.092783965,17
1/15/2023 22:10,1.192783965,18
1/15/2023 22:25,1.092783965,19
1/15/2023 22:40,1.192783965,20
1/15/2023 22:55,1.092783965,21
1/15/2023 23:10,0.992783965,22
1/15/2023 23:25,1.092783965,21
1/15/2023 23:40,1.192783965,20
1/15/2023 23:55,1.092783965,21
1/16/2023 0:10,1.192783965,22
1/16/2023 0:25,1.092783965,21
1/16/2023 0:40,0.992783965,20
1/16/2023 0:55,1.092783965,21
1/16/2023 1:10,0.992783965,20
1/16/2023 1:25,1.092783965,21
1/16/2023 1:40,0.992783965,22
1/16/2023 1:55,0.892783965,23
1/16/2023 2:10,0.992783965,24
1/16/2023 2:25,1.092783965,25
1/16/2023 2:40,1.192783965,24
1/16/2023 2:55,1.092783965,23
1/16/2023 3:10,0.992783965,24
1/16/2023 3:25,0.892783965,25
1/16/2023 3:40,0.792783965,26
1/16/2023 3:55,0.892783965,25
1/16/2023 4:10,0.792783965,24
1/16/2023 4:25,0.892783965,23
1/16/2023 4:40,0.792783965,24
1/16/2023 4:55,0.692783965,23
1/16/2023 5:10,0.592783965,24
1/16/2023 5:25,0.692783965,25
1/16/2023 5:40,0.592783965,24
1/16/2023 5:55,0.492783965,25
1/16/2023 6:10,0.592783965,26
1/16/2023 6:25,0.692783965,25
1/16/2023 6:40,0.592783965,26
1/16/2023 6:55,0.692783965,27
1/16/2023 7:10,0.592783965,26
1/16/2023 7:25,0.692783965,27
1/16/2023 7:40,0.592783965,26
1/16/2023 7:55,0.692783965,25
1/16/2023 8:10,0.592783965,26
1/16/2023 8:25,0.492783965,27
1/16/2023 8:40,0.592783965,26
1/16/2023 8:55,0.692783965,25
1/16/2023 9:10,0.792783965,24
1/16/2023 9:25,0.692783965,23
1/16/2023 9:40,0.592783965,24
1/16/2023 9:55,0.692783965,25
1/16/2023 10:10,0.592783965,26
1/16/2023 10:25,0.692783965,27
1/16/2023 10:40,0.792783965,26
1/16/2023 10:55,0.892783965,25
1/16/2023 11:10,0.792783965,26
1/16/2023 11:25,0.892783965,25
1/16/2023 11:40,0.992783965,26
1/16/2023 11:55,1.092783965,27
1/16/2023 12:10,0.992783965,28
1/16/2023 12:25,1.092783965,27
1/16/2023 12:40,0.992783965,26
1/16/2023 12:55,1.092783965,27
1/16/2023 13:10,1.192783965,26
1/16/2023 13:25,1.092783965,27
1/16/2023 13:40,0.992783965,28
1/16/2023 13:55,0.892783965,29
1/16/2023 14:10,0.992783965,30
1/16/2023 14:25,1.092783965,29
1/16/2023 14:40,1.192783965,28
1/16/2023 14:55,1.092783965,29
1/16/2023 15:10,0.992783965,28
1/16/2023 15:25,1.092783965,29
1/16/2023 15:40,0.992783965,28
1/16/2023 15:55,0.892783965,29
1/16/2023 16:10,0.992783965,28
1/16/2023 16:25,0.892783965,27
1/16/2023 16:40,0.992783965,26
1/16/2023 16:55,1.092783965,27
1/16/2023 17:10,1.192783965,26
1/16/2023 17:25,1.092783965,25
1/16/2023 17:40,1.192783965,26
1/16/2023 17:55,1.092783965,25
1/16/2023 18:10,1.192783965,24
1/16/2023 18:25,1.092783965,25
1/16/2023 18:40,1.192783965,24
1/16/2023 18:55,1.292783965,25
1/16/2023 19:10,1.192783965,26
1/16/2023 19:25,1.292783965,25
1/16/2023 19:40,1.392783965,26
1/16/2023 19:55,1.292783965,27
1/16/2023 20:10,1.192783965,26
1/16/2023 20:25,1.092783965,25
1/16/2023 20:40,1.192783965,24
1/16/2023 20:55,1.092783965,23
1/16/2023 21:10,0.992783965,22
1/16/2023 21:25,1.092783965,23
1/16/2023 21:40,1.192783965,22
1/16/2023 21:55,1.092783965,21
1/16/2023 22:10,1.192783965,20
1/16/2023 22:25,1.092783965,21
1/16/2023 22:40,0.992783965,22
1/16/2023 22:55,0.892783965,23
1/16/2023 23:10,0.792783965,22
1/16/2023 23:25,0.692783965,21
1/16/2023 23:40,0.792783965,20
1/16/2023 23:55,0.692783965,19
1/17/2023 0:10,0.792783965,20
1/17/2023 0:25,0.892783965,19
1/17/2023 0:40,0.792783965,20
1/17/2023 0:55,0.892783965,19
1/17/2023 1:10,0.992783965,18
1/17/2023 1:25,1.092783965,17
1/17/2023 1:40,1.192783965,16
1/17/2023 1:55,1.092783965,17
1/17/2023 2:10,0.992783965,18
1/17/2023 2:25,1.092783965,17
1/17/2023 2:40,0.992783965,16
1/17/2023 2:55,0.892783965,17
1/17/2023 3:10,0.992783965,18
1/17/2023 3:25,0.892783965,17
1/17/2023 3:40,0.792783965,16
1/17/2023 3:55,0.892783965,17
1/17/2023 4:10,0.992783965,16
1/17/2023 4:25,1.092783965,17
1/17/2023 4:40,1.192783965,18
1/17/2023 4:55,1.092783965,17
1/17/2023 5:10,0.992783965,16
1/17/2023 5:25,1.092783965,15
1/17/2023 5:40,1.192783965,16
1/17/2023 5:55,1.292783965,17
1/17/2023 6:10,1.392783965,16
1/17/2023 6:25,1.492783965,17
1/17/2023 6:40,1.592783965,16
1/17/2023 6:55,1.492783965,17
1/17/2023 7:10,1.592783965,18
1/17/2023 7:25,1.492783965,19
1/17/2023 7:40,1.592783965,18
1/17/2023 7:55,1.492783965,17
1/17/2023 8:10,1.592783965,16
1/17/2023 8:25,1.692783965,17
1/17/2023 8:40,1.792783965,16
1/17/2023 8:55,1.692783965,17
1/17/2023 9:10,1.592783965,18
1/17/2023 9:25,1.492783965,19
1/17/2023 9:40,1.592783965,18
1/17/2023 9:55,1.692783965,17
1/17/2023 10:10,1.792783965,18
1/17/2023 10:25,1.692783965,19
1/17/2023 10:40,1.792783965,20
1/17/2023 10:55,1.692783965,21
1/17/2023 11:10,1.792783965,22
1/17/2023 11:25,1.892783965,21
1/17/2023 11:40,1.792783965,20
1/17/2023 11:55,1.692783965,19
1/17/2023 12:10,1.592783965,18
1/17/2023 12:25,1.492783965,19
1/17/2023 12:40,1.392783965,20
1/17/2023 12:55,1.492783965,21
1/17/2023 13:10,1.392783965,20
1/17/2023 13:25,1.292783965,19
1/17/2023 13:40,1.192783965,20
1/17/2023 13:55,1.092783965,21
1/17/2023 14:10,1.192783965,22
1/17/2023 14:25,1.292783965,23
1/17/2023 14:40,1.192783965,22
1/17/2023 14:55,1.092783965,23
1/17/2023 15:10,1.192783965,22
1/17/2023 15:25,1.092783965,21
1/17/2023 15:40,1.192783965,22
1/17/2023 15:55,1.092783965,21
1/17/2023 16:10,0.992783965,22
1/17/2023 16:25,1.092783965,23
1/17/2023 16:40,0.992783965,24
1/17/2023 16:55,1.092783965,23
1/17/2023 17:10,1.192783965,24
1/17/2023 17:25,1.292783965,25
1/17/2023 17:40,1.192783965,26
1/17/2023 17:55,1.292783965,25
1/17/2023 18:10,1.192783965,24
1/17/2023 18:25,1.292783965,23
1/17/2023 18:40,1.192783965,22
1/17/2023 18:55,1.092783965,23
1/17/2023 19:10,0.992783965,24
1/17/2023 19:25,0.892783965,23
1/17/2023 19:40,0.992783965,24
1/17/2023 19:55,1.092783965,25
1/17/2023 20:10,0.992783965,26
1/17/2023 20:25,0.892783965,27
1/17/2023 20:40,0.992783965,28
1/17/2023 20:55,1.092783965,27
1/17/2023 21:10,0.992783965,28
1/17/2023 21:25,0.892783965,29
1/17/2023 21:40,0.792783965,30
1/17/2023 21:55,0.692783965,29
1/17/2023 22:10,0.792783965,30
1/17/2023 22:25,0.892783965,29
1/17/2023 22:40,0.792783965,28
1/17/2023 22:55,0.892783965,29
1/17/2023 23:10,0.792783965,28
1/17/2023 23:25,0.692783965,27
1/17/2023 23:40,0.792783965,28
1/17/2023 23:55,0.892783965,27
1/18/2023 0:10,0.992783965,28
1/18/2023 0:25,0.892783965,29
1/18/2023 0:40,0.792783965,30
1/18/2023 0:55,0.692783965,29
1/18/2023 1:10,0.592783965,30
1/18/2023 1:25,0.492783965,29
1/18/2023 1:40,0.592783965,28
1/18/2023 1:55,0.692783965,27
1/18/2023 2:10,0.592783965,28
1/18/2023 2:25,0.492783965,27
1/18/2023 2:40,0.392783965,26
1/18/2023 2:55,0.292783965,25
1/18/2023 3:10,0.392783965,24
1/18/2023 3:25,0.492783965,23
1/18/2023 3:40,0.392783965,24
1/18/2023 3:55,0.292783965,23
1/18/2023 4:10,0.392783965,22
1/18/2023 4:25,0.292783965,23
1/18/2023 4:40,0.192783965,24
1/18/2023 4:55,0.292783965,25
1/18/2023 5:10,0.392783965,26
1/18/2023 5:25,0.292783965,27
1/18/2023 5:40,0.392783965,28
1/18/2023 5:55,0.492783965,27
1/18/2023 6:10,0.592783965,26
1/18/2023 6:25,0.492783965,27
1/18/2023 6:40,0.592783965,26
1/18/2023 6:55,0.492783965,25
1/18/2023 7:10,0.592783965,26
1/18/2023 7:25,0.492783965,27
1/18/2023 7:40,0.392783965,28
1/18/2023 7:55,0.492783965,27
1/18/2023 8:10,0.392783965,26
1/18/2023 8:25,0.292783965,25
1/18/2023 8:40,0.392783965,24
1/18/2023 8:55,0.492783965,23
1/18/2023 9:10,0.592783965,22
1/18/2023 9:25,0.692783965,21
1/18/2023 9:40,0.592783965,22
1/18/2023 9:55,0.492783965,21
1/18/2023 10:10,0.592783965,20
1/18/2023 10:25,0.692783965,21
1/18/2023 10:40,0.792783965,20
1/18/2023 10:55,0.692783965,19
1/18/2023 11:10,0.792783965,18
1/18/2023 11:25,0.892783965,17
1/18/2023 11:40,0.992783965,16
1/18/2023 11:55,0.892783965,15
1/18/2023 12:10,0.992783965,16
1/18/2023 12:25,1.092783965,15
1/18/2023 12:40,1.192783965,14
1/18/2023 12:55,1.092783965,15
1/18/2023 13:10,0.992783965,16
1/18/2023 13:25,0.892783965,15
1/18/2023 13:40,0.792783965,14
1/18/2023 13:55,0.692783965,15
1/18/2023 14:10,0.592783965,14
1/18/2023 14:25,0.692783965,13
1/18/2023 14:40,0.792783965,14
1/18/2023 14:55,0.692783965,15
1/18/2023 15:10,0.792783965,16
1/18/2023 15:25,0.892783965,15
1/18/2023 15:40,0.992783965,16
1/18/2023 15:55,1.092783965,17
1/18/2023 16:10,1.192783965,16
1/18/2023 16:25,1.292783965,15
1/18/2023 16:40,1.192783965,16
1/18/2023 16:55,1.292783965,15
1/18/2023 17:10,1.392783965,16
1/18/2023 17:25,1.492783965,17
1/18/2023 17:40,1.392783965,18
1/18/2023 17:55,1.492783965,17
1/18/2023 18:10,1.592783965,16
1/18/2023 18:25,1.692783965,15
1/18/2023 18:40,1.592783965,16
1/18/2023 18:55,1.492783965,17
1/18/2023 19:10,1.592783965,16
1/18/2023 19:25,1.492783965,15
1/18/2023 19:40,1.392783965,16
1/18/2023 19:55,1.492783965,15
1/18/2023 20:10,1.592783965,14
1/18/2023 20:25,1.492783965,15
1/18/2023 20:40,1.392783965,16
1/18/2023 20:55,1.292783965,17
1/18/2023 21:10,1.392783965,16
1/18/2023 21:25,1.492783965,17
1/18/2023 21:40,1.392783965,18
1/18/2023 21:55,1.292783965,17
1/18/2023 22:10,1.392783965,16
1/18/2023 22:25,1.292783965,15
1/18/2023 22:40,1.192783965,14
1/18/2023 22:55,1.092783965,13
1/18/2023 23:10,0.992783965,12
1/18/2023 23:25,1.092783965,13
1/18/2023 23:40,0.992783965,14
1/18/2023 23:55,0.892783965,15
1/19/2023 0:10,0.792783965,16
1/19/2023 0:25,0.692783965,17
1/19/2023 0:40,0.792783965,18
1/19/2023 0:55,0.892783965,19
1/19/2023 1:10,0.992783965,20
1/19/2023 1:25,1.092783965,19
1/19/2023 1:40,1.192783965,18
1/19/2023 1:55,1.292783965,17
1/19/2023 2:10,1.192783965,18
1/19/2023 2:25,1.292783965,19
1/19/2023 2:40,1.392783965,20
1/19/2023 2:55,1.492783965,21
1/19/2023 3:10,1.392783965,22
1/19/2023 3:25,1.292783965,21
1/19/2023 3:40,1.392783965,20
1/19/2023 3:55,1.492783965,19
1/19/2023 4:10,1.392783965,20
1/19/2023 4:25,1.492783965,19
1/19/2023 4:40,1.592783965,20
1/19/2023 4:55,1.692783965,19
1/19/2023 5:10,1.792783965,20
1/19/2023 5:25,1.692783965,21
1/19/2023 5:40,1.592783965,20
1/19/2023 5:55,1.492783965,21
1/19/2023 6:10,1.592783965,20
1/19/2023 6:25,1.692783965,19
1/19/2023 6:40,1.592783965,20
1/19/2023 6:55,1.692783965,19
1/19/2023 7:10,1.792783965,20
1/19/2023 7:25,1.892783965,19
1/19/2023 7:40,1.792783965,20
1/19/2023 7:55,1.892783965,21
1/19/2023 8:10,1.992783965,20
1/19/2023 8:25,1.092783965,19
1/19/2023 8:40,0.992783965,20
1/19/2023 8:55,0.892783965,19
1/19/2023 9:10,0.992783965,18
1/19/2023 9:25,1.092783965,17
1/19/2023 9:40,1.192783965,16
1/19/2023 9:55,1.292783965,17
1/19/2023 10:10,1.392783965,18
1/19/2023 10:25,1.292783965,17
1/19/2023 10:40,1.392783965,16
1/19/2023 10:55,1.492783965,17
1/19/2023 11:10,1.392783965,18
1/19/2023 11:25,1.292783965,19
1/19/2023 11:40,1.392783965,18
1/19/2023 11:55,1.292783965,17
1/19/2023 12:10,1.392783965,16
1/19/2023 12:25,1.492783965,15
1/19/2023 12:40,1.592783965,16
1/19/2023 12:55,1.492783965,17
1/19/2023 13:10,1.392783965,16
1/19/2023 13:25,1.492783965,15
1/19/2023 13:40,1.592783965,14
1/19/2023 13:55,1.492783965,15
1/19/2023 14:10,1.392783965,16
1/19/2023 14:25,1.292783965,17
1/19/2023 14:40,1.192783965,16
1/19/2023 14:55,1.092783965,17
1/19/2023 15:10,0.992783965,18
1/19/2023 15:25,0.892783965,17
1/19/2023 15:40,0.792783965,18
1/19/2023 15:55,0.692783965,17
1/19/2023 16:10,0.792783965,18
1/19/2023 16:25,0.892783965,17
1/19/2023 16:40,0.792783965,16
1/19/2023 16:55,0.692783965,17
1/19/2023 17:10,0.792783965,16
1/19/2023 17:25,0.692783965,17
1/19/2023 17:40,0.792783965,18
1/19/2023 17:55,0.892783965,19
1/19/2023 18:10,0.992783965,18
1/19/2023 18:25,1.092783965,17
1/19/2023 18:40,1.192783965,16
1/19/2023 18:55,1.292783965,15
1/19/2023 19:10,1.192783965,14
1/19/2023 19:25,1.092783965,13
1/19/2023 19:40,0.992783965,14
1/19/2023 19:55,0.892783965,15
1/19/2023 20:10,0.992783965,14
1/19/2023 20:25,1.092783965,15
1/19/2023 20:40,1.192783965,16
1/19/2023 20:55,1.292783965,17
1/19/2023 21:10,1.192783965,18
1/19/2023 21:25,1.292783965,17
1/19/2023 21:40,1.392783965,18
1/19/2023 21:55,1.492783965,17
1/19/2023 22:10,1.392783965,18
1/19/2023 22:25,1.492783965,19
1/19/2023 22:40,1.592783965,18
1/19/2023 22:55,1.692783965,17
1/19/2023 23:10,1.592783965,16
1/19/2023 23:25,1.692783965,17
1/19/2023 23:40,1.592783965,18
1/19/2023 23:55,1.492783965,17
1/20/2023 0:10,1.592783965,18
1/20/2023 0:25,1.492783965,19
1/20/2023 0:40,1.392783965,18
1/20/2023 0:55,1.492783965,19
1/20/2023 1:10,1.392783965,18
1/20/2023 1:25,1.292783965,17
1/20/2023 1:40,1.192783965,18
1/20/2023 1:55,1.292783965,17
1/20/2023 2:10,1.192783965,16
1/20/2023 2:25,1.092783965,17
1/20/2023 2:40,0.992783965,18
1/20/2023 2:55,0.892783965,19
1/20/2023 3:10,0.792783965,18
1/20/2023 3:25,0.692783965,17
1/20/2023 3:40,0.592783965,18
1/20/2023 3:55,0.692783965,19
1/20/2023 4:10,0.592783965,18
1/20/2023 4:25,0.692783965,19
1/20/2023 4:40,0.592783965,20
1/20/2023 4:55,0.492783965,21
1/20/2023 5:10,0.392783965,0
1/20/2023 5:25,0.292783965,0
1/20/2023 5:40,0.392783965,0
1/20/2023 5:55,0.292783965,0
1/20/2023 6:10,0.392783965,0
1/20/2023 6:25,0.292783965,0
1/20/2023 6:40,0.192783965,0
1/20/2023 6:55,0.292783965,0
1/20/2023 7:10,0.192783965,0
1/20/2023 7:25,0.092783965,0
1/20/2023 7:40,0.192783965,0
1/20/2023 7:55,0.092783965,0
1/20/2023 8:10,0.992783965,0
1/20/2023 8:25,0.892783965,0
1/20/2023 8:40,0.792783965,0
1/20/2023 8:55,0.692783965,0
1/20/2023 9:10,0.592783965,0
1/20/2023 9:25,0.692783965,0
1/20/2023 9:40,0.592783965,0
1/20/2023 9:55,0.492783965,0
1/20/2023 10:10,0.392783965,0
1/20/2023 10:25,0.292783965,0
1/20/2023 10:40,0.192783965,0
1/20/2023 10:55,0.092783965,0
1/20/2023 11:10,0.992783965,0
1/20/2023 11:25,1.092783965,0
1/20/2023 11:40,1.192783965,0
1/20/2023 11:55,1.092783965,0
1/20/2023 12:10,1.192783965,0
1/20/2023 12:25,1.092783965,0
1/20/2023 12:40,1.192783965,0
1/20/2023 12:55,1.292783965,0
1/20/2023 13:10,1.392783965,0
1/20/2023 13:25,1.492783965,0
1/20/2023 13:40,1.592783965,0
1/20/2023 13:55,1.692783965,0
1/20/2023 14:10,1.592783965,0
1/20/2023 14:25,1.492783965,0
1/20/2023 14:40,1.392783965,0
1/20/2023 14:55,1.492783965,0
1/20/2023 15:10,1.392783965,0
1/20/2023 15:25,1.492783965,0
1/20/2023 15:40,1.392783965,0
1/20/2023 15:55,1.292783965,0
1/20/2023 16:10,1.392783965,0
1/20/2023 16:25,1.292783965,0
1/20/2023 16:40,1.192783965,0
1/20/2023 16:55,1.092783965,0
1/20/2023 17:10,0.992783965,0
1/20/2023 17:25,1.092783965,0
1/20/2023 17:40,1.192783965,0
1/20/2023 17:55,1.092783965,0
1/20/2023 18:10,1.192783965,0
1/20/2023 18:25,1.292783965,0
1/20/2023 18:40,1.192783965,0
1/20/2023 18:55,1.292783965,0
1/20/2023 19:10,1.192783965,0
1/20/2023 19:25,1.092783965,0
1/20/2023 19:40,0.992783965,0
1/20/2023 19:55,1.092783965,0
1/20/2023 20:10,0.992783965,0
1/20/2023 20:25,0.892783965,0
1/20/2023 20:40,0.992783965,0
1/20/2023 20:55,0.892783965,0
1/20/2023 21:10,0.792783965,0
1/20/2023 21:25,0.692783965,0
1/20/2023 21:40,0.592783965,0
1/20/2023 21:55,0.692783965,0
1/20/2023 22:10,0.792783965,0
1/20/2023 22:25,0.692783965,0
1/20/2023 22:40,0.792783965,0
1/20/2023 22:55,0.892783965,0
1/20/2023 23:10,0.992783965,0
1/20/2023 23:25,0.892783965,0
1/20/2023 23:40,0.792783965,0
1/20/2023 23:55,0.892783965,0
1/21/2023 0:10,0.992783965,0
1/21/2023 0:25,0.892783965,0
1/21/2023 0:40,0.792783965,0
1/21/2023 0:55,0.692783965,0
1/21/2023 1:10,0.592783965,0
1/21/2023 1:25,0.492783965,0
1/21/2023 1:40,0.592783965,0
1/21/2023 1:55,0.692783965,0
1/21/2023 2:10,0.592783965,0
1/21/2023 2:25,0.492783965,0
1/21/2023 2:40,0.392783965,0
1/21/2023 2:55,0.292783965,0
1/21/2023 3:10,0.192783965,0
1/21/2023 3:25,0.292783965,0
1/21/2023 3:40,0.392783965,0
1/21/2023 3:55,0.292783965,0
1/21/2023 4:10,0.192783965,0
1/21/2023 4:25,0.092783965,0
1/21/2023 4:40,0.992783965,0
1/21/2023 4:55,1.092783965,0
1/21/2023 5:10,1.192783965,0
1/21/2023 5:25,1.292783965,0
1/21/2023 5:40,1.392783965,0
1/21/2023 5:55,1.492783965,0
1/21/2023 6:10,1.392783965,0
1/21/2023 6:25,1.292783965,0
1/21/2023 6:40,1.392783965,0
1/21/2023 6:55,1.492783965,0
1/21/2023 7:10,1.392783965,0
1/21/2023 7:25,1.292783965,0
1/21/2023 7:40,1.192783965,0
1/21/2023 7:55,1.092783965,0
1/21/2023 8:10,0.992783965,0
1/21/2023 8:25,1.092783965,0
1/21/2023 8:40,0.992783965,0
1/21/2023 8:55,0.892783965,0
1/21/2023 9:10,0.992783965,0
1/21/2023 9:25,0.892783965,0
1/21/2023 9:40,0.792783965,0
1/21/2023 9:55,0.692783965,0
1/21/2023 10:10,0.592783965,0
1/21/2023 10:25,0.492783965,0
1/21/2023 10:40,0.392783965,0
1/21/2023 10:55,0.292783965,0
1/21/2023 11:10,0.192783965,0
1/21/2023 11:25,0.092783965,0
1/21/2023 11:40,0.992783965,0
1/21/2023 11:55,1.092783965,0
1/21/2023 12:10,1.192783965,0
1/21/2023 12:25,1.292783965,0
1/21/2023 12:40,1.192783965,0
1/21/2023 12:55,1.092783965,0
1/21/2023 13:10,1.192783965,0
1/21/2023 13:25,1.292783965,0
1/21/2023 13:40,1.392783965,0
1/21/2023 13:55,1.492783965,0
1/21/2023 14:10,1.592783965,0
1/21/2023 14:25,1.692783965,0
1/21/2023 14:40,1.792783965,0
1/21/2023 14:55,1.892783965,0
1/21/2023 15:10,1.792783965,0
1/21/2023 15:25,1.892783965,0
1/21/2023 15:40,1.792783965,0
1/21/2023 15:55,1.692783965,0
1/21/2023 16:10,1.792783965,0
1/21/2023 16:25,1.892783965,0
1/21/2023 16:40,1.992783965,0
1/21/2023 16:55,1.092783965,0
1/21/2023 17:10,1.192783965,0
1/21/2023 17:25,1.092783965,0
1/21/2023 17:40,1.192783965,0
1/21/2023 17:55,1.292783965,0
1/21/2023 18:10,1.392783965,0
1/21/2023 18:25,1.292783965,0
1/21/2023 18:40,1.192783965,0
1/21/2023 18:55,1.292783965,0
1/21/2023 19:10,1.392783965,0
1/21/2023 19:25,1.292783965,0
1/21/2023 19:40,1.392783965,0
1/21/2023 19:55,1.492783965,0
1/21/2023 20:10,1.392783965,0
1/21/2023 20:25,1.292783965,0
1/21/2023 20:40,1.192783965,0
1/21/2023 20:55,1.092783965,0
1/21/2023 21:10,1.192783965,0
1/21/2023 21:25,1.292783965,0
1/21/2023 21:40,1.392783965,0
1/21/2023 21:55,1.492783965,0
1/21/2023 22:10,1.592783965,0
1/21/2023 22:25,1.492783965,0
1/21/2023 22:40,1.592783965,0
1/21/2023 22:55,1.692783965,0
1/21/2023 23:10,1.592783965,0
1/21/2023 23:25,1.492783965,0
1/21/2023 23:40,1.592783965,0
1/21/2023 23:55,1.492783965,0
1/22/2023 0:10,1.392783965,0
1/22/2023 0:25,1.292783965,0
1/22/2023 0:40,1.192783965,0
1/22/2023 0:55,1.092783965,0
1/22/2023 1:10,1.192783965,0
1/22/2023 1:25,1.292783965,0
1/22/2023 1:40,1.192783965,0
1/22/2023 1:55,1.092783965,0
1/22/2023 2:10,1.192783965,0
1/22/2023 2:25,1.092783965,0
1/22/2023 2:40,1.192783965,0
1/22/2023 2:55,1.092783965,0
1/22/2023 3:10,1.192783965,0
1/22/2023 3:25,1.092783965,0
1/22/2023 3:40,0.992783965,0
1/22/2023 3:55,1.092783965,0
1/22/2023 4:10,0.992783965,0
1/22/2023 4:25,1.092783965,0
1/22/2023 4:40,0.992783965,0
1/22/2023 4:55,0.892783965,0
1/22/2023 5:10,0.992783965,0
1/22/2023 5:25,1.092783965,0
1/22/2023 5:40,0.992783965,13
1/22/2023 5:55,1.092783965,13
1/22/2023 6:10,0.992783965,13
1/22/2023 6:25,1.092783965,13
1/22/2023 6:40,1.192783965,13
1/22/2023 6:55,1.292783965,13
1/22/2023 7:10,1.392783965,13
1/22/2023 7:25,1.292783965,13
