timestamp,Clg Vlv Cmd (%),OA Damper Cmd (%),Prht Vlv Cmd (%),RA_EA Damper Cmd (%),RF Spd Cmd (%),SF Spd Cmd (%),SA Static Press (inH₂O),Eff SAT Sp (°F),MAT (°F),OAT (°F),RAT (°F),SAT (°F),Econ Ena,EF Ena,Occupancy,RF Cmd,RF Sts,SF Cmd,Schedule,SF Sts
2025-01-01 00:00:00,0.0,0.0,100.0,0.0,0.0,0.0,0.0268750004470348,70.0,66.37999725341797,45.24919891357422,62.74399948120117,62.492000579833984,0.0,0.0,0.0,0.0,0.0,0.0,0.0,0.0
2025-01-01 00:15:00,0.0,0.0,100.0,0.0,0.0,0.0,0.0268750004470348,70.0,66.03800201416016,44.727500915527344,62.959999084472656,62.150001525878906,,,,,,,,
2025-01-01 00:30:00,0.0,0.0,100.0,0.0,0.0,0.0,0.0268750004470348,70.0,65.78600311279297,44.727500915527344,62.83399963378906,61.98799896240234,,,,,,,,
2025-01-01 00:45:00,0.0,0.0,100.0,0.0,0.0,0.0,0.0268750004470348,70.0,65.69599914550781,44.99039840698242,62.83399963378906,61.89799880981445,,,,,,,,
2025-01-01 01:00:00,0.0,0.0,100.0,0.0,0.0,0.0,0.0268750004470348,70.0,65.56999969482422,45.5703010559082,62.3120002746582,61.86199951171875,,,,,,,,
2025-01-01 01:15:00,0.0,0.0,100.0,0.0,0.0,0.0,0.0268750004470348,70.0,65.53399658203125,46.01250076293945,62.99599838256836,61.86199951171875,,,,,,,,
2025-01-01 01:30:00,0.0,0.0,100.0,0.0,0.0,0.0,0.0268750004470348,70.0,65.35399627685547,45.94990158081055,62.65399932861328,61.80799865722656,,,,,,,,
2025-01-01 01:45:00,0.0,0.0,100.0,0.0,0.0,0.0,0.0268750004470348,70.0,65.19200134277344,45.5703010559082,62.3120002746582,61.80799865722656,,,,,,,,
2025-01-01 02:00:00,0.0,0.0,100.0,0.0,0.0,0.0,0.0268750004470348,70.0,65.06600189208984,45.50650024414063,62.3120002746582,61.64599990844727,,,,,,,,
2025-01-01 02:15:00,0.0,0.0,100.0,0.0,0.0,0.0,0.0268750004470348,70.0,64.68800354003906,45.11940002441406,61.80799865722656,61.555999755859375,,,,,,,,
2025-01-01 02:30:00,0.0,0.0,100.0,0.0,0.0,0.0,0.0268750004470348,70.0,64.50800323486328,44.67440032958984,61.46599960327149,61.46599960327149,,,,,,,,
2025-01-01 02:45:00,0.0,0.0,100.0,0.0,0.0,0.0,0.0268750004470348,70.0,64.22000122070312,44.51440048217773,61.93399810791016,61.30400085449219,,,,,,,,
2025-01-01 03:00:00,0.0,0.0,100.0,0.0,0.0,0.0,0.0268750004470348,70.0,64.00399780273438,44.40689849853516,61.46599960327149,61.141998291015625,,,,,,,,
2025-01-01 03:15:00,0.0,0.0,100.0,0.0,0.0,0.0,0.0268750004470348,70.0,63.87799835205078,44.51440048217773,61.178001403808594,60.96200180053711,,,,,,,,
2025-01-01 03:30:00,0.0,0.0,100.0,0.0,0.0,0.0,0.0268750004470348,70.0,63.84199905395508,44.9380989074707,61.555999755859375,60.96200180053711,,,,,,,,
2025-01-01 03:45:00,0.0,0.0,100.0,0.0,0.0,0.0,0.0268750004470348,70.0,63.84199905395508,45.44240188598633,61.80799865722656,61.141998291015625,,,,,,,,
2025-01-01 04:00:00,0.0,0.0,100.0,0.0,0.0,0.0,0.0268750004470348,70.0,64.00399780273438,46.32310104370117,62.3120002746582,61.141998291015625,,,,,,,,
2025-01-01 04:15:00,0.0,0.0,100.0,0.0,0.0,0.0,0.0268750004470348,70.0,64.00399780273438,46.75090026855469,62.11399841308594,61.141998291015625,,,,,,,,
2025-01-01 04:30:00,0.0,0.0,100.0,0.0,0.0,0.0,0.0268750004470348,70.0,64.00399780273438,46.87160110473633,62.492000579833984,61.178001403808594,,,,,,,,
2025-01-01 04:45:00,0.0,0.0,100.0,0.0,0.0,0.0,0.0268750004470348,70.0,63.84199905395508,46.75090026855469,62.65399932861328,61.141998291015625,,,,,,,,
2025-01-01 05:00:00,0.0,0.0,100.0,0.0,0.0,0.0,0.0268750004470348,70.0,63.68000030517578,46.44620132446289,62.402000427246094,61.141998291015625,,,,,,,,
2025-01-01 05:15:00,0.0,0.0,100.0,0.0,0.0,0.0,0.0268750004470348,70.0,63.5,46.07500076293945,62.3120002746582,60.96200180053711,,,,,,,,
2025-01-01 05:30:00,0.0,0.0,100.0,0.0,0.0,0.0,0.0268750004470348,70.0,63.15800094604492,45.887001037597656,61.64599990844727,60.96200180053711,,,,,,,,
2025-01-01 05:45:00,0.0,0.0,100.0,0.0,0.0,0.0,0.0268750004470348,70.0,66.16400146484375,45.5703010559082,61.30400085449219,60.88999938964844,,,,,,,,
2025-01-01 06:00:00,0.0,0.0,100.0,0.0,0.0,0.0,0.0268750004470348,70.0,70.21399688720703,45.31380081176758,61.80799865722656,60.79999923706055,,,,,,,,
2025-01-01 06:15:00,0.0,0.0,100.0,0.0,0.0,0.0,0.0268750004470348,70.0,75.75800323486328,44.99039840698242,61.141998291015625,60.79999923706055,,,,,,,,
2025-01-01 06:26:00,,,,,,,,,,,,,,,,,1.0,,,
2025-01-01 06:30:00,0.0,20.0,90.4365005493164,20.0,20.0,89.0248031616211,2.172100067138672,70.0,64.63400268554688,45.24919891357422,66.0739974975586,76.35199737548828,,,,,,,,
2025-01-01 06:45:00,0.0,20.0,13.750200271606444,20.0,20.0,82.82080078125,2.008500099182129,67.38249969482422,60.11600112915039,45.37820053100586,68.39600372314453,69.08000183105469,,,,,,,,
2025-01-01 07:00:00,0.0,20.0,7.864999771118164,20.0,20.0,66.33719635009766,1.5360000133514404,65.79620361328125,61.141998291015625,45.44240188598633,69.24199676513672,66.9739990234375,,,,,,,,
2025-01-01 07:15:00,0.0,20.0,2.6185998916625977,20.0,20.0,66.81700134277344,1.4018000364303589,64.85130310058594,61.141998291015625,45.18439865112305,69.74600219726562,65.35399627685547,,,,,,,,
2025-01-01 07:30:00,0.0,20.0,0.0,20.0,20.0,66.96959686279297,1.5298999547958374,64.85130310058594,60.79999923706055,44.833099365234375,69.74600219726562,65.19200134277344,,,,,,,,
2025-01-01 07:45:00,0.0,20.0,0.0,20.0,20.0,65.93830108642578,1.5128999948501587,64.51380157470703,60.96200180053711,44.727500915527344,69.9260025024414,65.31800079345703,,,,,,,,
2025-01-01 08:00:00,0.0,20.0,0.0,20.0,20.0,65.96759796142578,1.496399998664856,64.34500122070312,60.79999923706055,44.62120056152344,70.01599884033203,65.19200134277344,,,,,,,,
2025-01-01 08:15:00,0.0,22.390399932861328,0.0,22.390399932861328,20.0,64.45339965820312,1.4170000553131104,64.20999908447266,59.61199951171875,44.9380989074707,70.08799743652344,62.36600112915039,,,,,,,,
2025-01-01 08:30:00,0.0,20.0,11.761500358581545,20.0,20.0,64.58280181884766,1.4919999837875366,64.51380157470703,59.45000076293945,45.37820053100586,69.9260025024414,61.141998291015625,,,,,,,,
2025-01-01 08:45:00,0.0,20.0,9.616900444030762,20.0,20.0,63.744998931884766,1.5329999923706057,63.872501373291016,60.08000183105469,45.5703010559082,70.26799774169922,63.12200164794922,,,,,,,,
2025-01-01 09:00:00,0.0,20.0,10.943599700927734,20.0,20.0,64.05590057373047,1.5720000267028809,63.872501373291016,60.45800018310547,45.887001037597656,70.26799774169922,65.10199737548828,,,,,,,,
2025-01-01 09:15:00,0.0,20.0,19.697900772094727,20.0,20.0,63.7593994140625,1.3955999612808228,63.56869888305664,60.63800048828125,46.26129913330078,70.43000030517578,64.5979995727539,,,,,,,,
2025-01-01 09:30:00,0.0,20.0,17.347900390625,20.0,20.0,63.598899841308594,1.4829000234603882,63.63619995117188,60.709999084472656,46.50749969482422,70.39399719238281,62.4379997253418,,,,,,,,
2025-01-01 09:45:00,0.0,20.0,10.300100326538086,20.0,20.0,63.33290100097656,1.5450999736785889,63.400001525878906,61.2140007019043,46.81129837036133,70.5199966430664,63.15800094604492,,,,,,,,
2025-01-01 10:00:00,0.0,20.0,17.815500259399414,20.0,20.0,63.02220153808594,1.5,63.56869888305664,61.80799865722656,47.58250045776367,70.43000030517578,63.15800094604492,,,,,,,,
2025-01-01 10:15:00,0.0,20.0,8.732799530029297,20.0,20.0,62.75289916992188,1.4572999477386477,63.02870178222656,62.36600112915039,48.38349914550781,70.71800231933594,64.05799865722656,,,,,,,,
2025-01-01 10:30:00,0.0,20.0,8.459600448608398,20.0,20.0,62.95759963989258,1.5335999727249146,63.56869888305664,61.30400085449219,47.87200164794922,70.43000030517578,62.959999084472656,,,,,,,,
2025-01-01 10:45:00,0.0,20.0,11.785599708557127,20.0,20.0,62.95019912719727,1.5329999923706057,63.26499938964844,61.80799865722656,48.214298248291016,70.59200286865234,63.374000549316406,,,,,,,,
2025-01-01 11:00:00,0.0,20.0,13.567500114440918,20.0,20.0,62.999000549316406,1.500599980354309,63.56869888305664,61.61000061035156,48.15769958496094,70.43000030517578,63.08599853515625,,,,,,,,
2025-01-01 11:15:00,0.0,20.0,17.042800903320312,20.0,20.0,62.66019821166992,1.4627000093460083,63.50120162963867,61.46599960327149,47.52410125732422,70.46600341796875,63.08599853515625,,,,,,,,
2025-01-01 11:30:00,0.0,20.0,10.98330020904541,20.0,20.0,63.04460144042969,1.4780000448226929,63.50120162963867,62.150001525878906,48.60699844360352,70.46600341796875,64.43599700927734,,,,,,,,
2025-01-01 11:45:00,0.0,20.0,0.0,20.0,20.0,62.60219955444336,1.5123000144958496,63.02870178222656,62.83399963378906,51.38840103149414,70.71800231933594,64.25599670410156,,,,,,,,
2025-01-01 12:00:00,0.0,20.0,0.0,20.0,20.0,62.967899322509766,1.5318000316619873,63.26499938964844,62.83399963378906,52.51430130004883,70.59200286865234,64.34600067138672,,,,,,,,
2025-01-01 12:15:00,0.0,24.8518009185791,0.0,24.8518009185791,20.0,62.59280014038086,1.4559999704360962,62.9275016784668,62.492000579833984,52.62979888916016,70.77200317382812,64.05799865722656,,,,,,,,
2025-01-01 12:30:00,0.0,30.03039932250977,0.0,30.03039932250977,22.52280044555664,63.030399322509766,1.4859999418258667,63.26499938964844,62.402000427246094,52.91630172729492,70.59200286865234,63.68000030517578,,,,,,,,
2025-01-01 12:45:00,0.0,31.23349952697754,0.0,31.23349952697754,23.42510032653809,62.9202995300293,1.5078999996185305,62.9275016784668,61.30400085449219,53.311798095703125,70.77200317382812,62.58200073242188,,,,,,,,
2025-01-01 13:00:00,0.0,26.10810089111328,0.0,26.10810089111328,20.0,62.98690032958984,1.5354000329971311,62.9275016784668,61.34000015258789,53.42359924316406,70.77200317382812,62.492000579833984,,,,,,,,
2025-01-01 13:15:00,0.0,25.7278995513916,0.0,25.7278995513916,20.0,62.53400039672852,1.504899978637695,62.62379837036133,61.93399810791016,53.865501403808594,70.93399810791016,63.03200149536133,,,,,,,,
2025-01-01 13:30:00,0.0,26.830799102783203,0.0,26.830799102783203,20.12310028076172,62.68349838256836,1.5042999982833862,62.9275016784668,61.86199951171875,53.47930145263672,70.77200317382812,62.959999084472656,,,,,,,,
2025-01-01 13:45:00,0.0,26.985599517822266,0.0,26.985599517822266,20.239200592041016,62.51399993896485,1.4871000051498413,62.9275016784668,61.64599990844727,53.865501403808594,70.77200317382812,62.77999877929688,,,,,,,,
2025-01-01 14:00:00,0.0,20.02389907836914,0.0,20.02389907836914,20.0,62.89149856567383,1.5255999565124512,63.26499938964844,61.73600006103516,,70.59200286865234,62.869998931884766,,,,,,,,
2025-01-01 14:15:00,0.0,24.0398006439209,0.0,24.0398006439209,20.0,62.17070007324219,1.46150004863739,62.9275016784668,62.11399841308594,54.13759994506836,70.77200317382812,63.5,,,,,,,,
2025-01-01 14:30:00,0.0,27.07379913330078,0.0,27.07379913330078,20.305299758911133,62.53860092163086,1.4658000469207764,62.9275016784668,61.61000061035156,54.40660095214844,70.77200317382812,62.869998931884766,,,,,,,,
2025-01-01 14:45:00,0.0,27.416400909423828,0.0,27.416400909423828,20.562299728393555,62.268798828125,1.524399995803833,62.86000061035156,61.93399810791016,53.92020034790039,70.80799865722656,62.959999084472656,,,,,,,,
2025-01-01 15:00:00,0.0,28.738100051879883,0.0,28.738100051879883,21.55349922180176,62.49440002441406,1.5159000158309937,62.9275016784668,61.93399810791016,53.865501403808594,70.77200317382812,63.08599853515625,,,,,,,,
2025-01-01 15:15:00,0.0,31.83489990234375,0.0,31.83489990234375,23.87619972229004,62.062599182128906,1.5159000158309937,62.62379837036133,61.01599884033203,54.19169998168945,70.93399810791016,62.36600112915039,,,,,,,,
2025-01-01 15:30:00,0.0,20.200899124145508,0.0,20.200899124145508,20.0,62.40919876098633,1.499400019645691,63.09619903564453,61.01599884033203,53.700801849365234,70.68199920654297,62.11399841308594,,,,,,,,
2025-01-01 15:45:00,0.0,20.0,0.0,20.0,20.0,62.204200744628906,1.5219999551773071,63.26499938964844,60.79999923706055,52.39820098876953,70.59200286865234,62.2760009765625,,,,,,,,
2025-01-01 16:00:00,0.0,20.0,8.407400131225586,20.0,20.0,62.56930160522461,1.4915000200271606,63.56869888305664,60.11600112915039,50.8203010559082,70.43000030517578,61.68199920654297,,,,,,,,
2025-01-01 16:15:00,0.0,20.0,12.11680030822754,20.0,20.0,62.52069854736328,1.4804999828338623,63.26499938964844,60.29600143432617,50.56890106201172,70.59200286865234,65.44400024414062,,,,,,,,
2025-01-01 16:30:00,0.0,20.0,19.25950050354004,20.0,20.0,63.022499084472656,1.4840999841690063,63.80500030517578,59.79199981689453,49.37120056152344,70.30400085449219,66.41600036621094,,,,,,,,
2025-01-01 16:45:00,0.0,20.0,20.57200050354004,20.0,20.0,62.51089859008789,1.5164999961853027,63.56869888305664,59.917999267578125,49.04710006713867,70.43000030517578,64.63400268554688,,,,,,,,
2025-01-01 17:00:00,0.0,20.0,21.575199127197266,20.0,20.0,62.87129974365234,1.4591000080108645,63.872501373291016,59.61199951171875,49.424800872802734,70.26799774169922,64.5979995727539,,,,,,,,
2025-01-01 17:15:00,0.0,20.0,20.84280014038086,20.0,20.0,62.28010177612305,1.3875999450683594,63.56869888305664,59.45000076293945,48.495601654052734,70.43000030517578,63.40999984741211,,,,,,,,
2025-01-01 17:30:00,0.0,20.0,15.221799850463867,20.0,20.0,63.01549911499024,1.4627000093460083,63.872501373291016,59.108001708984375,47.11109924316406,70.26799774169922,66.66799926757812,,,,,,,,
2025-01-01 17:45:00,0.0,20.0,12.862799644470217,20.0,20.0,62.73849868774414,1.545699954032898,63.80500030517578,58.81999969482422,46.87160110473633,70.30400085449219,64.5979995727539,,,,,,,,
2025-01-01 18:00:00,0.0,20.0,13.618000030517578,20.0,20.0,62.855098724365234,1.5146000385284424,63.872501373291016,58.76599884033203,46.62950134277344,70.26799774169922,62.869998931884766,,,,,,,,
2025-01-01 18:06:00,,,,,,,,,,,,,,,,,0.0,,,
2025-01-01 18:15:00,0.0,0.0,100.0,0.0,0.0,0.0,0.0268750004470348,66.0999984741211,60.33200073242188,46.19940185546875,69.08000183105469,62.99599838256836,,,,,,,,
2025-01-01 18:30:00,0.0,0.0,100.0,0.0,0.0,0.0,0.0268750004470348,69.10369873046875,68.10800170898438,44.0807991027832,67.47799682617188,62.83399963378906,,,,,,,,
2025-01-01 18:45:00,0.0,0.0,100.0,0.0,0.0,0.0,0.0268750004470348,70.0,69.24199676513672,42.951698303222656,66.50599670410156,62.150001525878906,,,,,,,,
2025-01-01 19:00:00,0.0,0.0,100.0,0.0,0.0,0.0,0.0268750004470348,70.0,69.45800018310547,42.42129898071289,65.75,61.77199935913086,,,,,,,,
2025-01-01 19:15:00,0.0,0.0,100.0,0.0,0.0,0.0,0.0268750004470348,70.0,69.58399963378906,41.56689834594727,65.53399658203125,61.30400085449219,,,,,,,,
2025-01-01 19:30:00,0.0,0.0,100.0,0.0,0.0,0.0,0.0268750004470348,70.0,69.58399963378906,41.31589889526367,65.35399627685547,60.96200180053711,,,,,,,,
2025-01-01 19:45:00,0.0,0.0,100.0,0.0,0.0,0.0,0.0268750004470348,70.0,69.4219970703125,40.73970031738281,64.50800323486328,60.67399978637695,,,,,,,,
2025-01-01 20:00:00,0.0,0.0,100.0,0.0,0.0,0.0,0.0268750004470348,70.0,69.4219970703125,40.08000183105469,64.18399810791016,60.45800018310547,,,,,,,,
2025-01-01 20:15:00,0.0,0.0,100.0,0.0,0.0,0.0,0.0268750004470348,70.0,74.10199737548828,39.60540008544922,63.59000015258789,60.29600143432617,,,,,,,,
2025-01-01 20:30:00,0.0,0.0,100.0,0.0,0.0,0.0,0.0268750004470348,70.0,78.87200164794922,39.46780014038086,63.5,60.29600143432617,,,,,,,,
2025-01-01 20:45:00,0.0,0.0,100.0,0.0,0.0,0.0,0.0268750004470348,70.0,80.90599822998047,38.97919845581055,63.15800094604492,60.29600143432617,,,,,,,,
2025-01-01 21:00:00,0.0,0.0,100.0,0.0,0.0,0.0,0.0268750004470348,70.0,81.91400146484375,38.55139923095703,62.492000579833984,60.29600143432617,,,,,,,,
2025-01-01 21:15:00,0.0,0.0,100.0,0.0,0.0,0.0,0.0268750004470348,70.0,82.76000213623047,38.11489868164063,62.74399948120117,60.45800018310547,,,,,,,,
2025-01-01 21:30:00,0.0,0.0,100.0,0.0,0.0,0.0,0.0268750004470348,70.0,83.49800109863281,38.40689849853516,62.492000579833984,60.79999923706055,,,,,,,,
2025-01-01 21:45:00,0.0,0.0,100.0,0.0,0.0,0.0,0.0268750004470348,70.0,83.96600341796875,38.97919845581055,62.3120002746582,61.26800155639648,,,,,,,,
2025-01-01 22:00:00,0.0,0.0,100.0,0.0,0.0,0.0,0.0268750004470348,70.0,84.32599639892578,39.46780014038086,62.58200073242188,61.80799865722656,,,,,,,,
2025-01-01 22:15:00,0.0,0.0,100.0,0.0,0.0,0.0,0.0268750004470348,70.0,84.59600067138672,39.04970169067383,62.11399841308594,62.150001525878906,,,,,,,,
2025-01-01 22:30:00,0.0,0.0,100.0,0.0,0.0,0.0,0.0268750004470348,70.0,85.15399932861328,38.69490051269531,61.73600006103516,62.492000579833984,,,,,,,,
2025-01-01 22:45:00,0.0,0.0,100.0,0.0,0.0,0.0,0.0268750004470348,70.0,85.38800048828125,38.26139831542969,61.64599990844727,62.90599822998047,,,,,,,,
2025-01-01 23:00:00,0.0,0.0,100.0,0.0,0.0,0.0,0.0268750004470348,70.0,85.89199829101562,37.44350051879883,61.64599990844727,63.28400039672852,,,,,,,,
2025-01-01 23:15:00,0.0,0.0,100.0,0.0,0.0,0.0,0.0268750004470348,70.0,86.39600372314453,37.061500549316406,61.64599990844727,63.374000549316406,,,,,,,,
2025-01-01 23:30:00,0.0,0.0,100.0,0.0,0.0,0.0,0.0268750004470348,70.0,86.62999725341797,36.92660140991211,61.30400085449219,63.68000030517578,,,,,,,,
2025-01-01 23:45:00,0.0,0.0,100.0,0.0,0.0,0.0,0.0268750004470348,70.0,86.2699966430664,37.061500549316406,61.30400085449219,63.93199920654297,,,,,,,,
2025-01-02 00:00:00,0.0,0.0,100.0,0.0,0.0,0.0,0.0268750004470348,70.0,86.44999694824219,38.33420181274414,61.68199920654297,64.18399810791016,0.0,0.0,0.0,0.0,0.0,0.0,0.0,0.0
2025-01-02 00:15:00,0.0,0.0,100.0,0.0,0.0,0.0,0.0268750004470348,70.0,85.83799743652344,38.97919845581055,61.61000061035156,64.50800323486328,,,,,,,,
2025-01-02 00:30:00,0.0,0.0,100.0,0.0,0.0,0.0,0.0268750004470348,70.0,85.38800048828125,38.26139831542969,61.30400085449219,65.02999877929688,,,,,,,,
2025-01-02 00:45:00,0.0,0.0,100.0,0.0,0.0,0.0,0.0268750004470348,70.0,85.38800048828125,37.66960144042969,61.30400085449219,65.06600189208984,,,,,,,,
2025-01-02 01:00:00,0.0,0.0,100.0,0.0,0.0,0.0,0.0268750004470348,70.0,85.71199798583984,37.2150993347168,60.96200180053711,65.19200134277344,,,,,,,,
2025-01-02 01:15:00,0.0,0.0,100.0,0.0,0.0,0.0,0.0268750004470348,70.0,85.89199829101562,37.2150993347168,60.96200180053711,65.35399627685547,,,,,,,,
2025-01-02 01:30:00,0.0,0.0,100.0,0.0,0.0,0.0,0.0268750004470348,70.0,86.2699966430664,37.59439849853516,61.80799865722656,65.53399658203125,,,,,,,,
2025-01-02 01:45:00,0.0,0.0,100.0,0.0,0.0,0.0,0.0268750004470348,70.0,86.0719985961914,36.98830032348633,61.39400100708008,65.69599914550781,,,,,,,,
2025-01-02 02:00:00,0.0,0.0,100.0,0.0,0.0,0.0,0.0262499991804361,70.0,86.44999694824219,37.13840103149414,61.26800155639648,65.69599914550781,,,,,,,,
2025-01-02 02:15:00,0.0,0.0,100.0,0.0,0.0,0.0,0.0262499991804361,70.0,86.0719985961914,36.92660140991211,61.30400085449219,65.8759994506836,,,,,,,,
2025-01-02 02:30:00,0.0,0.0,100.0,0.0,0.0,0.0,0.0268750004470348,70.0,86.2699966430664,36.98830032348633,61.46599960327149,66.03800201416016,,,,,,,,
2025-01-02 02:45:00,0.0,0.0,100.0,0.0,0.0,0.0,0.0268750004470348,70.0,86.62999725341797,36.86470031738281,61.30400085449219,66.16400146484375,,,,,,,,
2025-01-02 03:00:00,0.0,0.0,100.0,0.0,0.0,0.0,0.0262499991804361,70.0,86.44999694824219,37.061500549316406,61.46599960327149,66.37999725341797,,,,,,,,
2025-01-02 03:15:00,0.0,0.0,100.0,0.0,0.0,0.0,0.0262499991804361,70.0,86.62999725341797,36.86470031738281,61.46599960327149,66.37999725341797,,,,,,,,
2025-01-02 03:30:00,0.0,0.0,100.0,0.0,0.0,0.0,0.0268750004470348,70.0,86.62999725341797,36.61489868164063,61.26800155639648,66.54199981689453,,,,,,,,
2025-01-02 03:45:00,0.0,0.0,100.0,0.0,0.0,0.0,0.0268750004470348,70.0,86.80999755859375,35.975101470947266,61.01599884033203,66.54199981689453,,,,,,,,
2025-01-02 04:00:00,0.0,0.0,100.0,0.0,0.0,0.0,0.0268750004470348,70.0,87.18800354003906,35.51350021362305,60.63800048828125,66.54199981689453,,,,,,,,
2025-01-02 04:15:00,0.0,0.0,100.0,0.0,0.0,0.0,0.0262499991804361,70.0,87.2239990234375,35.24449920654297,60.76399993896485,66.50599670410156,,,,,,,,
2025-01-02 04:30:00,0.0,0.0,100.0,0.0,0.0,0.0,0.0262499991804361,70.0,88.10600280761719,35.51350021362305,60.45800018310547,66.54199981689453,,,,,,,,
2025-01-02 04:45:00,0.0,0.0,100.0,0.0,0.0,0.0,0.0262499991804361,70.0,87.9260025024414,35.71269989013672,60.512001037597656,66.7040023803711,,,,,,,,
2025-01-02 05:00:00,0.0,0.0,100.0,0.0,0.0,0.0,0.0262499991804361,70.0,88.28600311279297,35.77870178222656,60.96200180053711,66.79399871826172,,,,,,,,
2025-01-02 05:45:00,0.0,0.0,100.0,0.0,0.0,0.0,0.0262499991804361,70.0,89.0780029296875,35.9098014831543,61.46599960327149,67.22599792480469,,,,,,,,
2025-01-02 06:00:00,0.0,0.0,100.0,0.0,0.0,0.0,0.0262499991804361,70.0,89.02400207519531,35.77870178222656,62.18600082397461,67.1719970703125,,,,,,,,
2025-01-02 06:15:00,0.0,0.0,100.0,0.0,0.0,0.0,0.0262499991804361,70.0,88.66400146484375,35.44660186767578,61.52000045776367,67.1719970703125,,,,,,,,
2025-01-02 06:26:00,,,,,,,,,,,,,,,1.0,,,1.0,1.0,
2025-01-02 06:30:00,0.0,20.0,53.43399810791016,20.0,20.0,43.5443000793457,0.025000000372529,70.0,74.8219985961914,35.5802001953125,65.40799713134766,91.14800262451172,,,,,,,,
2025-01-02 06:45:00,0.0,20.0,22.644500732421875,20.0,20.0,67.16570281982422,1.6710000038146973,68.32749938964844,56.75,35.84439849853516,67.89199829101562,72.08599853515625,,,,,,,,
2025-01-02 07:00:00,0.0,20.0,10.303799629211426,20.0,20.0,65.65650177001953,1.5585999488830566,66.74130249023438,56.40800094604492,35.84439849853516,68.73799896240234,68.0719985961914,,,,,,,,
2025-01-02 07:15:00,0.0,20.0,11.055700302124023,20.0,20.0,64.74400329589844,1.4150999784469604,65.79620361328125,56.65999984741211,36.04010009765625,69.24199676513672,62.70800018310547,,,,,,,,
2025-01-02 07:30:00,0.0,20.0,16.11829948425293,20.0,20.0,64.0469970703125,1.4835000038146973,65.45880126953125,56.53400039672852,36.42530059814453,69.4219970703125,61.86199951171875,,,,,,,,
2025-01-02 07:45:00,0.0,20.0,18.58009910583496,20.0,20.0,64.0354995727539,1.4780000448226929,65.32379913330078,56.9119987487793,36.67770004272461,69.49400329589844,65.22799682617188,,,,,,,,
2025-01-02 08:00:00,0.0,20.0,15.014800071716309,20.0,20.0,63.972801208496094,1.53849995136261,65.15499877929688,57.25400161743164,36.67770004272461,69.58399963378906,68.7020034790039,,,,,,,,
2025-01-02 08:15:00,0.0,20.0,15.374500274658203,20.0,20.0,64.21690368652344,1.2790000438690186,64.85130310058594,57.63199996948242,36.98830032348633,69.74600219726562,67.22599792480469,,,,,,,,
2025-01-02 08:30:00,0.0,20.0,10.276000022888184,20.0,20.0,63.92580032348633,1.5530999898910522,64.51380157470703,57.59600067138672,37.44350051879883,69.9260025024414,68.57599639892578,,,,,,,,
2025-01-02 08:45:00,0.0,20.0,16.5403995513916,20.0,20.0,63.066200256347656,1.4883999824523926,64.20999908447266,57.88399887084961,37.89339828491211,70.08799743652344,64.8499984741211,,,,,,,,
2025-01-02 09:00:00,0.0,20.0,11.378299713134766,20.0,20.0,62.89049911499024,1.5414999723434448,63.872501373291016,57.91999816894531,38.40689849853516,70.26799774169922,62.4379997253418,,,,,,,,
2025-01-02 09:15:00,0.0,20.0,1.6948000192642212,20.0,20.0,62.03310012817383,1.4903000593185425,63.26499938964844,58.69400024414063,38.76639938354492,70.59200286865234,63.59000015258789,,,,,,,,
2025-01-02 09:30:00,0.0,20.0,12.587499618530272,20.0,20.0,62.051300048828125,1.475600004196167,63.872501373291016,58.44200134277344,38.83760070800781,70.26799774169922,62.52799987792969,,,,,,,,
2025-01-02 09:45:00,0.0,20.0,3.874500036239624,20.0,20.0,61.82939910888672,1.5414999723434448,63.872501373291016,58.891998291015625,38.83760070800781,70.26799774169922,63.5359992980957,,,,,,,,
2025-01-02 10:00:00,0.0,20.0,15.48859977722168,20.0,20.0,61.992000579833984,1.4931999444961548,64.20999908447266,58.76599884033203,38.62329864501953,70.08799743652344,62.83399963378906,,,,,,,,
2025-01-02 10:15:00,0.0,20.0,2.8982999324798584,20.0,20.0,61.53929901123047,1.4701000452041626,63.56869888305664,59.27000045776367,38.62329864501953,70.43000030517578,63.68000030517578,,,,,,,,
2025-01-02 10:30:00,0.0,20.0,13.46280002593994,20.0,20.0,61.57680130004883,1.4840999841690063,64.27749633789062,58.76599884033203,38.55139923095703,70.052001953125,62.65399932861328,,,,,,,,
2025-01-02 10:45:00,0.0,20.0,1.3799999952316284,20.0,20.0,61.62639999389648,1.5219999551773071,63.872501373291016,59.45000076293945,39.53670120239258,70.26799774169922,64.00399780273438,,,,,,,,
2025-01-02 11:00:00,0.0,20.0,7.682700157165527,20.0,20.0,61.99700164794922,1.469499945640564,63.872501373291016,59.14400100708008,39.74209976196289,70.26799774169922,63.12200164794922,,,,,,,,
2025-01-02 11:15:00,0.0,20.0,5.6579999923706055,20.0,20.0,62.01520156860352,1.4658000469207764,63.872501373291016,59.108001708984375,39.74209976196289,70.26799774169922,65.31800079345703,,,,,,,,
2025-01-02 11:30:00,0.0,20.0,13.842399597167969,20.0,20.0,61.95849990844727,1.530500054359436,64.20999908447266,58.94599914550781,39.945499420166016,70.08799743652344,62.869998931884766,,,,,,,,
2025-01-02 11:45:00,0.0,20.0,4.781099796295166,20.0,20.0,61.68539810180664,1.524999976158142,63.872501373291016,59.45000076293945,40.28010177612305,70.26799774169922,63.59000015258789,,,,,,,,
2025-01-02 12:00:00,0.0,20.0,12.291600227355955,20.0,20.0,61.94400024414063,1.524999976158142,63.872501373291016,59.27000045776367,40.34640121459961,70.26799774169922,62.99599838256836,,,,,,,,
2025-01-02 12:15:00,0.0,20.0,4.128699779510498,20.0,20.0,61.57080078125,1.4945000410079956,63.400001525878906,59.79199981689453,40.60940170288086,70.5199966430664,64.25599670410156,,,,,,,,
2025-01-02 12:30:00,0.0,20.0,7.276999950408935,20.0,20.0,61.912200927734375,1.4737999439239502,63.97380065917969,59.45000076293945,41.189300537109375,70.21399688720703,63.24800109863281,,,,,,,,
2025-01-02 12:41:00,,,,,,,,,,,,,0.0,,,,,,,
2025-01-02 12:45:00,0.0,10.0,12.083000183105469,10.0,20.0,63.22990036010742,1.5849000215530396,68.98290252685547,59.61199951171875,41.44179916381836,70.80799865722656,70.5199966430664,,,,,,,,
2025-01-02 13:00:00,0.0,10.0,10.801799774169922,10.0,20.0,62.30649948120117,1.5123000144958496,67.9800033569336,60.79999923706055,41.75310134887695,71.2760009765625,66.25399780273438,,,,,,,,
2025-01-02 13:15:00,0.0,10.0,5.241899967193604,10.0,20.0,61.885101318359375,1.5078999996185305,66.70709991455078,61.61000061035156,41.814701080322266,71.87000274658203,66.12799835205078,,,,,,,,
2025-01-02 13:30:00,0.0,10.0,8.43019962310791,10.0,20.0,61.99079895019531,1.5159000158309937,66.97709655761719,61.64599990844727,42.059600830078125,71.74400329589844,69.45800018310547,,,,,,,,
2025-01-02 13:45:00,0.0,10.0,15.459400177001951,10.0,20.0,61.50120162963867,1.5104000568389893,66.62999725341797,61.80799865722656,42.42129898071289,71.90599822998047,65.44400024414062,,,,,,,,
2025-01-02 14:00:00,0.0,10.0,10.725899696350098,10.0,20.0,61.434200286865234,1.5628999471664429,66.55290222167969,61.80799865722656,42.65879821777344,71.94200134277344,65.60600280761719,,,,,,,,
2025-01-02 14:15:00,0.0,10.0,0.0,10.0,20.0,61.47980117797852,1.5292999744415283,65.4343032836914,62.492000579833984,43.58089828491211,72.46399688720703,67.60399627685547,,,,,,,,
2025-01-02 14:30:00,0.0,10.0,0.0,10.0,20.0,61.64870071411133,1.469499945640564,66.16709899902344,61.80799865722656,43.182899475097656,72.12200164794922,65.40799713134766,,,,,,,,
2025-01-02 14:45:00,0.0,10.0,10.769399642944336,10.0,20.0,61.53369903564453,1.475600004196167,66.16709899902344,61.80799865722656,43.63710021972656,72.12200164794922,65.31800079345703,,,,,,,,
2025-01-02 15:00:00,0.0,10.0,6.38730001449585,10.0,20.0,61.91790008544922,1.5549999475479126,66.55290222167969,61.80799865722656,43.63710021972656,71.94200134277344,67.47799682617188,,,,,,,,
2025-01-02 15:15:00,0.0,10.0,10.354299545288086,10.0,20.0,61.49300003051758,1.493899941444397,65.97429656982422,61.80799865722656,43.125301361083984,72.21199798583984,65.44400024414062,,,,,,,,
2025-01-02 15:30:00,0.0,10.0,8.844599723815918,10.0,20.0,61.52429962158203,1.4767999649047852,66.55290222167969,61.77199935913086,42.71770095825195,71.94200134277344,67.35199737548828,,,,,,,,
2025-01-02 15:45:00,0.0,10.0,12.395899772644045,10.0,20.0,61.54710006713867,1.4658000469207764,66.24430084228516,61.80799865722656,42.059600830078125,72.08599853515625,69.08000183105469,,,,,,,,
2025-01-02 16:00:00,0.0,10.0,11.909899711608888,10.0,20.0,61.250301361083984,1.4780000448226929,66.9000015258789,61.30400085449219,41.87620162963867,71.77999877929688,65.19200134277344,,,,,,,,
2025-01-02 16:15:00,0.0,10.0,5.576499938964844,10.0,20.0,61.630001068115234,1.495100021362305,66.55290222167969,61.46599960327149,41.31589889526367,71.94200134277344,66.0739974975586,,,,,,,,
2025-01-02 16:30:00,0.0,10.0,7.768300056457519,10.0,20.0,61.98630142211914,1.530500054359436,67.16999816894531,61.141998291015625,40.93360137939453,71.65399932861328,69.33200073242188,,,,,,,,
2025-01-02 17:00:00,0.0,10.0,10.808099746704102,10.0,20.0,62.53089904785156,1.4773999452590942,67.70999908447266,60.422000885009766,39.18999862670898,71.4020004272461,71.49199676513672,,,,,,,,
2025-01-02 17:15:00,0.0,10.0,7.785299777984619,10.0,20.0,62.23400115966797,1.502500057220459,67.24710083007812,60.16999816894531,37.96749877929688,71.61799621582031,69.58399963378906,,,,,,,,
2025-01-02 17:30:00,0.0,10.0,7.386000156402588,10.0,20.0,62.37710189819336,1.5232000350952148,67.9800033569336,59.66600036621094,36.8026008605957,71.2760009765625,68.64800262451172,,,,,,,,
2025-01-02 17:45:00,0.0,10.0,7.8805999755859375,10.0,20.0,61.97520065307617,1.502500057220459,67.78710174560547,59.27000045776367,36.04010009765625,71.36599731445312,66.66799926757812,,,,,,,,
2025-01-02 18:00:00,0.0,10.0,12.083999633789062,10.0,20.0,62.28020095825195,1.5159000158309937,67.9800033569336,58.76599884033203,35.44660186767578,71.2760009765625,64.97599792480469,,,,,,,,
2025-01-02 18:06:00,,,,,,,,,,,,,,,,,0.0,,,
2025-01-02 18:15:00,0.0,0.0,100.0,0.0,0.0,0.0,0.0268750004470348,70.8729019165039,73.43599700927734,34.902801513671875,69.9260025024414,71.69000244140625,,,,,,,,
2025-01-02 18:30:00,0.0,0.0,100.0,0.0,0.0,0.0,0.0268750004470348,74.15139770507812,81.91400146484375,34.342899322509766,68.39600372314453,68.9540023803711,,,,,,,,
2025-01-02 18:45:00,0.0,0.0,100.0,0.0,0.0,0.0,0.0268750004470348,75.0,84.79399871826172,33.83919906616211,67.60399627685547,67.38800048828125,,,,,,,,
2025-01-02 19:00:00,0.0,0.0,100.0,0.0,0.0,0.0,0.0268750004470348,75.0,86.62999725341797,33.69279861450195,67.26200103759766,66.4520034790039,,,,,,,,
2025-01-02 19:15:00,0.0,0.0,100.0,0.0,0.0,0.0,0.0262499991804361,75.0,87.5479965209961,33.09619903564453,66.88400268554688,66.03800201416016,,,,,,,,
2025-01-02 19:30:00,0.0,0.0,100.0,0.0,0.0,0.0,0.0262499991804361,75.0,88.28600311279297,32.867801666259766,66.37999725341797,65.69599914550781,,,,,,,,
2025-01-02 19:45:00,0.0,0.0,100.0,0.0,0.0,0.0,0.0262499991804361,75.0,88.66400146484375,32.40299987792969,66.19999694824219,65.69599914550781,,,,,,,,
2025-01-02 20:00:00,0.0,0.0,100.0,0.0,0.0,0.0,0.0262499991804361,75.0,89.11399841308594,31.92709922790528,65.19200134277344,65.66000366210938,,,,,,,,
2025-01-02 20:15:00,0.0,0.0,100.0,0.0,0.0,0.0,0.0262499991804361,75.0,89.43800354003906,31.440000534057617,64.7239990234375,65.53399658203125,,,,,,,,
2025-01-02 20:30:00,0.0,0.0,100.0,0.0,0.0,0.0,0.0262499991804361,75.0,89.94200134277344,30.8887996673584,64.05799865722656,65.69599914550781,,,,,,,,
2025-01-02 20:45:00,0.0,0.0,100.0,0.0,0.0,0.0,0.0262499991804361,75.0,90.13999938964844,30.82430076599121,64.09400177001953,65.8759994506836,,,,,,,,
2025-01-02 21:00:00,0.0,0.0,100.0,0.0,0.0,0.0,0.0262499991804361,75.0,90.31999969482422,30.497499465942383,63.3380012512207,66.00199890136719,,,,,,,,
2025-01-02 21:15:00,0.0,0.0,100.0,0.0,0.0,0.0,0.0262499991804361,75.0,90.31999969482422,30.298200607299805,62.83399963378906,65.91200256347656,,,,,,,,
2025-01-02 21:30:00,0.0,0.0,100.0,0.0,0.0,0.0,0.0262499991804361,75.0,90.8239974975586,30.028600692749023,62.83399963378906,66.03800201416016,,,,,,,,
2025-01-02 21:45:00,0.0,0.0,100.0,0.0,0.0,0.0,0.0262499991804361,75.0,90.68000030517578,29.823400497436523,62.3120002746582,66.19999694824219,,,,,,,,
2025-01-02 22:00:00,0.0,0.0,100.0,0.0,0.0,0.0,0.0262499991804361,75.0,90.87799835205078,29.823400497436523,61.98799896240234,66.19999694824219,,,,,,,,
2025-01-02 22:15:00,0.0,0.0,100.0,0.0,0.0,0.0,0.0262499991804361,75.0,91.05799865722656,29.475799560546875,61.68199920654297,66.19999694824219,,,,,,,,
2025-01-02 22:30:00,0.0,0.0,100.0,0.0,0.0,0.0,0.0262499991804361,75.0,91.14800262451172,29.54590034484864,61.98799896240234,66.37999725341797,,,,,,,,
2025-01-02 22:45:00,0.0,0.0,100.0,0.0,0.0,0.0,0.0262499991804361,75.0,91.05799865722656,29.26359939575196,61.141998291015625,66.54199981689453,,,,,,,,
2025-01-02 23:00:00,0.0,0.0,100.0,0.0,0.0,0.0,0.0262499991804361,75.0,91.23799896240234,29.26359939575196,61.141998291015625,66.54199981689453,,,,,,,,
2025-01-02 23:15:00,0.0,0.0,100.0,0.0,0.0,0.0,0.0262499991804361,75.0,91.23799896240234,29.475799560546875,61.2140007019043,66.5780029296875,,,,,,,,
2025-01-02 23:30:00,0.0,0.0,100.0,0.0,0.0,0.0,0.0262499991804361,75.0,91.5979995727539,29.685199737548828,61.178001403808594,66.7040023803711,,,,,,,,
2025-01-02 23:45:00,0.0,0.0,100.0,0.0,0.0,0.0,0.0262499991804361,75.0,91.56199645996094,29.475799560546875,60.92599868774414,66.88400268554688,,,,,,,,
2025-01-03 00:00:00,0.0,0.0,100.0,0.0,0.0,0.0,0.0262499991804361,75.0,91.5979995727539,29.40539932250977,60.79999923706055,67.01000213623047,0.0,0.0,0.0,0.0,0.0,0.0,0.0,0.0
2025-01-03 00:15:00,0.0,0.0,100.0,0.0,0.0,0.0,0.0262499991804361,75.0,91.5979995727539,29.19230079650879,60.79999923706055,66.88400268554688,,,,,,,,
2025-01-03 00:30:00,0.0,0.0,100.0,0.0,0.0,0.0,0.0262499991804361,75.0,91.7959976196289,29.26359939575196,60.79999923706055,67.01000213623047,,,,,,,,
2025-01-03 00:45:00,0.0,0.0,100.0,0.0,0.0,0.0,0.0262499991804361,75.0,91.7959976196289,28.831199645996094,60.45800018310547,66.91999816894531,,,,,,,,
2025-01-03 01:00:00,0.0,0.0,100.0,0.0,0.0,0.0,0.0262499991804361,75.0,91.97599792480467,28.536699295043945,60.29600143432617,66.9739990234375,,,,,,,,
2025-01-03 01:15:00,0.0,0.0,100.0,0.0,0.0,0.0,0.0262499991804361,75.0,91.97599792480467,28.16119956970215,60.04399871826172,67.01000213623047,,,,,,,,
2025-01-03 01:30:00,0.0,0.0,100.0,0.0,0.0,0.0,0.0256249997764825,75.0,92.3000030517578,28.0851993560791,59.95399856567383,67.0459976196289,,,,,,,,
2025-01-03 01:45:00,0.0,0.0,100.0,0.0,0.0,0.0,0.0256249997764825,75.0,92.15599822998048,27.543100357055664,59.82799911499024,67.0459976196289,,,,,,,,
2025-01-03 02:00:00,0.0,0.0,100.0,0.0,0.0,0.0,0.0262499991804361,75.0,92.33599853515624,27.46430015563965,59.79199981689453,67.13600158691406,,,,,,,,
2025-01-03 02:15:00,0.0,0.0,100.0,0.0,0.0,0.0,0.0262499991804361,75.0,92.53399658203124,27.06489944458008,59.45000076293945,67.0459976196289,,,,,,,,
2025-01-03 02:30:00,0.0,0.0,100.0,0.0,0.0,0.0,0.0262499991804361,75.0,92.53399658203124,26.983999252319336,59.27000045776367,67.0459976196289,,,,,,,,
2025-01-03 02:45:00,0.0,0.0,100.0,0.0,0.0,0.0,0.0262499991804361,75.0,92.53399658203124,26.983999252319336,59.27000045776367,67.0999984741211,,,,,,,,
2025-01-03 03:00:00,0.0,0.0,100.0,0.0,0.0,0.0,0.0262499991804361,75.0,92.56999969482422,26.820899963378903,59.27000045776367,67.0459976196289,,,,,,,,
2025-01-03 03:15:00,0.0,0.0,100.0,0.0,0.0,0.0,0.0262499991804361,75.0,92.53399658203124,26.983999252319336,59.27000045776367,67.0459976196289,,,,,,,,
2025-01-03 03:30:00,0.0,0.0,100.0,0.0,0.0,0.0,0.0262499991804361,75.0,92.8939971923828,26.57360076904297,59.071998596191406,67.1719970703125,,,,,,,,
2025-01-03 03:45:00,0.0,0.0,100.0,0.0,0.0,0.0,0.0262499991804361,75.0,92.66000366210938,26.49040031433105,59.73799896240234,67.1719970703125,,,,,,,,
2025-01-03 04:00:00,0.0,0.0,100.0,0.0,0.0,0.0,0.0262499991804361,75.0,92.71399688720705,26.40679931640625,59.95399856567383,67.0459976196289,,,,,,,,
2025-01-03 04:15:00,0.0,0.0,100.0,0.0,0.0,0.0,0.0262499991804361,75.0,92.8939971923828,26.322799682617188,59.27000045776367,67.0459976196289,,,,,,,,
2025-01-03 04:30:00,0.0,0.0,100.0,0.0,0.0,0.0,0.0262499991804361,75.0,93.27200317382812,26.322799682617188,59.27000045776367,67.22599792480469,,,,,,,,
2025-01-03 04:45:00,0.0,0.0,100.0,0.0,0.0,0.0,0.0262499991804361,75.0,93.0739974975586,26.73889923095703,59.108001708984375,67.22599792480469,,,,,,,,
2025-01-03 05:00:00,0.0,0.0,100.0,0.0,0.0,0.0,0.0256249997764825,75.0,93.27200317382812,26.73889923095703,59.108001708984375,67.38800048828125,,,,,,,,
2025-01-03 05:15:00,0.0,0.0,100.0,0.0,0.0,0.0,0.0256249997764825,75.0,92.98400115966795,27.06489944458008,59.48600006103516,67.38800048828125,,,,,,,,
2025-01-03 05:30:00,0.0,0.0,100.0,0.0,0.0,0.0,0.0262499991804361,75.0,92.8939971923828,26.983999252319336,59.95399856567383,67.55000305175781,,,,,,,,
2025-01-03 05:45:00,0.0,0.0,100.0,0.0,0.0,0.0,0.0256249997764825,75.0,93.27200317382812,27.06489944458008,60.242000579833984,67.60399627685547,,,,,,,,
2025-01-03 06:00:00,0.0,0.0,100.0,0.0,0.0,0.0,0.0256249997764825,75.0,93.0739974975586,27.305700302124023,60.63800048828125,67.7300033569336,,,,,,,,
2025-01-03 06:15:00,0.0,0.0,100.0,0.0,0.0,0.0,0.0262499991804361,75.0,92.8939971923828,27.305700302124023,60.33200073242188,67.7300033569336,,,,,,,,
2025-01-03 06:26:00,,,,,,,,,,,,,,1.0,,1.0,,,,1.0
2025-01-03 06:30:00,0.0,10.0,56.98849868774414,10.0,20.0,43.06880187988281,0.0243749991059303,75.0,76.47799682617188,27.14550018310547,64.09400177001953,95.54000091552734,,,,,,,,
2025-01-03 06:45:00,0.0,10.0,24.28019905090332,10.0,20.0,70.43679809570312,1.716099977493286,75.0,59.45000076293945,27.14550018310547,67.7300033569336,77.77400207519531,,,,,,,,
2025-01-03 07:00:00,0.0,10.0,22.51420021057129,10.0,20.0,93.1239013671875,1.7515000104904177,75.0,56.75,26.9025993347168,67.7300033569336,75.03800201416016,,,,,,,,
2025-01-03 07:15:00,0.0,10.0,19.48509979248047,10.0,20.0,84.32949829101562,0.659375011920929,73.76570129394531,57.54199981689453,26.983999252319336,68.57599639892578,71.43800354003906,,,,,,,,
2025-01-03 07:30:00,0.0,10.0,17.292800903320312,10.0,20.0,83.6312026977539,1.6562000513076782,72.68569946289062,56.9119987487793,26.9025993347168,69.08000183105469,73.68800354003906,,,,,,,,
2025-01-03 07:45:00,0.0,10.0,17.290199279785156,10.0,20.0,88.44450378417969,1.6055999994277954,72.3386001586914,56.624000549316406,26.983999252319336,69.24199676513672,72.78800201416016,,,,,,,,
2025-01-03 08:00:00,0.0,10.0,16.876800537109375,10.0,20.0,91.40709686279295,1.6569000482559204,71.68289947509766,56.9119987487793,26.983999252319336,69.5479965209961,71.90599822998047,,,,,,,,
2025-01-03 08:15:00,0.0,10.0,20.76160049438477,10.0,20.0,72.34929656982422,1.8444000482559204,71.33570098876953,58.22600173950195,27.69969940185547,69.70999908447266,71.05999755859375,,,,,,,,
2025-01-03 08:30:00,0.0,10.0,12.208399772644045,10.0,20.0,68.18930053710938,1.6140999794006348,70.79570007324219,59.61199951171875,28.536699295043945,69.96199798583984,72.87799835205078,,,,,,,,
2025-01-03 08:45:00,0.0,10.0,14.157500267028809,10.0,20.0,66.38670349121094,1.4981000423431396,69.79290008544922,59.82799911499024,29.334699630737305,70.43000030517578,66.16400146484375,,,,,,,,
2025-01-03 09:00:00,0.0,10.0,20.2716007232666,10.0,20.0,66.91230010986328,1.383999943733215,69.79290008544922,60.83599853515625,30.028600692749023,70.43000030517578,68.44999694824219,,,,,,,,
2025-01-03 09:15:00,0.0,10.0,17.80419921875,10.0,20.0,66.5208969116211,1.3658000230789185,69.05999755859375,61.46599960327149,30.7593994140625,70.77200317382812,70.46600341796875,,,,,,,,
2025-01-03 09:30:00,0.0,10.0,9.764399528503418,10.0,20.0,66.4845962524414,1.503600001335144,69.25289916992188,61.80799865722656,31.440000534057617,70.68199920654297,73.76000213623047,,,,,,,,
2025-01-03 09:45:00,0.0,10.0,6.603600025177002,10.0,20.0,65.27449798583984,1.5530999898910522,69.05999755859375,62.150001525878906,32.08700180053711,70.77200317382812,72.46399688720703,,,,,,,,
2025-01-03 10:00:00,0.0,10.0,7.321599960327148,10.0,20.0,65.46690368652344,1.5084999799728394,69.4457015991211,62.492000579833984,32.94430160522461,70.59200286865234,72.3740005493164,,,,,,,,
2025-01-03 10:15:00,0.0,10.0,6.556600093841553,10.0,20.0,63.77970123291016,1.5391000509262085,68.71289825439453,62.150001525878906,33.98440170288086,70.93399810791016,70.1780014038086,,,,,,,,
2025-01-03 10:30:00,0.0,10.0,6.881800174713135,10.0,20.0,63.86299896240234,1.5391000509262085,69.05999755859375,61.64599990844727,35.51350021362305,70.77200317382812,69.20600128173828,,,,,,,,
2025-01-03 10:45:00,0.0,10.0,8.038900375366211,10.0,20.0,64.1281967163086,1.5599000453948977,69.05999755859375,61.46599960327149,36.42530059814453,70.77200317382812,67.89199829101562,,,,,,,,
2025-01-03 11:00:00,0.0,10.0,11.440500259399414,10.0,20.0,63.98189926147461,1.5324000120162964,69.05999755859375,61.30400085449219,36.86470031738281,70.77200317382812,66.54199981689453,,,,,,,,
2025-01-03 11:15:00,0.0,10.0,12.07040023803711,10.0,20.0,63.6078987121582,1.4559999704360962,68.71289825439453,61.64599990844727,37.36759948730469,70.93399810791016,66.00199890136719,,,,,,,,
2025-01-03 11:30:00,0.0,10.0,17.970300674438477,10.0,20.0,64.02880096435547,1.4701000452041626,69.33000183105469,61.30400085449219,37.81900024414063,70.64600372314453,65.78600311279297,,,,,,,,
2025-01-03 11:45:00,0.0,10.0,17.948400497436523,10.0,20.0,64.2426986694336,1.4780000448226929,69.25289916992188,61.80799865722656,38.55139923095703,70.68199920654297,71.2760009765625,,,,,,,,
2025-01-03 12:00:00,0.0,10.0,14.605299949645996,10.0,20.0,64.44349670410156,1.4859999418258667,69.4457015991211,61.98799896240234,38.90850067138672,70.59200286865234,73.47200012207031,,,,,,,,
2025-01-03 12:15:00,0.0,10.0,10.994199752807615,10.0,20.0,63.976898193359375,1.4853999614715576,68.5199966430664,62.402000427246094,39.39870071411133,71.02400207519531,71.65399932861328,,,,,,,,
2025-01-03 12:30:00,0.0,10.0,7.905700206756592,10.0,20.0,64.02230072021484,1.4780000448226929,68.71289825439453,62.36600112915039,40.08000183105469,70.93399810791016,70.64600372314453,,,,,,,,
2025-01-03 12:45:00,0.0,10.0,7.226099967956543,10.0,20.0,63.91469955444336,1.5104000568389893,68.32710266113281,62.83399963378906,40.47829818725586,71.11399841308594,70.26799774169922,,,,,,,,
2025-01-03 13:00:00,0.0,10.0,11.33899974822998,10.0,20.0,63.999000549316406,1.518399953842163,68.63569641113281,62.869998931884766,40.99779891967773,70.97000122070312,71.94200134277344,,,,,,,,
2025-01-03 13:15:00,0.0,10.0,13.85319995880127,10.0,20.0,63.71549987792969,1.4493999481201172,67.70999908447266,63.15800094604492,41.37889862060547,71.4020004272461,70.1780014038086,,,,,,,,
2025-01-03 13:30:00,0.0,10.0,15.73040008544922,10.0,20.0,63.54399871826172,1.4847999811172483,68.05709838867188,63.03200149536133,42.12030029296875,71.23999786376953,66.37999725341797,,,,,,,,
2025-01-03 13:45:00,0.0,10.0,7.154900074005127,10.0,20.0,63.52040100097656,1.5128999948501587,67.63289642333984,63.68000030517578,43.06760025024414,71.43800354003906,66.9739990234375,,,,,,,,
2025-01-03 14:00:00,0.0,10.0,14.29669952392578,10.0,20.0,63.528900146484375,1.5372999906539917,67.9800033569336,63.84199905395508,43.35449981689453,71.2760009765625,69.5479965209961,,,,,,,,
2025-01-03 14:15:00,0.0,10.0,7.700699806213379,10.0,20.0,62.97019958496094,1.5378999710083008,67.24710083007812,64.34600067138672,43.8046989440918,71.61799621582031,67.22599792480469,,,,,,,,
2025-01-03 14:30:00,0.0,10.0,13.352899551391602,10.0,20.0,63.03160095214844,1.482300043106079,67.90290069580078,64.00399780273438,43.69319915771485,71.31199645996094,66.88400268554688,,,,,,,,
2025-01-03 14:45:00,0.0,10.0,5.164899826049805,10.0,20.0,62.98040008544922,1.482300043106079,67.63289642333984,64.00399780273438,43.69319915771485,71.43800354003906,67.47799682617188,,,,,,,,
2025-01-03 15:00:00,0.0,10.0,12.303899765014648,10.0,20.0,62.57559967041016,1.4931999444961548,67.78710174560547,63.84199905395508,43.46799850463867,71.36599731445312,66.7040023803711,,,,,,,,
2025-01-03 15:15:00,0.0,10.0,0.0,10.0,20.0,62.50439834594727,1.486600041389465,66.8228988647461,64.34600067138672,43.524600982666016,71.81600189208984,68.01799774169922,,,,,,,,
2025-01-03 15:30:00,0.0,10.0,0.0,10.0,20.0,62.03630065917969,1.4658000469207764,67.09290313720703,64.38200378417969,43.58089828491211,71.69000244140625,67.22599792480469,,,,,,,,
2025-01-03 15:45:00,0.0,10.0,0.0,10.0,20.0,62.00970077514648,1.502500057220459,66.9000015258789,64.50800323486328,43.58089828491211,71.77999877929688,67.22599792480469,,,,,,,,
2025-01-03 16:00:00,0.0,10.0,0.0,10.0,20.0,62.502201080322266,1.496399998664856,67.63289642333984,62.2400016784668,40.08000183105469,71.43800354003906,65.4800033569336,,,,,,,,
2025-01-03 16:15:00,0.0,10.0,10.39799976348877,10.0,20.0,63.01089859008789,1.4763000011444092,67.63289642333984,61.46599960327149,35.9098014831543,71.43800354003906,72.33799743652344,,,,,,,,
2025-01-03 16:30:00,0.0,10.0,15.00749969482422,10.0,20.0,63.268699645996094,1.4664000272750854,68.32710266113281,61.01599884033203,34.5547981262207,71.11399841308594,72.24800109863281,,,,,,,,
2025-01-03 16:45:00,0.0,10.0,13.222299575805664,10.0,20.0,63.52510070800781,1.478600025177002,68.32710266113281,61.01599884033203,34.48440170288086,71.11399841308594,72.91400146484375,,,,,,,,
2025-01-03 17:00:00,0.0,10.0,10.367799758911133,10.0,20.0,63.77429962158203,1.475600004196167,68.71289825439453,60.79999923706055,34.342899322509766,70.93399810791016,72.78800201416016,,,,,,,,
2025-01-03 17:15:00,0.0,10.0,5.900000095367432,10.0,20.0,63.36090087890625,1.4988000392913818,68.25,61.141998291015625,34.41379928588867,71.1500015258789,70.052001953125,,,,,,,,
2025-01-03 17:30:00,0.0,10.0,6.732999801635742,10.0,20.0,63.378700256347656,1.5200999975204468,68.5199966430664,60.96200180053711,34.20029830932617,71.02400207519531,69.96199798583984,,,,,,,,
2025-01-03 17:45:00,0.0,10.0,5.179699897766113,10.0,20.0,63.46590042114258,1.503600001335144,67.9800033569336,60.79999923706055,34.12860107421875,71.2760009765625,68.8280029296875,,,,,,,,
2025-01-03 18:00:00,0.0,10.0,6.472400188446045,10.0,20.0,64.02850341796875,1.4810999631881714,68.17289733886719,60.63800048828125,34.20029830932617,71.18599700927734,69.11599731445312,,,,,,,,
2025-01-03 18:06:00,,,,,,,,,,,,,,,,,,0.0,,
2025-01-03 18:15:00,0.0,0.0,100.0,0.0,0.0,0.0,0.0268750004470348,71.60569763183594,71.4020004272461,33.83919906616211,69.58399963378906,65.19200134277344,,,,,,,,
2025-01-03 18:30:00,0.0,0.0,100.0,0.0,0.0,0.0,0.0268750004470348,75.0,78.87200164794922,33.47119903564453,67.55000305175781,64.05799865722656,,,,,,,,
2025-01-03 18:45:00,0.0,0.0,100.0,0.0,0.0,0.0,0.0268750004470348,75.0,81.31999969482422,32.791099548339844,66.37999725341797,63.3380012512207,,,,,,,,
2025-01-03 19:00:00,0.0,0.0,100.0,0.0,0.0,0.0,0.0268750004470348,75.0,82.97599792480469,32.16640090942383,66.03800201416016,62.83399963378906,,,,,,,,
2025-01-03 19:15:00,0.0,0.0,100.0,0.0,0.0,0.0,0.0268750004470348,75.0,83.85800170898438,31.603700637817383,65.02999877929688,62.492000579833984,,,,,,,,
2025-01-03 19:30:00,0.0,0.0,100.0,0.0,0.0,0.0,0.0268750004470348,75.0,84.59600067138672,31.52199935913086,64.50800323486328,62.492000579833984,,,,,,,,
2025-01-03 19:45:00,0.0,0.0,100.0,0.0,0.0,0.0,0.0268750004470348,75.0,84.9739990234375,31.191999435424805,63.59000015258789,62.65399932861328,,,,,,,,
2025-01-03 20:00:00,0.0,0.0,100.0,0.0,0.0,0.0,0.0268750004470348,75.0,85.53199768066406,31.191999435424805,63.374000549316406,62.90599822998047,,,,,,,,
2025-01-03 20:15:00,0.0,0.0,100.0,0.0,0.0,0.0,0.0262499991804361,75.0,85.71199798583984,31.02499961853028,63.3380012512207,63.15800094604492,,,,,,,,
2025-01-03 20:30:00,0.0,0.0,100.0,0.0,0.0,0.0,0.0268750004470348,75.0,86.44999694824219,31.108699798583984,62.83399963378906,63.59000015258789,,,,,,,,
2025-01-03 20:45:00,0.0,0.0,100.0,0.0,0.0,0.0,0.0268750004470348,75.0,86.98999786376953,30.953100204467773,62.61800003051758,63.84199905395508,,,,,,,,
2025-01-03 21:00:00,0.0,0.0,100.0,0.0,0.0,0.0,0.0268750004470348,75.0,86.80999755859375,30.7593994140625,62.492000579833984,64.00399780273438,,,,,,,,
2025-01-03 21:15:00,0.0,0.0,100.0,0.0,0.0,0.0,0.0268750004470348,75.0,87.0979995727539,30.563400268554688,61.64599990844727,64.34600067138672,,,,,,,,
2025-01-03 21:30:00,0.0,0.0,100.0,0.0,0.0,0.0,0.0262499991804361,75.0,87.4219970703125,30.16390037536621,61.98799896240234,64.34600067138672,,,,,,,,
2025-01-03 21:45:00,0.0,0.0,100.0,0.0,0.0,0.0,0.0262499991804361,75.0,87.18800354003906,29.26359939575196,61.64599990844727,64.68800354003906,,,,,,,,
2025-01-03 22:00:00,0.0,0.0,100.0,0.0,0.0,0.0,0.0262499991804361,75.0,87.72799682617188,28.387500762939453,61.141998291015625,64.8499984741211,,,,,,,,
2025-01-03 22:15:00,0.0,0.0,100.0,0.0,0.0,0.0,0.0262499991804361,75.0,88.10600280761719,28.00869941711425,60.79999923706055,65.02999877929688,,,,,,,,
2025-01-03 22:30:00,0.0,0.0,100.0,0.0,0.0,0.0,0.0262499991804361,75.0,88.66400146484375,27.93199920654297,61.0880012512207,65.19200134277344,,,,,,,,
2025-01-03 22:45:00,0.0,0.0,100.0,0.0,0.0,0.0,0.0262499991804361,75.0,88.84400177001953,28.00869941711425,61.141998291015625,65.35399627685547,,,,,,,,
2025-01-03 23:00:00,0.0,0.0,100.0,0.0,0.0,0.0,0.0262499991804361,75.0,88.84400177001953,27.77750015258789,61.141998291015625,65.53399658203125,,,,,,,,
2025-01-03 23:30:00,0.0,0.0,100.0,0.0,0.0,0.0,0.0262499991804361,75.0,89.4020004272461,27.225799560546875,60.63800048828125,65.8759994506836,,,,,,,,
2025-01-03 23:45:00,0.0,0.0,100.0,0.0,0.0,0.0,0.0262499991804361,75.0,89.58200073242188,26.983999252319336,60.29600143432617,65.8759994506836,,,,,,,,
2025-01-04 00:00:00,0.0,0.0,100.0,0.0,0.0,0.0,0.0262499991804361,75.0,89.85199737548828,26.983999252319336,60.58399963378906,66.03800201416016,0.0,0.0,0.0,0.0,0.0,0.0,0.0,0.0
2025-01-04 00:15:00,0.0,0.0,100.0,0.0,0.0,0.0,0.0262499991804361,75.0,89.4020004272461,27.14550018310547,60.29600143432617,66.03800201416016,,,,,,,,
2025-01-04 00:30:00,0.0,0.0,100.0,0.0,0.0,0.0,0.0256249997764825,75.0,89.72599792480469,27.14550018310547,60.11600112915039,66.19999694824219,,,,,,,,
2025-01-04 00:45:00,0.0,0.0,100.0,0.0,0.0,0.0,0.0262499991804361,75.0,90.13999938964844,27.14550018310547,60.242000579833984,66.19999694824219,,,,,,,,
2025-01-04 01:00:00,0.0,0.0,100.0,0.0,0.0,0.0,0.0262499991804361,75.0,90.26599884033205,27.225799560546875,60.29600143432617,66.25399780273438,,,,,,,,
2025-01-04 01:15:00,0.0,0.0,100.0,0.0,0.0,0.0,0.0262499991804361,75.0,89.76200103759766,26.983999252319336,60.20600128173828,66.37999725341797,,,,,,,,
2025-01-04 01:30:00,0.0,0.0,100.0,0.0,0.0,0.0,0.0262499991804361,75.0,89.94200134277344,27.06489944458008,59.61199951171875,66.54199981689453,,,,,,,,
2025-01-04 01:45:00,0.0,0.0,100.0,0.0,0.0,0.0,0.0262499991804361,75.0,89.94200134277344,26.9025993347168,59.9900016784668,66.54199981689453,,,,,,,,
2025-01-04 02:00:00,0.0,0.0,100.0,0.0,0.0,0.0,0.0262499991804361,75.0,89.99600219726562,26.49040031433105,59.61199951171875,66.54199981689453,,,,,,,,
2025-01-04 02:15:00,0.0,0.0,100.0,0.0,0.0,0.0,0.0262499991804361,75.0,89.76200103759766,26.9025993347168,59.79199981689453,66.63200378417969,,,,,,,,
2025-01-04 02:30:00,0.0,0.0,100.0,0.0,0.0,0.0,0.0262499991804361,75.0,89.76200103759766,26.49040031433105,59.45000076293945,66.7040023803711,,,,,,,,
2025-01-04 02:45:00,0.0,0.0,100.0,0.0,0.0,0.0,0.0262499991804361,75.0,89.94200134277344,26.57360076904297,59.45000076293945,66.7040023803711,,,,,,,,
2025-01-04 03:00:00,0.0,0.0,100.0,0.0,0.0,0.0,0.0262499991804361,75.0,90.31999969482422,26.40679931640625,59.27000045776367,66.7040023803711,,,,,,,,
2025-01-04 03:15:00,0.0,0.0,100.0,0.0,0.0,0.0,0.0262499991804361,75.0,90.31999969482422,26.57360076904297,59.61199951171875,66.88400268554688,,,,,,,,
2025-01-04 03:30:00,0.0,0.0,100.0,0.0,0.0,0.0,0.0262499991804361,75.0,90.41000366210938,26.322799682617188,59.917999267578125,66.75800323486328,,,,,,,,
2025-01-04 03:45:00,0.0,0.0,100.0,0.0,0.0,0.0,0.0262499991804361,75.0,90.68000030517578,26.40679931640625,59.45000076293945,66.8479995727539,,,,,,,,
2025-01-04 04:00:00,0.0,0.0,100.0,0.0,0.0,0.0,0.0262499991804361,75.0,90.68000030517578,25.8971004486084,59.198001861572266,66.88400268554688,,,,,,,,
2025-01-04 04:15:00,0.0,0.0,100.0,0.0,0.0,0.0,0.0262499991804361,75.0,90.87799835205078,25.8971004486084,59.108001708984375,66.91999816894531,,,,,,,,
2025-01-04 04:30:00,0.0,,,,,0.0,0.0256249997764825,,91.05799865722656,,58.76599884033203,66.88400268554688,,,,,,,,
2025-01-04 04:45:00,0.0,0.0,100.0,0.0,0.0,0.0,0.0262499991804361,75.0,90.91400146484376,25.982999801635746,59.66600036621094,66.88400268554688,,,,,,,,
2025-01-04 05:00:00,0.0,0.0,100.0,0.0,0.0,0.0,0.0262499991804361,75.0,90.5,26.15369987487793,59.108001708984375,67.0459976196289,,,,,,,,
2025-01-04 05:15:00,0.0,0.0,100.0,0.0,0.0,0.0,0.0262499991804361,75.0,90.68000030517578,26.15369987487793,59.01800155639648,67.0459976196289,,,,,,,,
2025-01-04 05:30:00,0.0,0.0,100.0,0.0,0.0,0.0,0.0256249997764825,75.0,90.8239974975586,26.238500595092773,59.36000061035156,67.0459976196289,,,,,,,,
2025-01-04 05:45:00,0.0,0.0,100.0,0.0,0.0,0.0,0.0262499991804361,75.0,90.5,26.322799682617188,59.108001708984375,67.0459976196289,,,,,,,,
2025-01-04 06:00:00,0.0,0.0,100.0,0.0,0.0,0.0,0.0262499991804361,75.0,90.68000030517578,26.40679931640625,59.108001708984375,67.22599792480469,,,,,,,,
2025-01-04 06:15:00,0.0,0.0,100.0,0.0,0.0,0.0,0.0262499991804361,75.0,90.1760025024414,26.40679931640625,58.98199844360352,67.2979965209961,,,,,,,,
2025-01-04 06:30:00,0.0,0.0,100.0,0.0,0.0,0.0,0.0262499991804361,75.0,90.68000030517578,25.982999801635746,58.76599884033203,67.22599792480469,,,,,,,,
2025-01-04 06:45:00,0.0,0.0,100.0,0.0,0.0,0.0,0.0262499991804361,75.0,90.5,26.15369987487793,58.81999969482422,67.22599792480469,,,,,,,,
2025-01-04 07:00:00,0.0,0.0,100.0,0.0,0.0,0.0,0.0256249997764825,75.0,90.87799835205078,25.724000930786133,59.27000045776367,67.22599792480469,,,,,,,,
2025-01-04 07:15:00,0.0,0.0,100.0,0.0,0.0,0.0,0.0262499991804361,75.0,91.05799865722656,25.810800552368164,59.32400131225586,67.0459976196289,,,,,,,,
2025-01-04 07:30:00,0.0,0.0,100.0,0.0,0.0,0.0,0.0262499991804361,75.0,91.05799865722656,25.810800552368164,59.45000076293945,67.1719970703125,,,,,,,,
2025-01-04 07:45:00,0.0,0.0,100.0,0.0,0.0,0.0,0.0262499991804361,75.0,90.5,26.06859970092773,59.27000045776367,67.22599792480469,,,,,,,,
2025-01-04 08:00:00,0.0,0.0,100.0,0.0,0.0,0.0,0.0262499991804361,75.0,90.87799835205078,26.322799682617188,59.61199951171875,67.26200103759766,,,,,,,,
2025-01-04 08:15:00,0.0,0.0,100.0,0.0,0.0,0.0,0.0262499991804361,75.0,90.7699966430664,26.40679931640625,59.82799911499024,67.26200103759766,,,,,,,,
2025-01-04 08:30:00,0.0,0.0,100.0,0.0,0.0,0.0,0.0256249997764825,75.0,91.00399780273438,26.9025993347168,59.95399856567383,67.7300033569336,,,,,,,,
2025-01-04 08:45:00,0.0,0.0,100.0,0.0,0.0,0.0,0.0262499991804361,75.0,91.23799896240234,27.305700302124023,60.96200180053711,68.0719985961914,,,,,,,,
2025-01-04 09:00:00,0.0,0.0,100.0,0.0,0.0,0.0,0.0262499991804361,75.0,91.29199981689452,27.69969940185547,61.64599990844727,68.57599639892578,,,,,,,,
2025-01-04 09:15:00,0.0,0.0,100.0,0.0,0.0,0.0,0.0262499991804361,75.0,90.87799835205078,27.93199920654297,60.96200180053711,69.4219970703125,,,,,,,,
2025-01-04 09:30:00,0.0,0.0,100.0,0.0,0.0,0.0,0.0262499991804361,75.0,91.7959976196289,28.312400817871094,62.492000579833984,69.58399963378906,,,,,,,,
2025-01-04 09:45:00,0.0,0.0,100.0,0.0,0.0,0.0,0.0262499991804361,75.0,91.5979995727539,28.684600830078125,62.060001373291016,70.08799743652344,,,,,,,,
2025-01-04 10:00:00,0.0,0.0,100.0,0.0,0.0,0.0,0.0262499991804361,75.0,91.97599792480467,29.334699630737305,62.65399932861328,70.43000030517578,,,,,,,,
2025-01-04 10:15:00,0.0,0.0,100.0,0.0,0.0,0.0,0.0262499991804361,75.0,91.5979995727539,30.096399307250977,62.83399963378906,70.77200317382812,,,,,,,,
2025-01-04 10:30:00,0.0,0.0,100.0,0.0,0.0,0.0,0.0262499991804361,75.0,91.97599792480467,30.16390037536621,63.21200180053711,71.11399841308594,,,,,,,,
2025-01-04 10:45:00,0.0,0.0,100.0,0.0,0.0,0.0,0.0268750004470348,75.0,91.5979995727539,30.028600692749023,63.3380012512207,70.93399810791016,,,,,,,,
2025-01-04 11:00:00,0.0,0.0,100.0,0.0,0.0,0.0,0.0262499991804361,75.0,91.97599792480467,30.16390037536621,63.6259994506836,71.11399841308594,,,,,,,,
2025-01-04 11:15:00,0.0,0.0,100.0,0.0,0.0,0.0,0.0262499991804361,75.0,91.7959976196289,30.694299697875977,63.84199905395508,71.11399841308594,,,,,,,,
2025-01-04 11:30:00,0.0,0.0,100.0,0.0,0.0,0.0,0.0268750004470348,75.0,92.24600219726562,30.36490058898925,64.00399780273438,71.43800354003906,,,,,,,,
2025-01-04 11:45:00,0.0,0.0,100.0,0.0,0.0,0.0,0.0262499991804361,75.0,91.18399810791016,29.96050071716309,63.84199905395508,71.49199676513672,,,,,,,,
2025-01-04 12:00:00,0.0,0.0,100.0,0.0,0.0,0.0,0.0262499991804361,75.0,91.7959976196289,30.431299209594727,63.84199905395508,71.2760009765625,,,,,,,,
2025-01-04 12:15:00,0.0,0.0,100.0,0.0,0.0,0.0,0.0262499991804361,75.0,91.5979995727539,30.231199264526367,63.84199905395508,71.43800354003906,,,,,,,,
2025-01-04 12:30:00,0.0,0.0,100.0,0.0,0.0,0.0,0.0262499991804361,75.0,91.97599792480467,30.8887996673584,64.00399780273438,71.74400329589844,,,,,,,,
2025-01-04 12:45:00,0.0,0.0,100.0,0.0,0.0,0.0,0.0262499991804361,75.0,92.56999969482422,31.766000747680664,64.8499984741211,71.94200134277344,,,,,,,,
2025-01-04 13:00:00,0.0,0.0,100.0,0.0,0.0,0.0,0.0262499991804361,75.0,92.71399688720705,31.52199935913086,65.02999877929688,72.46399688720703,,,,,,,,
2025-01-04 13:15:00,0.0,0.0,100.0,0.0,0.0,0.0,0.0262499991804361,75.0,93.0739974975586,31.191999435424805,65.02999877929688,72.28399658203125,,,,,,,,
2025-01-04 13:30:00,0.0,0.0,100.0,0.0,0.0,0.0,0.0262499991804361,75.0,92.98400115966795,30.7593994140625,64.50800323486328,71.94200134277344,,,,,,,,
2025-01-04 13:45:00,0.0,0.0,100.0,0.0,0.0,0.0,0.0262499991804361,75.0,92.53399658203124,31.108699798583984,64.00399780273438,71.61799621582031,,,,,,,,
2025-01-04 14:00:00,0.0,0.0,100.0,0.0,0.0,0.0,0.0262499991804361,75.0,93.30799865722656,31.84670066833496,64.68800354003906,71.94200134277344,,,,,,,,
2025-01-04 14:15:00,0.0,0.0,100.0,0.0,0.0,0.0,0.0262499991804361,75.0,93.4520034790039,31.603700637817383,64.81400299072266,72.28399658203125,,,,,,,,
2025-01-04 14:30:00,0.0,0.0,100.0,0.0,0.0,0.0,0.0268750004470348,75.0,93.0739974975586,30.694299697875977,64.50800323486328,71.90599822998047,,,,,,,,
2025-01-04 14:45:00,0.0,0.0,100.0,0.0,0.0,0.0,0.0262499991804361,75.0,92.66000366210938,30.8887996673584,63.5,71.43800354003906,,,,,,,,
2025-01-04 15:00:00,0.0,0.0,100.0,0.0,0.0,0.0,0.0268750004470348,75.0,92.71399688720705,31.84670066833496,64.34600067138672,71.61799621582031,,,,,,,,
2025-01-04 15:15:00,0.0,0.0,100.0,0.0,0.0,0.0,0.0262499991804361,75.0,93.27200317382812,32.08700180053711,64.68800354003906,72.28399658203125,,,,,,,,
2025-01-04 15:30:00,0.0,0.0,100.0,0.0,0.0,0.0,0.0268750004470348,75.0,93.0739974975586,31.52199935913086,64.77799987792969,73.12999725341797,,,,,,,,
2025-01-04 15:45:00,0.0,0.0,100.0,0.0,0.0,0.0,0.0262499991804361,75.0,93.68599700927734,31.191999435424805,64.77799987792969,73.30999755859375,,,,,,,,
2025-01-04 16:00:00,0.0,0.0,100.0,0.0,0.0,0.0,0.0262499991804361,75.0,92.8939971923828,30.7593994140625,64.00399780273438,73.25599670410156,,,,,,,,
2025-01-04 16:15:00,0.0,0.0,100.0,0.0,0.0,0.0,0.0268750004470348,75.0,92.53399658203124,30.096399307250977,63.4640007019043,72.87799835205078,,,,,,,,
2025-01-04 16:30:00,0.0,0.0,100.0,0.0,0.0,0.0,0.0262499991804361,75.0,93.03800201416016,29.54590034484864,63.12200164794922,72.28399658203125,,,,,,,,
2025-01-04 16:45:00,0.0,0.0,100.0,0.0,0.0,0.0,0.0262499991804361,75.0,93.27200317382812,28.976600646972656,62.58200073242188,71.77999877929688,,,,,,,,
2025-01-04 17:00:00,0.0,0.0,100.0,0.0,0.0,0.0,0.0262499991804361,75.0,92.71399688720705,28.831199645996094,62.58200073242188,70.93399810791016,,,,,,,,
2025-01-04 17:15:00,0.0,0.0,100.0,0.0,0.0,0.0,0.0262499991804361,75.0,92.44400024414062,27.93199920654297,62.3120002746582,70.08799743652344,,,,,,,,
2025-01-04 17:30:00,0.0,0.0,100.0,0.0,0.0,0.0,0.0262499991804361,75.0,92.06600189208984,27.93199920654297,61.30400085449219,69.74600219726562,,,,,,,,
2025-01-04 17:45:00,0.0,0.0,100.0,0.0,0.0,0.0,0.0262499991804361,75.0,92.12000274658205,27.62159919738769,62.3120002746582,69.08000183105469,,,,,,,,
2025-01-04 18:00:00,0.0,0.0,100.0,0.0,0.0,0.0,0.0262499991804361,75.0,91.97599792480467,27.543100357055664,61.73600006103516,68.73799896240234,,,,,,,,
2025-01-04 18:15:00,0.0,0.0,100.0,0.0,0.0,0.0,0.0262499991804361,75.0,91.74199676513672,27.543100357055664,61.178001403808594,68.57599639892578,,,,,,,,
2025-01-04 18:30:00,0.0,0.0,100.0,0.0,0.0,0.0,0.0262499991804361,75.0,91.7959976196289,27.14550018310547,60.67399978637695,68.39600372314453,,,,,,,,
2025-01-04 18:45:00,0.0,0.0,100.0,0.0,0.0,0.0,0.0262499991804361,75.0,92.02999877929688,27.225799560546875,60.96200180053711,68.23400115966797,,,,,,,,
2025-01-04 19:00:00,0.0,0.0,100.0,0.0,0.0,0.0,0.0262499991804361,75.0,91.9219970703125,27.14550018310547,60.45800018310547,68.0719985961914,,,,,,,,
2025-01-04 19:15:00,0.0,0.0,100.0,0.0,0.0,0.0,0.0256249997764825,75.0,91.97599792480467,26.656400680541992,60.63800048828125,67.94599914550781,,,,,,,,
2025-01-04 19:30:00,0.0,0.0,100.0,0.0,0.0,0.0,0.0262499991804361,75.0,91.97599792480467,26.656400680541992,60.29600143432617,67.89199829101562,,,,,,,,
2025-01-04 19:45:00,0.0,0.0,100.0,0.0,0.0,0.0,0.0262499991804361,75.0,91.83200073242188,26.322799682617188,61.141998291015625,67.7300033569336,,,,,,,,
2025-01-04 20:00:00,0.0,0.0,100.0,0.0,0.0,0.0,0.0262499991804361,75.0,91.7959976196289,26.238500595092773,60.96200180053711,67.55000305175781,,,,,,,,
2025-01-04 20:15:00,0.0,0.0,100.0,0.0,0.0,0.0,0.0262499991804361,75.0,92.15599822998048,25.63689994812012,61.05199813842773,67.38800048828125,,,,,,,,
2025-01-04 20:30:00,0.0,0.0,100.0,0.0,0.0,0.0,0.0262499991804361,75.0,91.83200073242188,25.63689994812012,60.63800048828125,67.38800048828125,,,,,,,,
2025-01-04 20:45:00,0.0,0.0,100.0,0.0,0.0,0.0,0.0262499991804361,75.0,91.97599792480467,25.37290000915528,61.0880012512207,67.22599792480469,,,,,,,,
2025-01-04 21:00:00,0.0,0.0,100.0,0.0,0.0,0.0,0.0262499991804361,75.0,92.15599822998048,25.015199661254883,60.45800018310547,67.13600158691406,,,,,,,,
2025-01-04 21:30:00,0.0,0.0,100.0,0.0,0.0,0.0,0.0262499991804361,75.0,92.24600219726562,24.65049934387207,59.540000915527344,67.22599792480469,,,,,,,,
2025-01-04 21:45:00,0.0,0.0,100.0,0.0,0.0,0.0,0.0262499991804361,75.0,92.15599822998048,24.465499877929688,60.04399871826172,67.0459976196289,,,,,,,,
2025-01-04 22:00:00,0.0,0.0,100.0,0.0,0.0,0.0,0.0256249997764825,75.0,92.15599822998048,24.65049934387207,59.70199966430664,67.0459976196289,,,,,,,,
2025-01-04 22:15:00,0.0,0.0,100.0,0.0,0.0,0.0,0.0262499991804361,75.0,92.4800033569336,24.55820083618164,59.95399856567383,66.9739990234375,,,,,,,,
2025-01-04 22:30:00,0.0,0.0,100.0,0.0,0.0,0.0,0.0262499991804361,75.0,92.15599822998048,23.995100021362305,59.70199966430664,66.88400268554688,,,,,,,,
2025-01-04 22:45:00,0.0,0.0,100.0,0.0,0.0,0.0,0.0256249997764825,75.0,92.33599853515624,23.803699493408203,60.33200073242188,66.88400268554688,,,,,,,,
2025-01-04 23:00:00,0.0,0.0,100.0,0.0,0.0,0.0,0.0262499991804361,75.0,92.71399688720705,23.61039924621582,60.45800018310547,66.75800323486328,,,,,,,,
2025-01-04 23:15:00,0.0,0.0,100.0,0.0,0.0,0.0,0.0262499991804361,75.0,92.33599853515624,23.51300048828125,60.20600128173828,66.8479995727539,,,,,,,,
2025-01-04 23:30:00,0.0,0.0,100.0,0.0,0.0,0.0,0.0262499991804361,75.0,92.44400024414062,23.51300048828125,60.709999084472656,66.7040023803711,,,,,,,,
2025-01-04 23:45:00,0.0,0.0,100.0,0.0,0.0,0.0,0.0256249997764825,75.0,92.8939971923828,23.01880073547364,60.29600143432617,66.7040023803711,,,,,,,,
2025-01-05 00:00:00,0.0,0.0,100.0,0.0,0.0,0.0,0.0256249997764825,75.0,92.85800170898438,22.81760025024414,60.45800018310547,66.7040023803711,0.0,0.0,0.0,0.0,0.0,0.0,0.0,0.0
2025-01-05 00:15:00,0.0,0.0,100.0,0.0,0.0,0.0,0.0256249997764825,75.0,92.53399658203124,22.71629905700684,58.47800064086914,66.7040023803711,,,,,,,,
2025-01-05 00:30:00,0.0,0.0,100.0,0.0,0.0,0.0,0.0256249997764825,75.0,93.27200317382812,22.409099578857425,57.757999420166016,66.88400268554688,,,,,,,,
2025-01-05 00:45:00,0.0,0.0,100.0,0.0,0.0,0.0,0.0256249997764825,75.0,93.63200378417967,22.09720039367676,57.41600036621094,66.88400268554688,,,,,,,,
2025-01-05 01:00:00,0.0,0.0,100.0,0.0,0.0,0.0,0.0256249997764825,75.0,93.9739990234375,21.458799362182617,57.25400161743164,66.88400268554688,,,,,,,,
2025-01-05 01:15:00,0.0,0.0,100.0,0.0,0.0,0.0,0.0256249997764825,75.0,93.9739990234375,21.02190017700196,57.290000915527344,66.8479995727539,,,,,,,,
2025-01-05 01:30:00,0.0,0.0,100.0,0.0,0.0,0.0,0.0256249997764825,75.0,93.9739990234375,21.02190017700196,57.07400131225586,66.79399871826172,,,,,,,,
2025-01-05 01:45:00,0.0,0.0,100.0,0.0,0.0,0.0,0.0256249997764825,75.0,93.7760009765625,21.131999969482425,57.25400161743164,66.7040023803711,,,,,,,,
2025-01-05 02:00:00,0.0,0.0,100.0,0.0,0.0,0.0,0.0262499991804361,75.0,93.9739990234375,21.00200080871582,57.25400161743164,66.7040023803711,,,,,,,,
2025-01-05 02:15:00,0.0,0.0,100.0,0.0,0.0,0.0,0.0256249997764825,75.0,94.13600158691406,21.00200080871582,57.59600067138672,66.7040023803711,,,,,,,,
2025-01-05 02:30:00,0.0,0.0,100.0,0.0,0.0,0.0,0.0256249997764825,75.0,93.9739990234375,21.00200080871582,57.41600036621094,66.7040023803711,,,,,,,,
2025-01-05 02:45:00,0.0,0.0,100.0,0.0,0.0,0.0,0.0256249997764825,75.0,93.9739990234375,21.00200080871582,57.07400131225586,66.7040023803711,,,,,,,,
2025-01-05 03:00:00,0.0,0.0,100.0,0.0,0.0,0.0,0.0256249997764825,75.0,93.7760009765625,21.00200080871582,57.07400131225586,66.7040023803711,,,,,,,,
2025-01-05 03:15:00,0.0,0.0,100.0,0.0,0.0,0.0,0.0256249997764825,75.0,94.02799987792967,21.00200080871582,56.75,66.79399871826172,,,,,,,,
2025-01-05 03:30:00,0.0,0.0,100.0,0.0,0.0,0.0,0.0256249997764825,75.0,94.19000244140624,21.00200080871582,56.7859992980957,66.7040023803711,,,,,,,,
2025-01-05 03:45:00,0.0,0.0,100.0,0.0,0.0,0.0,0.0256249997764825,75.0,94.08200073242188,21.00200080871582,56.9119987487793,66.54199981689453,,,,,,,,
2025-01-05 04:00:00,0.0,0.0,100.0,0.0,0.0,0.0,0.0256249997764825,75.0,93.91999816894533,21.00200080871582,56.75,66.54199981689453,,,,,,,,
2025-01-05 04:15:00,0.0,0.0,100.0,0.0,0.0,0.0,0.0256249997764825,75.0,93.63200378417967,21.00200080871582,56.624000549316406,66.37999725341797,,,,,,,,
2025-01-05 04:30:00,0.0,0.0,100.0,0.0,0.0,0.0,0.0256249997764825,75.0,93.4520034790039,21.00200080871582,56.9119987487793,66.37999725341797,,,,,,,,
2025-01-05 04:45:00,0.0,0.0,100.0,0.0,0.0,0.0,0.0256249997764825,75.0,93.4520034790039,21.00200080871582,56.56999969482422,66.32599639892578,,,,,,,,
2025-01-05 05:00:00,0.0,0.0,100.0,0.0,0.0,0.0,0.0256249997764825,75.0,93.54199981689452,21.00200080871582,56.49800109863281,66.19999694824219,,,,,,,,
2025-01-05 05:15:00,0.0,0.0,100.0,0.0,0.0,0.0,0.0256249997764825,75.0,93.48799896240234,21.00200080871582,56.24599838256836,66.19999694824219,,,,,,,,
2025-01-05 05:30:00,0.0,0.0,100.0,0.0,0.0,0.0,0.0256249997764825,75.0,93.4520034790039,21.00200080871582,56.10200119018555,66.12799835205078,,,,,,,,
2025-01-05 05:45:00,0.0,0.0,100.0,0.0,0.0,0.0,0.0256249997764825,75.0,93.27200317382812,21.00200080871582,56.40800094604492,66.03800201416016,,,,,,,,
2025-01-05 06:00:00,0.0,0.0,100.0,0.0,0.0,0.0,0.0256249997764825,75.0,93.27200317382812,21.00200080871582,56.06600189208984,66.03800201416016,,,,,,,,
2025-01-05 06:15:00,0.0,0.0,100.0,0.0,0.0,0.0,0.0256249997764825,75.0,93.4520034790039,21.00200080871582,56.37200164794922,65.947998046875,,,,,,,,
2025-01-05 06:30:00,0.0,0.0,100.0,0.0,0.0,0.0,0.0256249997764825,75.0,93.4520034790039,21.00200080871582,56.10200119018555,66.00199890136719,,,,,,,,
2025-01-05 06:45:00,0.0,0.0,100.0,0.0,0.0,0.0,0.0256249997764825,75.0,93.39800262451172,21.00200080871582,55.93999862670898,65.91200256347656,,,,,,,,
2025-01-05 07:00:00,0.0,0.0,100.0,0.0,0.0,0.0,0.0256249997764825,75.0,93.0739974975586,21.00200080871582,55.90399932861328,65.8759994506836,,,,,,,,
2025-01-05 07:15:00,0.0,0.0,100.0,0.0,0.0,0.0,0.0256249997764825,75.0,93.27200317382812,21.00200080871582,55.5620002746582,66.03800201416016,,,,,,,,
2025-01-05 07:30:00,0.0,0.0,100.0,0.0,0.0,0.0,0.0256249997764825,75.0,93.39800262451172,21.00200080871582,55.7239990234375,66.03800201416016,,,,,,,,
2025-01-05 07:45:00,0.0,0.0,100.0,0.0,0.0,0.0,0.0256249997764825,75.0,93.0739974975586,21.00200080871582,57.91999816894531,65.8759994506836,,,,,,,,
2025-01-05 08:00:00,0.0,0.0,100.0,0.0,0.0,0.0,0.0256249997764825,75.0,92.71399688720705,21.00200080871582,58.94599914550781,65.66000366210938,,,,,,,,
2025-01-05 08:15:00,0.0,0.0,100.0,0.0,0.0,0.0,0.0256249997764825,75.0,92.98400115966795,21.00200080871582,58.81999969482422,66.03800201416016,,,,,,,,
2025-01-05 08:30:00,0.0,0.0,100.0,0.0,0.0,0.0,0.0262499991804361,75.0,93.27200317382812,21.00200080871582,59.108001708984375,66.88400268554688,,,,,,,,
2025-01-05 08:45:00,0.0,0.0,100.0,0.0,0.0,0.0,0.0262499991804361,75.0,93.63200378417967,21.00200080871582,59.36000061035156,68.0719985961914,,,,,,,,
2025-01-05 09:00:00,0.0,0.0,100.0,0.0,0.0,0.0,0.0262499991804361,75.0,93.9739990234375,22.20170021057129,59.73799896240234,69.24199676513672,,,,,,,,
2025-01-05 09:15:00,0.0,0.0,100.0,0.0,0.0,0.0,0.0262499991804361,75.0,94.38800048828124,23.11860084533692,60.11600112915039,70.26799774169922,,,,,,,,
2025-01-05 09:30:00,0.0,0.0,100.0,0.0,0.0,0.0,0.0262499991804361,75.0,94.19000244140624,23.803699493408203,60.45800018310547,71.11399841308594,,,,,,,,
2025-01-05 09:45:00,0.0,0.0,100.0,0.0,0.0,0.0,0.0256249997764825,75.0,94.60399627685548,24.83370018005371,60.63800048828125,71.77999877929688,,,,,,,,
2025-01-05 10:00:00,0.0,0.0,100.0,0.0,0.0,0.0,0.0262499991804361,75.0,94.38800048828124,25.63689994812012,60.96200180053711,72.28399658203125,,,,,,,,
2025-01-05 10:15:00,0.0,0.0,100.0,0.0,0.0,0.0,0.0262499991804361,75.0,94.8560028076172,26.49040031433105,61.141998291015625,72.78800201416016,,,,,,,,
2025-01-05 10:30:00,0.0,0.0,100.0,0.0,0.0,0.0,0.0262499991804361,75.0,94.802001953125,27.46430015563965,61.34000015258789,73.25599670410156,,,,,,,,
2025-01-05 10:45:00,0.0,0.0,100.0,0.0,0.0,0.0,0.0262499991804361,75.0,94.802001953125,28.00869941711425,61.64599990844727,73.34600067138672,,,,,,,,
2025-01-05 11:00:00,0.0,0.0,100.0,0.0,0.0,0.0,0.0262499991804361,75.0,94.60399627685548,28.61079978942871,61.80799865722656,73.63400268554688,,,,,,,,
2025-01-05 11:15:00,0.0,0.0,100.0,0.0,0.0,0.0,0.0262499991804361,75.0,94.802001953125,29.12070083618164,62.150001525878906,73.63400268554688,,,,,,,,
2025-01-05 11:30:00,0.0,0.0,100.0,0.0,0.0,0.0,0.0262499991804361,75.0,95.01799774169922,29.892099380493164,62.4379997253418,73.97599792480469,,,,,,,,
2025-01-05 11:45:00,0.0,0.0,100.0,0.0,0.0,0.0,0.0262499991804361,75.0,95.01799774169922,30.563400268554688,62.65399932861328,74.13800048828125,,,,,,,,
2025-01-05 12:00:00,0.0,0.0,100.0,0.0,0.0,0.0,0.0268750004470348,75.0,94.96399688720705,31.27499961853028,62.83399963378906,74.4800033569336,,,,,,,,
2025-01-05 12:15:00,0.0,0.0,100.0,0.0,0.0,0.0,0.0262499991804361,75.0,94.60399627685548,31.84670066833496,62.959999084472656,74.66000366210938,,,,,,,,
2025-01-05 12:30:00,0.0,0.0,100.0,0.0,0.0,0.0,0.0268750004470348,75.0,94.802001953125,32.55910110473633,62.99599838256836,74.78600311279297,,,,,,,,
2025-01-05 12:45:00,0.0,0.0,100.0,0.0,0.0,0.0,0.0268750004470348,75.0,94.60399627685548,33.32210159301758,63.3380012512207,75.16400146484375,,,,,,,,
2025-01-05 13:00:00,0.0,0.0,100.0,0.0,0.0,0.0,0.0268750004470348,75.0,94.60399627685548,33.32210159301758,63.5,75.50599670410156,,,,,,,,
2025-01-05 13:15:00,0.0,0.0,100.0,0.0,0.0,0.0,0.0268750004470348,75.0,94.38800048828124,33.247100830078125,63.374000549316406,75.50599670410156,,,,,,,,
2025-01-05 13:30:00,0.0,0.0,100.0,0.0,0.0,0.0,0.0268750004470348,75.0,94.19000244140624,33.247100830078125,63.15800094604492,75.29000091552734,,,,,,,,
2025-01-05 13:45:00,0.0,0.0,100.0,0.0,0.0,0.0,0.0268750004470348,75.0,93.9739990234375,33.47119903564453,62.99599838256836,75.03800201416016,,,,,,,,
2025-01-05 14:00:00,0.0,0.0,100.0,0.0,0.0,0.0,0.0268750004470348,75.0,93.7760009765625,33.32210159301758,62.74399948120117,74.78600311279297,,,,,,,,
2025-01-05 14:15:00,0.0,0.0,100.0,0.0,0.0,0.0,0.0268750004470348,75.0,93.4520034790039,33.39680099487305,62.492000579833984,74.35399627685547,,,,,,,,
2025-01-05 14:30:00,0.0,0.0,100.0,0.0,0.0,0.0,0.0262499991804361,75.0,92.8939971923828,33.32210159301758,62.150001525878906,73.81400299072266,,,,,,,,
2025-01-05 14:45:00,0.0,0.0,100.0,0.0,0.0,0.0,0.0262499991804361,75.0,92.71399688720705,33.247100830078125,62.11399841308594,73.47200012207031,,,,,,,,
2025-01-05 15:00:00,0.0,0.0,100.0,0.0,0.0,0.0,0.0268750004470348,75.0,92.53399658203124,33.5453987121582,61.98799896240234,73.18399810791016,,,,,,,,
2025-01-05 15:15:00,0.0,0.0,100.0,0.0,0.0,0.0,0.0262499991804361,75.0,92.15599822998048,33.7661018371582,62.02399826049805,72.96800231933594,,,,,,,,
2025-01-05 15:30:00,0.0,0.0,100.0,0.0,0.0,0.0,0.0262499991804361,75.0,92.24600219726562,34.20029830932617,62.150001525878906,72.78800201416016,,,,,,,,
2025-01-05 15:45:00,0.0,0.0,100.0,0.0,0.0,0.0,0.0262499991804361,75.0,91.97599792480467,34.20029830932617,62.150001525878906,72.6259994506836,,,,,,,,
2025-01-05 16:00:00,0.0,0.0,100.0,0.0,0.0,0.0,0.0262499991804361,75.0,92.15599822998048,34.05659866333008,62.150001525878906,72.46399688720703,,,,,,,,
2025-01-05 16:15:00,0.0,0.0,100.0,0.0,0.0,0.0,0.0262499991804361,75.0,91.83200073242188,34.05659866333008,62.2400016784668,72.28399658203125,,,,,,,,
2025-01-05 16:30:00,0.0,0.0,100.0,0.0,0.0,0.0,0.0262499991804361,75.0,91.97599792480467,33.69279861450195,62.150001525878906,72.12200164794922,,,,,,,,
2025-01-05 16:45:00,0.0,0.0,100.0,0.0,0.0,0.0,0.0262499991804361,75.0,91.97599792480467,33.32210159301758,61.98799896240234,71.77999877929688,,,,,,,,
2025-01-05 17:00:00,0.0,0.0,100.0,0.0,0.0,0.0,0.0262499991804361,75.0,91.7959976196289,33.02040100097656,61.98799896240234,71.43800354003906,,,,,,,,
2025-01-05 17:15:00,0.0,0.0,100.0,0.0,0.0,0.0,0.0262499991804361,75.0,91.97599792480467,32.245601654052734,61.93399810791016,71.23999786376953,,,,,,,,
2025-01-05 17:30:00,0.0,0.0,100.0,0.0,0.0,0.0,0.0262499991804361,75.0,91.97599792480467,31.603700637817383,61.77199935913086,70.89800262451172,,,,,,,,
2025-01-05 17:45:00,0.0,0.0,100.0,0.0,0.0,0.0,0.0262499991804361,75.0,91.97599792480467,31.27499961853028,61.64599990844727,70.59200286865234,,,,,,,,
2025-01-05 18:00:00,0.0,0.0,100.0,0.0,0.0,0.0,0.0262499991804361,75.0,92.15599822998048,31.35770034790039,61.64599990844727,70.26799774169922,,,,,,,,
2025-01-05 18:15:00,0.0,0.0,100.0,0.0,0.0,0.0,0.0262499991804361,75.0,91.5979995727539,31.440000534057617,61.52000045776367,70.08799743652344,,,,,,,,
2025-01-05 18:30:00,0.0,0.0,100.0,0.0,0.0,0.0,0.0262499991804361,75.0,91.97599792480467,31.603700637817383,61.64599990844727,69.96199798583984,,,,,,,,
2025-01-05 18:45:00,0.0,0.0,100.0,0.0,0.0,0.0,0.0262499991804361,75.0,91.7959976196289,31.84670066833496,61.555999755859375,69.9260025024414,,,,,,,,
2025-01-05 19:00:00,0.0,0.0,100.0,0.0,0.0,0.0,0.0262499991804361,75.0,91.97599792480467,31.684999465942383,61.64599990844727,70.08799743652344,,,,,,,,
2025-01-05 19:15:00,0.0,0.0,100.0,0.0,0.0,0.0,0.0268750004470348,75.0,91.97599792480467,31.84670066833496,61.64599990844727,70.08799743652344,,,,,,,,
2025-01-05 19:30:00,0.0,0.0,100.0,0.0,0.0,0.0,0.0262499991804361,75.0,91.88600158691406,31.84670066833496,61.77199935913086,70.14199829101562,,,,,,,,
2025-01-05 19:45:00,0.0,0.0,100.0,0.0,0.0,0.0,0.0262499991804361,75.0,91.97599792480467,31.84670066833496,61.64599990844727,70.26799774169922,,,,,,,,
2025-01-05 20:00:00,0.0,0.0,100.0,0.0,0.0,0.0,0.0262499991804361,75.0,91.97599792480467,32.007198333740234,61.80799865722656,70.26799774169922,,,,,,,,
2025-01-05 20:15:00,0.0,0.0,100.0,0.0,0.0,0.0,0.0262499991804361,75.0,92.12000274658205,32.007198333740234,61.80799865722656,70.26799774169922,,,,,,,,
2025-01-05 20:30:00,0.0,0.0,100.0,0.0,0.0,0.0,0.0262499991804361,75.0,91.97599792480467,32.08700180053711,61.80799865722656,70.30400085449219,,,,,,,,
2025-01-05 20:45:00,0.0,0.0,100.0,0.0,0.0,0.0,0.0262499991804361,75.0,91.97599792480467,31.92709922790528,61.80799865722656,70.26799774169922,,,,,,,,
2025-01-05 21:00:00,0.0,0.0,100.0,0.0,0.0,0.0,0.0262499991804361,75.0,92.15599822998048,32.007198333740234,61.80799865722656,70.43000030517578,,,,,,,,
2025-01-05 21:15:00,0.0,0.0,100.0,0.0,0.0,0.0,0.0262499991804361,75.0,91.9219970703125,32.007198333740234,61.80799865722656,70.43000030517578,,,,,,,,
2025-01-05 21:30:00,0.0,0.0,100.0,0.0,0.0,0.0,0.0262499991804361,75.0,92.15599822998048,32.007198333740234,61.80799865722656,70.26799774169922,,,,,,,,
2025-01-05 21:45:00,0.0,0.0,100.0,0.0,0.0,0.0,0.0262499991804361,75.0,91.7959976196289,32.08700180053711,61.93399810791016,70.26799774169922,,,,,,,,
2025-01-05 22:00:00,0.0,0.0,100.0,0.0,0.0,0.0,0.0268750004470348,75.0,91.97599792480467,31.84670066833496,61.64599990844727,70.26799774169922,,,,,,,,
2025-01-05 22:15:00,0.0,0.0,100.0,0.0,0.0,0.0,0.0262499991804361,75.0,91.5979995727539,32.08700180053711,61.68199920654297,70.08799743652344,,,,,,,,
2025-01-05 22:30:00,0.0,0.0,100.0,0.0,0.0,0.0,0.0262499991804361,75.0,91.41799926757812,32.08700180053711,61.64599990844727,69.80000305175781,,,,,,,,
2025-01-05 22:45:00,0.0,0.0,100.0,0.0,0.0,0.0,0.0262499991804361,75.0,91.05799865722656,32.08700180053711,61.64599990844727,69.58399963378906,,,,,,,,
2025-01-05 23:00:00,0.0,0.0,100.0,0.0,0.0,0.0,0.0262499991804361,75.0,91.09400177001952,31.92709922790528,61.46599960327149,69.45800018310547,,,,,,,,
2025-01-05 23:15:00,0.0,0.0,100.0,0.0,0.0,0.0,0.0262499991804361,75.0,91.23799896240234,31.84670066833496,61.64599990844727,69.4219970703125,,,,,,,,
2025-01-05 23:30:00,0.0,0.0,100.0,0.0,0.0,0.0,0.0262499991804361,75.0,91.23799896240234,31.84670066833496,61.52000045776367,69.4219970703125,,,,,,,,
2025-01-05 23:45:00,0.0,0.0,100.0,0.0,0.0,0.0,0.0262499991804361,75.0,91.23799896240234,31.84670066833496,61.64599990844727,69.4219970703125,,,,,,,,
2025-01-06 00:00:00,0.0,0.0,100.0,0.0,0.0,0.0,0.0262499991804361,75.0,91.23799896240234,31.52199935913086,61.43000030517578,69.2959976196289,0.0,0.0,0.0,0.0,0.0,0.0,0.0,0.0
2025-01-06 00:15:00,0.0,0.0,100.0,0.0,0.0,0.0,0.0262499991804361,75.0,91.05799865722656,31.35770034790039,61.52000045776367,69.08000183105469,,,,,,,,
2025-01-06 00:30:00,0.0,0.0,100.0,0.0,0.0,0.0,0.0262499991804361,75.0,91.05799865722656,31.35770034790039,61.46599960327149,68.91799926757812,,,,,,,,
2025-01-06 00:45:00,0.0,0.0,100.0,0.0,0.0,0.0,0.0262499991804361,75.0,90.87799835205078,31.108699798583984,61.61000061035156,68.91799926757812,,,,,,,,
2025-01-06 01:00:00,0.0,0.0,100.0,0.0,0.0,0.0,0.0262499991804361,75.0,91.23799896240234,31.27499961853028,61.46599960327149,68.91799926757812,,,,,,,,
2025-01-06 01:15:00,0.0,0.0,100.0,0.0,0.0,0.0,0.0262499991804361,75.0,90.5,31.02499961853028,61.46599960327149,68.73799896240234,,,,,,,,
2025-01-06 01:30:00,0.0,0.0,100.0,0.0,0.0,0.0,0.0262499991804361,75.0,91.05799865722656,30.497499465942383,61.52000045776367,68.73799896240234,,,,,,,,
2025-01-06 01:45:00,0.0,0.0,100.0,0.0,0.0,0.0,0.0262499991804361,75.0,90.68000030517578,30.16390037536621,61.39400100708008,68.57599639892578,,,,,,,,
2025-01-06 02:00:00,0.0,0.0,100.0,0.0,0.0,0.0,0.0262499991804361,75.0,91.05799865722656,29.892099380493164,61.46599960327149,68.57599639892578,,,,,,,,
2025-01-06 02:15:00,0.0,0.0,100.0,0.0,0.0,0.0,0.0262499991804361,75.0,90.7699966430664,30.028600692749023,61.555999755859375,68.57599639892578,,,,,,,,
2025-01-06 02:30:00,0.0,0.0,100.0,0.0,0.0,0.0,0.0262499991804361,75.0,91.00399780273438,29.823400497436523,61.61000061035156,68.57599639892578,,,,,,,,
2025-01-06 02:45:00,0.0,0.0,100.0,0.0,0.0,0.0,0.0262499991804361,75.0,90.87799835205078,29.96050071716309,61.46599960327149,68.57599639892578,,,,,,,,
2025-01-06 03:00:00,0.0,0.0,100.0,0.0,0.0,0.0,0.0262499991804361,75.0,91.05799865722656,29.96050071716309,61.46599960327149,68.44999694824219,,,,,,,,
2025-01-06 03:15:00,0.0,0.0,100.0,0.0,0.0,0.0,0.0262499991804361,75.0,91.05799865722656,29.892099380493164,61.46599960327149,68.57599639892578,,,,,,,,
2025-01-06 03:30:00,0.0,0.0,100.0,0.0,0.0,0.0,0.0262499991804361,75.0,90.68000030517578,29.685199737548828,61.46599960327149,68.39600372314453,,,,,,,,
2025-01-06 03:45:00,0.0,0.0,100.0,0.0,0.0,0.0,0.0262499991804361,75.0,90.87799835205078,29.615699768066406,61.39400100708008,68.23400115966797,,,,,,,,
2025-01-06 04:00:00,0.0,0.0,100.0,0.0,0.0,0.0,0.0262499991804361,75.0,90.68000030517578,29.334699630737305,61.46599960327149,68.23400115966797,,,,,,,,
2025-01-06 04:15:00,0.0,0.0,100.0,0.0,0.0,0.0,0.0262499991804361,75.0,91.05799865722656,29.54590034484864,61.46599960327149,68.14399719238281,,,,,,,,
