Date,sat,mat
2023-01-16 12:24:00,73,70
2023-01-16 12:39:00,72,71
2023-01-16 12:54:00,71,70
2023-01-16 13:09:00,70,71
2023-01-16 13:24:00,71,72
2023-01-16 13:39:00,70,71
2023-01-16 13:54:00,71,72
2023-01-16 14:09:00,70,73
2023-01-16 14:24:00,69,74
2023-01-16 14:39:00,68,73
2023-01-16 14:54:00,69,74
2023-01-16 15:09:00,68,75
2023-01-16 15:24:00,67,76
2023-01-16 15:39:00,68,77
2023-01-16 15:54:00,69,76
2023-01-16 16:09:00,68,77
2023-01-16 16:24:00,67,76
2023-01-16 16:39:00,68,77
2023-01-16 16:54:00,67,78
2023-01-16 17:09:00,68,77
2023-01-16 17:24:00,69,76
2023-01-16 17:39:00,70,77
2023-01-16 17:54:00,69,76
2023-01-16 18:09:00,70,77
2023-01-16 18:24:00,71,78
2023-01-16 18:39:00,70,77
2023-01-16 18:54:00,71,78
2023-01-16 19:09:00,72,79
2023-01-16 19:24:00,73,80
2023-01-16 19:39:00,74,80
2023-01-16 19:54:00,75,80
2023-01-16 20:09:00,76,80
2023-01-16 20:24:00,75,80
2023-01-16 20:39:00,76,79
2023-01-16 20:54:00,77,80
2023-01-16 21:09:00,76,79
2023-01-16 21:24:00,77,78
2023-01-16 21:39:00,76,77
2023-01-16 21:54:00,75,78
2023-01-16 22:09:00,76,77
2023-01-16 22:24:00,77,76
2023-01-16 22:39:00,78,75
2023-01-16 22:54:00,79,74
2023-01-16 23:09:00,80,73
2023-01-16 23:24:00,79,72
2023-01-16 23:39:00,80,71
2023-01-16 23:54:00,81,72
2023-01-17 00:09:00,82,71
2023-01-17 00:24:00,81,72
2023-01-17 00:39:00,82,71
2023-01-17 00:54:00,81,72
2023-01-17 01:09:00,80,71
2023-01-17 01:24:00,79,70
2023-01-17 01:39:00,78,71
2023-01-17 01:54:00,79,70
2023-01-17 02:09:00,78,70
2023-01-17 02:24:00,79,71
2023-01-17 02:39:00,80,72
2023-01-17 02:54:00,79,73
2023-01-17 03:09:00,78,72
2023-01-17 03:24:00,77,73
2023-01-17 03:39:00,78,72
2023-01-17 03:54:00,79,71
2023-01-17 04:09:00,78,72
2023-01-17 04:24:00,77,71
2023-01-17 04:39:00,76,70
2023-01-17 04:54:00,77,70
2023-01-17 05:09:00,78,70
2023-01-17 05:24:00,77,71
2023-01-17 05:39:00,76,72
2023-01-17 05:54:00,77,71
2023-01-17 06:09:00,76,72
2023-01-17 06:24:00,77,71
2023-01-17 06:39:00,76,72
2023-01-17 06:54:00,77,73
2023-01-17 07:09:00,78,72
2023-01-17 07:24:00,77,71
2023-01-17 07:39:00,78,72
2023-01-17 07:54:00,79,71
2023-01-17 08:09:00,78,72
2023-01-17 08:24:00,79,71
2023-01-17 08:39:00,78,70
2023-01-17 08:54:00,79,71
2023-01-17 09:09:00,80,72
2023-01-17 09:24:00,79,71
2023-01-17 09:39:00,78,70
2023-01-17 09:54:00,77,70
2023-01-17 10:09:00,76,71
2023-01-17 10:24:00,75,72
2023-01-17 10:39:00,76,71
2023-01-17 10:54:00,77,72
2023-01-17 11:09:00,78,73
2023-01-17 11:24:00,77,72
2023-01-17 11:39:00,76,73
2023-01-17 11:54:00,75,72
2023-01-17 12:09:00,74,71
2023-01-17 12:24:00,75,70
2023-01-17 12:39:00,76,70
2023-01-17 12:54:00,75,71
2023-01-17 13:09:00,74,72
2023-01-17 13:24:00,75,73
2023-01-17 13:39:00,76,72
2023-01-17 13:54:00,75,73
2023-01-17 14:09:00,74,72
2023-01-17 14:24:00,75,73
2023-01-17 14:39:00,76,74
2023-01-17 14:54:00,75,73
2023-01-17 15:09:00,74,74
2023-01-17 15:24:00,73,75
2023-01-17 15:39:00,74,74
2023-01-17 15:54:00,73,73
2023-01-17 16:09:00,72,74
2023-01-17 16:24:00,71,73
2023-01-17 16:39:00,72,72
2023-01-17 16:54:00,73,71
2023-01-17 17:09:00,74,70
2023-01-17 17:24:00,73,70
2023-01-17 17:39:00,72,71
2023-01-17 17:54:00,73,72
2023-01-17 18:09:00,72,71
2023-01-17 18:24:00,71,72
2023-01-17 18:39:00,72,73
2023-01-17 18:54:00,73,74
2023-01-17 19:09:00,72,75
2023-01-17 19:24:00,71,74
2023-01-17 19:39:00,70,73
2023-01-17 19:54:00,71,72
2023-01-17 20:09:00,72,71
2023-01-17 20:24:00,71,72
2023-01-17 20:39:00,70,71
2023-01-17 20:54:00,69,72
2023-01-17 21:09:00,70,71
2023-01-17 21:24:00,71,72
2023-01-17 21:39:00,72,73
2023-01-17 21:54:00,73,74
2023-01-17 22:09:00,74,75
2023-01-17 22:24:00,75,76
2023-01-17 22:39:00,74,77
2023-01-17 22:54:00,73,76
2023-01-17 23:09:00,74,77
2023-01-17 23:24:00,73,76
2023-01-17 23:39:00,72,75
2023-01-17 23:54:00,71,74
2023-01-18 00:09:00,70,75
2023-01-18 00:24:00,71,76
2023-01-18 00:39:00,70,77
2023-01-18 00:54:00,69,78
2023-01-18 01:09:00,70,77
2023-01-18 01:24:00,69,76
2023-01-18 01:39:00,70,75
2023-01-18 01:54:00,69,76
2023-01-18 02:09:00,70,75
2023-01-18 02:24:00,69,74
2023-01-18 02:39:00,68,75
2023-01-18 02:54:00,67,74
2023-01-18 03:09:00,66,73
2023-01-18 03:24:00,67,72
2023-01-18 03:39:00,68,71
2023-01-18 03:54:00,69,70
2023-01-18 04:09:00,70,71
2023-01-18 04:24:00,71,72
2023-01-18 04:39:00,70,73
2023-01-18 04:54:00,69,74
2023-01-18 05:09:00,70,75
2023-01-18 05:24:00,69,76
2023-01-18 05:39:00,68,77
2023-01-18 05:54:00,67,78
2023-01-18 06:09:00,66,77
2023-01-18 06:24:00,67,78
2023-01-18 06:39:00,66,77
2023-01-18 06:54:00,65,78
2023-01-18 07:09:00,64,79
2023-01-18 07:24:00,63,78
2023-01-18 07:39:00,64,77
2023-01-18 07:54:00,65,78
2023-01-18 08:09:00,66,77
2023-01-18 08:24:00,67,78
2023-01-18 08:39:00,66,79
2023-01-18 08:54:00,65,78
2023-01-18 09:09:00,64,79
2023-01-18 09:24:00,65,78
2023-01-18 09:39:00,66,79
2023-01-18 09:54:00,67,80
2023-01-18 10:09:00,68,80
2023-01-18 10:24:00,69,79
2023-01-18 10:39:00,70,80
2023-01-18 10:54:00,69,80
2023-01-18 11:09:00,68,79
2023-01-18 11:24:00,67,80
2023-01-18 11:39:00,66,79
2023-01-18 11:54:00,67,78
2023-01-18 12:09:00,68,77
2023-01-18 12:24:00,67,78
2023-01-18 12:39:00,66,77
2023-01-18 12:54:00,67,76
2023-01-18 13:09:00,68,77
2023-01-18 13:24:00,67,76
2023-01-18 13:39:00,68,75
2023-01-18 13:54:00,67,76
2023-01-18 14:09:00,66,77
2023-01-18 14:24:00,65,78
2023-01-18 14:39:00,66,77
2023-01-18 14:54:00,65,78
2023-01-18 15:09:00,66,79
2023-01-18 15:24:00,67,78
2023-01-18 15:39:00,66,79
2023-01-18 15:54:00,67,78
2023-01-18 16:09:00,68,79
2023-01-18 16:24:00,67,80
2023-01-18 16:39:00,68,79
2023-01-18 16:54:00,69,80
2023-01-18 17:09:00,70,80
2023-01-18 17:24:00,69,79
2023-01-18 17:39:00,68,80
2023-01-18 17:54:00,69,79
2023-01-18 18:09:00,68,78
2023-01-18 18:24:00,67,77
2023-01-18 18:39:00,68,78
2023-01-18 18:54:00,69,77
2023-01-18 19:09:00,68,76
2023-01-18 19:24:00,69,77
2023-01-18 19:39:00,68,78
2023-01-18 19:54:00,69,79
2023-01-18 20:09:00,70,78
2023-01-18 20:24:00,69,77
2023-01-18 20:39:00,68,76
2023-01-18 20:54:00,67,75
2023-01-18 21:09:00,68,74
2023-01-18 21:24:00,69,75
2023-01-18 21:39:00,70,76
2023-01-18 21:54:00,71,75
2023-01-18 22:09:00,70,74
2023-01-18 22:24:00,69,75
2023-01-18 22:39:00,70,74
2023-01-18 22:54:00,69,73
2023-01-18 23:09:00,68,74
2023-01-18 23:24:00,69,73
2023-01-18 23:39:00,70,74
2023-01-18 23:54:00,71,73
2023-01-19 00:09:00,70,72
2023-01-19 00:24:00,69,73
2023-01-19 00:39:00,68,74
2023-01-19 00:54:00,69,75
2023-01-19 01:09:00,68,74
2023-01-19 01:24:00,67,75
2023-01-19 01:39:00,68,74
2023-01-19 01:54:00,69,73
2023-01-19 02:09:00,70,72
2023-01-19 02:24:00,71,71
2023-01-19 02:39:00,70,72
2023-01-19 02:54:00,69,73
2023-01-19 03:09:00,68,74
2023-01-19 03:24:00,69,75
2023-01-19 03:39:00,70,74
2023-01-19 03:54:00,71,75
2023-01-19 04:09:00,70,74
2023-01-19 04:24:00,69,73
2023-01-19 04:39:00,68,74
2023-01-19 04:54:00,69,75
2023-01-19 05:09:00,70,76
2023-01-19 05:24:00,69,75
2023-01-19 05:39:00,68,76
2023-01-19 05:54:00,69,77
2023-01-19 06:09:00,68,78
2023-01-19 06:24:00,69,77
2023-01-19 06:39:00,70,76
2023-01-19 06:54:00,69,75
2023-01-19 07:09:00,70,74
2023-01-19 07:24:00,69,75
2023-01-19 07:39:00,68,76
2023-01-19 07:54:00,69,75
2023-01-19 08:09:00,68,76
2023-01-19 08:24:00,67,75
2023-01-19 08:39:00,68,74
2023-01-19 08:54:00,67,73
2023-01-19 09:09:00,66,72
2023-01-19 09:24:00,65,73
2023-01-19 09:39:00,66,72
2023-01-19 09:54:00,65,71
2023-01-19 10:09:00,64,70
2023-01-19 10:24:00,63,71
2023-01-19 10:39:00,62,70
2023-01-19 10:54:00,63,71
2023-01-19 11:09:00,62,70
2023-01-19 11:24:00,61,71
2023-01-19 11:39:00,62,72
2023-01-19 11:54:00,61,73
2023-01-19 12:09:00,60,74
2023-01-19 12:24:00,61,73
2023-01-19 12:39:00,62,74
2023-01-19 12:54:00,61,73
2023-01-19 13:09:00,60,74
2023-01-19 13:24:00,61,73
2023-01-19 13:39:00,62,72
2023-01-19 13:54:00,61,71
2023-01-19 14:09:00,60,72
2023-01-19 14:24:00,60,71
2023-01-19 14:39:00,60,72
2023-01-19 14:54:00,60,71
2023-01-19 15:09:00,60,70
2023-01-19 15:24:00,60,70
2023-01-19 15:39:00,60,71
2023-01-19 15:54:00,60,70
2023-01-19 16:09:00,61,71
2023-01-19 16:24:00,60,72
2023-01-19 16:39:00,60,71
2023-01-19 16:54:00,61,72
2023-01-19 17:09:00,60,73
2023-01-19 17:24:00,61,72
2023-01-19 17:39:00,62,71
2023-01-19 17:54:00,61,70
2023-01-19 18:09:00,60,70
2023-01-19 18:24:00,60,70
2023-01-19 18:39:00,61,71
2023-01-19 18:54:00,62,70
2023-01-19 19:09:00,63,70
2023-01-19 19:24:00,64,71
2023-01-19 19:39:00,65,70
2023-01-19 19:54:00,66,70
2023-01-19 20:09:00,65,70
2023-01-19 20:24:00,66,71
2023-01-19 20:39:00,65,70
2023-01-19 20:54:00,64,71
2023-01-19 21:09:00,63,70
2023-01-19 21:24:00,64,71
2023-01-19 21:39:00,65,70
2023-01-19 21:54:00,66,71
2023-01-19 22:09:00,65,72
2023-01-19 22:24:00,64,73
2023-01-19 22:39:00,65,74
2023-01-19 22:54:00,66,75
2023-01-19 23:09:00,65,74
2023-01-19 23:24:00,64,75
2023-01-19 23:39:00,65,74
2023-01-19 23:54:00,64,73
2023-01-20 00:09:00,65,74
2023-01-20 00:24:00,66,75
2023-01-20 00:39:00,67,76
2023-01-20 00:54:00,66,77
2023-01-20 01:09:00,65,76
2023-01-20 01:24:00,66,75
2023-01-20 01:39:00,67,76
2023-01-20 01:54:00,66,77
2023-01-20 02:09:00,67,78
2023-01-20 02:24:00,68,77
2023-01-20 02:39:00,67,78
2023-01-20 02:54:00,66,79
2023-01-20 03:09:00,65,80
2023-01-20 03:24:00,66,80
2023-01-20 03:39:00,65,80
2023-01-20 03:54:00,64,80
2023-01-20 04:09:00,65,79
2023-01-20 04:24:00,64,80
2023-01-20 04:39:00,63,80
2023-01-20 04:54:00,62,79
2023-01-20 05:09:00,61,80
2023-01-20 05:24:00,62,79
2023-01-20 05:39:00,61,80
2023-01-20 05:54:00,60,79
2023-01-20 06:09:00,60,80
2023-01-20 06:24:00,61,80
2023-01-20 06:39:00,60,80
2023-01-20 06:54:00,60,80
2023-01-20 07:09:00,60,80
2023-01-20 07:24:00,61,79
2023-01-20 07:39:00,62,78
2023-01-20 07:54:00,61,77
2023-01-20 08:09:00,60,76
2023-01-20 08:24:00,61,75
2023-01-20 08:39:00,60,76
2023-01-20 08:54:00,60,77
2023-01-20 09:09:00,61,78
2023-01-20 09:24:00,60,79
2023-01-20 09:39:00,60,80
2023-01-20 09:54:00,61,80
2023-01-20 10:09:00,62,80
2023-01-20 10:24:00,61,79
2023-01-20 10:39:00,60,78
2023-01-20 10:54:00,61,79
2023-01-20 11:09:00,62,78
2023-01-20 11:24:00,61,77
2023-01-20 11:39:00,62,76
2023-01-20 11:54:00,63,77
2023-01-20 12:09:00,62,76
2023-01-20 12:24:00,61,77
2023-01-20 12:39:00,62,76
2023-01-20 12:54:00,61,77
2023-01-20 13:09:00,62,76
2023-01-20 13:24:00,61,75
2023-01-20 13:39:00,60,76
2023-01-20 13:54:00,60,77
2023-01-20 14:09:00,61,78
2023-01-20 14:24:00,60,79
2023-01-20 14:39:00,60,78
2023-01-20 14:54:00,61,77
2023-01-20 15:09:00,60,78
2023-01-20 15:24:00,61,79
2023-01-20 15:39:00,60,78
2023-01-20 15:54:00,61,77
2023-01-20 16:09:00,60,78
2023-01-20 16:24:00,60,79
2023-01-20 16:39:00,60,80
2023-01-20 16:54:00,60,79
2023-01-20 17:09:00,60,78
2023-01-20 17:24:00,60,79
2023-01-20 17:39:00,61,78
2023-01-20 17:54:00,60,77
2023-01-20 18:09:00,61,76
2023-01-20 18:24:00,60,77
2023-01-20 18:39:00,61,78
2023-01-20 18:54:00,62,79
2023-01-20 19:09:00,63,78
2023-01-20 19:24:00,64,77
2023-01-20 19:39:00,65,76
2023-01-20 19:54:00,64,77
2023-01-20 20:09:00,65,78
2023-01-20 20:24:00,64,79
2023-01-20 20:39:00,65,78
2023-01-20 20:54:00,66,79
2023-01-20 21:09:00,65,80
2023-01-20 21:24:00,64,80
2023-01-20 21:39:00,65,80
2023-01-20 21:54:00,64,79
2023-01-20 22:09:00,63,80
2023-01-20 22:24:00,62,80
2023-01-20 22:39:00,61,79
2023-01-20 22:54:00,62,78
2023-01-20 23:09:00,61,79
2023-01-20 23:24:00,60,78
2023-01-20 23:39:00,61,79
2023-01-20 23:54:00,60,80
2023-01-21 00:09:00,61,79
2023-01-21 00:24:00,60,80
2023-01-21 00:39:00,61,80
2023-01-21 00:54:00,62,79
2023-01-21 01:09:00,63,78
2023-01-21 01:24:00,62,79
2023-01-21 01:39:00,63,80
2023-01-21 01:54:00,62,79
2023-01-21 02:09:00,63,80
2023-01-21 02:24:00,62,79
2023-01-21 02:39:00,61,78
2023-01-21 02:54:00,62,79
2023-01-21 03:09:00,61,80
2023-01-21 03:24:00,60,80
2023-01-21 03:39:00,60,80
2023-01-21 03:54:00,61,79
2023-01-21 04:09:00,62,80
2023-01-21 04:24:00,61,79
2023-01-21 04:39:00,62,78
2023-01-21 04:54:00,63,77
2023-01-21 05:09:00,62,76
2023-01-21 05:24:00,63,77
2023-01-21 05:39:00,62,76
2023-01-21 05:54:00,61,77
2023-01-21 06:09:00,60,78
2023-01-21 06:24:00,61,79
2023-01-21 06:39:00,60,80
2023-01-21 06:54:00,60,80
2023-01-21 07:09:00,61,80
2023-01-21 07:24:00,62,80
2023-01-21 07:39:00,63,79
2023-01-21 07:54:00,64,78
2023-01-21 08:09:00,63,79
2023-01-21 08:24:00,62,80
2023-01-21 08:39:00,63,79
2023-01-21 08:54:00,64,78
2023-01-21 09:09:00,65,79
2023-01-21 09:24:00,64,78
2023-01-21 09:39:00,63,79
2023-01-21 09:54:00,64,80
2023-01-21 10:09:00,63,79
2023-01-21 10:24:00,64,78
2023-01-21 10:39:00,63,77
2023-01-21 10:54:00,62,78
2023-01-21 11:09:00,63,79
2023-01-21 11:24:00,62,80
2023-01-21 11:39:00,61,80
2023-01-21 11:54:00,62,80
2023-01-21 12:09:00,63,79
2023-01-21 12:24:00,64,78
2023-01-21 12:39:00,63,79
2023-01-21 12:54:00,64,78
2023-01-21 13:09:00,63,79
2023-01-21 13:24:00,64,80
2023-01-21 13:39:00,63,79
2023-01-21 13:54:00,64,80
2023-01-21 14:09:00,65,79
2023-01-21 14:24:00,64,80
2023-01-21 14:39:00,65,80
2023-01-21 14:54:00,66,80
2023-01-21 15:09:00,67,79
2023-01-21 15:24:00,68,80
2023-01-21 15:39:00,69,80
2023-01-21 15:54:00,70,79
2023-01-21 16:09:00,71,80
2023-01-21 16:24:00,72,80
2023-01-21 16:39:00,71,80
2023-01-21 16:54:00,70,80
2023-01-21 17:09:00,69,79
2023-01-21 17:24:00,70,78
2023-01-21 17:39:00,71,77
2023-01-21 17:54:00,72,76
2023-01-21 18:09:00,73,77
2023-01-21 18:24:00,72,78
2023-01-21 18:39:00,73,79
2023-01-21 18:54:00,74,80
2023-01-21 19:09:00,73,80
2023-01-21 19:24:00,72,80
2023-01-21 19:39:00,73,80
2023-01-21 19:54:00,74,79
2023-01-21 20:09:00,73,80
2023-01-21 20:24:00,74,79
2023-01-21 20:39:00,75,80
2023-01-21 20:54:00,74,80
2023-01-21 21:09:00,73,80
2023-01-21 21:24:00,74,80
2023-01-21 21:39:00,75,79
2023-01-21 21:54:00,76,78
2023-01-21 22:09:00,75,79
2023-01-21 22:24:00,74,80
2023-01-21 22:39:00,73,79
2023-01-21 22:54:00,72,78
2023-01-21 23:09:00,73,77
2023-01-21 23:24:00,74,78
2023-01-21 23:39:00,75,79
2023-01-21 23:54:00,76,80
2023-01-22 00:09:00,75,79
2023-01-22 00:24:00,74,78
2023-01-22 00:39:00,73,79
2023-01-22 00:54:00,72,80
2023-01-22 01:09:00,71,79
2023-01-22 01:24:00,70,80
2023-01-22 01:39:00,71,80
2023-01-22 01:54:00,72,79
2023-01-22 02:09:00,73,78
2023-01-22 02:24:00,74,77
2023-01-22 02:39:00,75,76
2023-01-22 02:54:00,74,77
2023-01-22 03:09:00,73,76
2023-01-22 03:24:00,72,77
2023-01-22 03:39:00,73,78
2023-01-22 03:54:00,72,79
2023-01-22 04:09:00,71,80
2023-01-22 04:24:00,70,80
2023-01-22 04:39:00,69,79
2023-01-22 04:54:00,70,78
2023-01-22 05:09:00,71,77
2023-01-22 05:24:00,70,78
2023-01-22 05:39:00,69,79
2023-01-22 05:54:00,68,78
2023-01-22 06:09:00,69,79
2023-01-22 06:24:00,68,80
2023-01-22 06:39:00,67,79
2023-01-22 06:54:00,68,78
2023-01-22 07:09:00,69,79
2023-01-22 07:24:00,68,80
2023-01-22 07:39:00,67,79
2023-01-22 07:54:00,68,80
2023-01-22 08:09:00,69,79
2023-01-22 08:24:00,68,78
2023-01-22 08:39:00,69,77
2023-01-22 08:54:00,70,76
2023-01-22 09:09:00,69,75
2023-01-22 09:24:00,68,76
2023-01-22 09:39:00,69,77
2023-01-22 09:54:00,68,78
2023-01-22 10:09:00,69,77
2023-01-22 10:24:00,68,78
2023-01-22 10:39:00,69,79
2023-01-22 10:54:00,68,80
2023-01-22 11:09:00,67,79
2023-01-22 11:24:00,66,80
2023-01-22 11:39:00,67,79
2023-01-22 11:54:00,66,80
2023-01-22 12:09:00,67,79
2023-01-22 12:24:00,68,78
2023-01-22 12:39:00,69,77
2023-01-22 12:54:00,68,76
2023-01-22 13:09:00,69,75
2023-01-22 13:24:00,70,76
2023-01-22 13:39:00,69,75
2023-01-22 13:54:00,68,74
2023-01-22 14:09:00,67,75
2023-01-22 14:24:00,66,76
2023-01-22 14:39:00,67,77
2023-01-22 14:54:00,68,76
2023-01-22 15:09:00,69,77
2023-01-22 15:24:00,70,78
2023-01-22 15:39:00,69,79
2023-01-22 15:54:00,70,80
2023-01-22 16:09:00,71,79
2023-01-22 16:24:00,72,78
2023-01-22 16:39:00,73,79
2023-01-22 16:54:00,74,80
2023-01-22 17:09:00,73,80
2023-01-22 17:24:00,74,80
2023-01-22 17:39:00,73,80
2023-01-22 17:54:00,72,79
2023-01-22 18:09:00,73,80
2023-01-22 18:24:00,72,79
2023-01-22 18:39:00,71,78
2023-01-22 18:54:00,70,77
2023-01-22 19:09:00,71,78
2023-01-22 19:24:00,70,79
2023-01-22 19:39:00,71,78
2023-01-22 19:54:00,72,79
2023-01-22 20:09:00,71,80
2023-01-22 20:24:00,72,79
2023-01-22 20:39:00,73,80
2023-01-22 20:54:00,72,80
2023-01-22 21:09:00,71,79
2023-01-22 21:24:00,72,80
2023-01-22 21:39:00,73,79
2023-01-22 21:54:00,74,80
2023-01-22 22:09:00,73,79
2023-01-22 22:24:00,74,78
2023-01-22 22:39:00,75,79
2023-01-22 22:54:00,74,80
2023-01-22 23:09:00,73,80
2023-01-22 23:24:00,74,79
2023-01-22 23:39:00,75,78
2023-01-22 23:54:00,74,77
2023-01-23 00:09:00,73,78
2023-01-23 00:24:00,74,77
2023-01-23 00:39:00,75,78
2023-01-23 00:54:00,74,79
2023-01-23 01:09:00,75,78
2023-01-23 01:24:00,76,79
2023-01-23 01:39:00,77,80
2023-01-23 01:54:00,78,79
2023-01-23 02:09:00,79,78
2023-01-23 02:24:00,80,77
2023-01-23 02:39:00,79,76
2023-01-23 02:54:00,78,77
2023-01-23 03:09:00,79,76
2023-01-23 03:24:00,80,75
2023-01-23 03:39:00,79,76
2023-01-23 03:54:00,78,77
2023-01-23 04:09:00,79,78
2023-01-23 04:24:00,78,77
2023-01-23 04:39:00,79,76
2023-01-23 04:54:00,78,77
2023-01-23 05:09:00,77,76
2023-01-23 05:24:00,76,75
2023-01-23 05:39:00,75,76
2023-01-23 05:54:00,74,75
2023-01-23 06:09:00,75,76
2023-01-23 06:24:00,74,77
2023-01-23 06:39:00,73,78
2023-01-23 06:54:00,74,79
2023-01-23 07:09:00,73,80
2023-01-23 07:24:00,74,80
2023-01-23 07:39:00,73,79
2023-01-23 07:54:00,72,78
2023-01-23 08:09:00,73,77
2023-01-23 08:24:00,72,78
2023-01-23 08:39:00,73,77
2023-01-23 08:54:00,74,78
2023-01-23 09:09:00,75,79
2023-01-23 09:24:00,74,80
2023-01-23 09:39:00,75,80
2023-01-23 09:54:00,74,79
2023-01-23 10:09:00,73,78
2023-01-23 10:24:00,74,79
2023-01-23 10:39:00,75,78
2023-01-23 10:54:00,76,77
2023-01-23 11:09:00,77,76
2023-01-23 11:24:00,78,75
2023-01-23 11:39:00,79,74
2023-01-23 11:54:00,80,73
2023-01-23 12:09:00,79,74
2023-01-23 12:24:00,80,75
2023-01-23 12:39:00,81,76
2023-01-23 12:54:00,80,77
2023-01-23 13:09:00,79,76
2023-01-23 13:24:00,78,77
2023-01-23 13:39:00,77,78
2023-01-23 13:54:00,78,77
2023-01-23 14:09:00,79,76
2023-01-23 14:24:00,78,77
2023-01-23 14:39:00,79,76
2023-01-23 14:54:00,80,75
2023-01-23 15:09:00,81,74
2023-01-23 15:24:00,82,75
2023-01-23 15:39:00,83,76
2023-01-23 15:54:00,84,77
2023-01-23 16:09:00,83,76
2023-01-23 16:24:00,84,75
2023-01-23 16:39:00,83,76
2023-01-23 16:54:00,84,75
2023-01-23 17:09:00,83,76
2023-01-23 17:24:00,82,75
2023-01-23 17:39:00,81,74
2023-01-23 17:54:00,80,73
2023-01-23 18:09:00,79,72
2023-01-23 18:24:00,78,73
2023-01-23 18:39:00,79,74
2023-01-23 18:54:00,78,73
2023-01-23 19:09:00,79,72
2023-01-23 19:24:00,78,73
2023-01-23 19:39:00,77,74
2023-01-23 19:54:00,78,73
2023-01-23 20:09:00,79,72
2023-01-23 20:24:00,78,71
2023-01-23 20:39:00,79,72
2023-01-23 20:54:00,80,71
2023-01-23 21:09:00,81,72
2023-01-23 21:24:00,80,73
2023-01-23 21:39:00,79,74
2023-01-23 21:54:00,80,73
2023-01-23 22:09:00,81,72
2023-01-23 22:24:00,80,71
2023-01-23 22:39:00,81,70
2023-01-23 22:54:00,82,71
2023-01-23 23:09:00,81,72
2023-01-23 23:24:00,82,71
2023-01-23 23:39:00,81,70
2023-01-23 23:54:00,80,70
2023-01-24 00:09:00,81,70
2023-01-24 00:24:00,80,71
2023-01-24 00:39:00,81,70
2023-01-24 00:54:00,82,71
2023-01-24 01:09:00,81,70
2023-01-24 01:24:00,82,71
2023-01-24 01:39:00,83,72
2023-01-24 01:54:00,82,73
2023-01-24 02:09:00,83,74
2023-01-24 02:24:00,82,73
2023-01-24 02:39:00,83,74
2023-01-24 02:54:00,84,73
2023-01-24 03:09:00,85,74
2023-01-24 03:24:00,84,73
2023-01-24 03:39:00,85,74
2023-01-24 03:54:00,84,75
2023-01-24 04:09:00,83,76
2023-01-24 04:24:00,84,77
2023-01-24 04:39:00,83,76
2023-01-24 04:54:00,82,77
2023-01-24 05:09:00,81,78
2023-01-24 05:24:00,80,79
2023-01-24 05:39:00,79,80
2023-01-24 05:54:00,78,79
2023-01-24 06:09:00,77,78
2023-01-24 06:24:00,76,77
2023-01-24 06:39:00,75,78
2023-01-24 06:54:00,76,77
2023-01-24 07:09:00,75,76
2023-01-24 07:24:00,74,77
2023-01-24 07:39:00,75,78
2023-01-24 07:54:00,76,79
2023-01-24 08:09:00,75,78
2023-01-24 08:24:00,74,77
2023-01-24 08:39:00,75,78
2023-01-24 08:54:00,76,79
2023-01-24 09:09:00,77,80
2023-01-24 09:24:00,78,79
2023-01-24 09:39:00,79,78
2023-01-24 09:54:00,78,77
2023-01-24 10:09:00,79,78
2023-01-24 10:24:00,78,77
2023-01-24 10:39:00,77,78
2023-01-24 10:54:00,78,79
2023-01-24 11:09:00,79,80
2023-01-24 11:24:00,78,79
2023-01-24 11:39:00,77,78
2023-01-24 11:54:00,76,77
2023-01-24 12:09:00,75,76
2023-01-24 12:24:00,74,77
2023-01-24 12:39:00,75,76
2023-01-24 12:54:00,74,77
2023-01-24 13:09:00,75,78
2023-01-24 13:24:00,76,79
2023-01-24 13:39:00,77,80
2023-01-24 13:54:00,78,80
2023-01-24 14:09:00,79,79
2023-01-24 14:24:00,80,80
2023-01-24 14:39:00,81,80
2023-01-24 14:54:00,80,79
2023-01-24 15:09:00,81,78
2023-01-24 15:24:00,82,77
2023-01-24 15:39:00,83,76
2023-01-24 15:54:00,82,77
2023-01-24 16:09:00,81,78
2023-01-24 16:24:00,82,79
2023-01-24 16:39:00,81,80
2023-01-24 16:54:00,82,80
2023-01-24 17:09:00,83,79
2023-01-24 17:24:00,84,78
2023-01-24 17:39:00,83,79
2023-01-24 17:54:00,82,80
2023-01-24 18:09:00,83,80
2023-01-24 18:24:00,82,80
2023-01-24 18:39:00,81,79
2023-01-24 18:54:00,82,78
2023-01-24 19:09:00,83,77
2023-01-24 19:24:00,82,76
2023-01-24 19:39:00,83,77
2023-01-24 19:54:00,84,78
2023-01-24 20:09:00,85,79
2023-01-24 20:24:00,84,80
2023-01-24 20:39:00,85,80
2023-01-24 20:54:00,84,79
2023-01-24 21:09:00,83,80
2023-01-24 21:24:00,84,80
2023-01-24 21:39:00,85,80
2023-01-24 21:54:00,86,80
2023-01-24 22:09:00,87,80
2023-01-24 22:24:00,88,80
2023-01-24 22:39:00,87,80
2023-01-24 22:54:00,86,80
2023-01-24 23:09:00,85,79
2023-01-24 23:24:00,86,80
2023-01-24 23:39:00,87,80
2023-01-24 23:54:00,86,80
2023-01-25 00:09:00,87,80
2023-01-25 00:24:00,88,80
2023-01-25 00:39:00,89,80
2023-01-25 00:54:00,88,79
2023-01-25 01:09:00,89,78
2023-01-25 01:24:00,88,77
2023-01-25 01:39:00,87,76
2023-01-25 01:54:00,88,75
2023-01-25 02:09:00,89,76
2023-01-25 02:24:00,88,75
2023-01-25 02:39:00,87,76
2023-01-25 02:54:00,86,75
2023-01-25 03:09:00,85,76
2023-01-25 03:24:00,86,77
2023-01-25 03:39:00,85,78
2023-01-25 03:54:00,86,77
2023-01-25 04:09:00,85,76
2023-01-25 04:24:00,84,75
2023-01-25 04:39:00,83,74
2023-01-25 04:54:00,82,75
2023-01-25 05:09:00,83,74
2023-01-25 05:24:00,82,75
2023-01-25 05:39:00,81,74
2023-01-25 05:54:00,80,75
2023-01-25 06:09:00,81,76
2023-01-25 06:24:00,80,77
2023-01-25 06:39:00,79,76
2023-01-25 06:54:00,78,77
2023-01-25 07:09:00,79,76
2023-01-25 07:24:00,78,77
2023-01-25 07:39:00,79,76
2023-01-25 07:54:00,80,77
2023-01-25 08:09:00,79,76
2023-01-25 08:24:00,80,77
2023-01-25 08:39:00,81,78
2023-01-25 08:54:00,82,79
2023-01-25 09:09:00,81,80
2023-01-25 09:24:00,82,80
2023-01-25 09:39:00,81,79
2023-01-25 09:54:00,80,80
2023-01-25 10:09:00,81,79
2023-01-25 10:24:00,80,78
2023-01-25 10:39:00,79,79
2023-01-25 10:54:00,80,80
2023-01-25 11:09:00,79,80
2023-01-25 11:24:00,78,80
2023-01-25 11:39:00,77,80
2023-01-25 11:54:00,78,79
2023-01-25 12:09:00,77,78
2023-01-25 12:24:00,76,79
2023-01-25 12:39:00,75,78
2023-01-25 12:54:00,74,77
2023-01-25 13:09:00,75,78
2023-01-25 13:24:00,76,79
2023-01-25 13:39:00,75,80
2023-01-25 13:54:00,76,80
2023-01-25 14:09:00,75,79
2023-01-25 14:24:00,76,78
2023-01-25 14:39:00,77,77
2023-01-25 14:54:00,76,78
2023-01-25 15:09:00,77,79
2023-01-25 15:24:00,78,80
2023-01-25 15:39:00,79,79
2023-01-25 15:54:00,78,78
2023-01-25 16:09:00,77,79
2023-01-25 16:24:00,76,78
2023-01-25 16:39:00,77,79
2023-01-25 16:54:00,76,78
2023-01-25 17:09:00,77,77
2023-01-25 17:24:00,78,78
2023-01-25 17:39:00,79,77
2023-01-25 17:54:00,78,76
2023-01-25 18:09:00,79,77
2023-01-25 18:24:00,78,76
2023-01-25 18:39:00,77,75
2023-01-25 18:54:00,78,76
2023-01-25 19:09:00,77,77
2023-01-25 19:24:00,76,76
2023-01-25 19:39:00,75,75
2023-01-25 19:54:00,76,76
2023-01-25 20:09:00,75,77
2023-01-25 20:24:00,76,76
2023-01-25 20:39:00,77,77
2023-01-25 20:54:00,78,76
2023-01-25 21:09:00,79,77
2023-01-25 21:24:00,80,76
2023-01-25 21:39:00,81,77
2023-01-25 21:54:00,80,76
2023-01-25 22:09:00,79,75
2023-01-25 22:24:00,80,74
2023-01-25 22:39:00,81,75
2023-01-25 22:54:00,80,76
2023-01-25 23:09:00,81,77
2023-01-25 23:24:00,80,76
2023-01-25 23:39:00,79,77
2023-01-25 23:54:00,80,78
2023-01-26 00:09:00,79,79
2023-01-26 00:24:00,78,78
2023-01-26 00:39:00,77,79
2023-01-26 00:54:00,78,80
2023-01-26 01:09:00,79,79
2023-01-26 01:24:00,80,78
2023-01-26 01:39:00,81,79
2023-01-26 01:54:00,80,78
2023-01-26 02:09:00,81,77
2023-01-26 02:24:00,82,76
2023-01-26 02:39:00,81,77
2023-01-26 02:54:00,82,78
2023-01-26 03:09:00,83,77
2023-01-26 03:24:00,82,76
2023-01-26 03:39:00,81,77
2023-01-26 03:54:00,80,76
2023-01-26 04:09:00,81,75
2023-01-26 04:24:00,82,76
2023-01-26 04:39:00,81,75
2023-01-26 04:54:00,80,76
2023-01-26 05:09:00,79,75
2023-01-26 05:24:00,78,76
2023-01-26 05:39:00,79,77
2023-01-26 05:54:00,80,78
2023-01-26 06:09:00,81,77
2023-01-26 06:24:00,82,76
2023-01-26 06:39:00,83,77
2023-01-26 06:54:00,84,78
2023-01-26 07:09:00,85,77
2023-01-26 07:24:00,84,76
2023-01-26 07:39:00,85,75
2023-01-26 07:54:00,84,76
2023-01-26 08:09:00,85,75
2023-01-26 08:24:00,86,74
2023-01-26 08:39:00,87,75
2023-01-26 08:54:00,86,74
2023-01-26 09:09:00,87,75
2023-01-26 09:24:00,88,76
2023-01-26 09:39:00,89,75
2023-01-26 09:54:00,88,74
2023-01-26 10:09:00,87,73
2023-01-26 10:24:00,88,72
2023-01-26 10:39:00,87,71
2023-01-26 10:54:00,86,72
2023-01-26 11:09:00,85,71
2023-01-26 11:24:00,84,72
2023-01-26 11:39:00,83,73
2023-01-26 11:54:00,84,72
2023-01-26 12:09:00,83,73
2023-01-26 12:24:00,84,72
2023-01-26 12:39:00,83,73
2023-01-26 12:54:00,84,72
2023-01-26 13:09:00,85,71
2023-01-26 13:24:00,86,72
2023-01-26 13:39:00,87,71
2023-01-26 13:54:00,86,72
2023-01-26 14:09:00,85,71
2023-01-26 14:24:00,86,72
2023-01-26 14:39:00,87,71
2023-01-26 14:54:00,86,72
2023-01-26 15:09:00,87,71
2023-01-26 15:24:00,86,72
2023-01-26 15:39:00,87,71
2023-01-26 15:54:00,88,70
2023-01-26 16:09:00,87,70
2023-01-26 16:24:00,88,70
2023-01-26 16:39:00,87,71
2023-01-26 16:54:00,86,72
2023-01-26 17:09:00,87,73
2023-01-26 17:24:00,86,72
2023-01-26 17:39:00,85,71
2023-01-26 17:54:00,84,70
2023-01-26 18:09:00,85,71
2023-01-26 18:24:00,84,72
2023-01-26 18:39:00,83,73
2023-01-26 18:54:00,84,72
2023-01-26 19:09:00,85,73
2023-01-26 19:24:00,84,72
2023-01-26 19:39:00,83,71
2023-01-26 19:54:00,82,72
2023-01-26 20:09:00,83,73
2023-01-26 20:24:00,82,72
2023-01-26 20:39:00,83,71
2023-01-26 20:54:00,84,70
2023-01-26 21:09:00,83,71
2023-01-26 21:24:00,84,72
2023-01-26 21:39:00,83,71
2023-01-26 21:54:00,82,70
2023-01-26 22:09:00,81,71
2023-01-26 22:24:00,80,70
2023-01-26 22:39:00,79,70
2023-01-26 22:54:00,80,70
2023-01-26 23:09:00,81,71
2023-01-26 23:24:00,80,70
2023-01-26 23:39:00,81,70
2023-01-26 23:54:00,80,71
2023-01-27 00:09:00,81,70
2023-01-27 00:24:00,80,71
2023-01-27 00:39:00,81,72
2023-01-27 00:54:00,80,71
2023-01-27 01:09:00,81,70
2023-01-27 01:24:00,82,71
2023-01-27 01:39:00,81,70
2023-01-27 01:54:00,82,70
2023-01-27 02:09:00,81,70
2023-01-27 02:24:00,82,70
2023-01-27 02:39:00,81,70
2023-01-27 02:54:00,80,71
2023-01-27 03:09:00,79,70
2023-01-27 03:24:00,80,70
2023-01-27 03:39:00,81,71
2023-01-27 03:54:00,82,72
2023-01-27 04:09:00,83,73
2023-01-27 04:24:00,82,72
2023-01-27 04:39:00,83,73
2023-01-27 04:54:00,82,74
2023-01-27 05:09:00,83,73
2023-01-27 05:24:00,82,72
2023-01-27 05:39:00,83,73
2023-01-27 05:54:00,84,72
2023-01-27 06:09:00,85,71
2023-01-27 06:24:00,86,70
2023-01-27 06:39:00,87,70
2023-01-27 06:54:00,86,71
2023-01-27 07:09:00,87,70
2023-01-27 07:24:00,88,71
2023-01-27 07:39:00,89,70
2023-01-27 07:54:00,90,70
2023-01-27 08:09:00,89,70
2023-01-27 08:24:00,90,70
2023-01-27 08:39:00,89,71
2023-01-27 08:54:00,88,72
2023-01-27 09:09:00,87,71
2023-01-27 09:24:00,86,72
2023-01-27 09:39:00,85,71
2023-01-27 09:54:00,84,70
2023-01-27 10:09:00,85,70
2023-01-27 10:24:00,86,70
2023-01-27 10:39:00,85,71
2023-01-27 10:54:00,84,70
2023-01-27 11:09:00,85,70
2023-01-27 11:24:00,86,71
2023-01-27 11:39:00,87,70
2023-01-27 11:54:00,88,70
2023-01-27 12:09:00,87,71
2023-01-27 12:24:00,86,72
2023-01-27 12:39:00,87,73
2023-01-27 12:54:00,88,72
2023-01-27 13:09:00,89,71
2023-01-27 13:24:00,88,72
2023-01-27 13:39:00,87,71
2023-01-27 13:54:00,88,70
2023-01-27 14:09:00,87,70
2023-01-27 14:24:00,86,71
2023-01-27 14:39:00,87,72
2023-01-27 14:54:00,88,73
2023-01-27 15:09:00,87,72
2023-01-27 15:24:00,88,71
2023-01-27 15:39:00,87,70
2023-01-27 15:54:00,86,71
2023-01-27 16:09:00,85,72
2023-01-27 16:24:00,86,73
2023-01-27 16:39:00,87,72
2023-01-27 16:54:00,86,73
2023-01-27 17:09:00,87,72
2023-01-27 17:24:00,86,73
2023-01-27 17:39:00,85,74
2023-01-27 17:54:00,86,73
2023-01-27 18:09:00,87,74
2023-01-27 18:24:00,86,73
2023-01-27 18:39:00,87,72
2023-01-27 18:54:00,88,71
2023-01-27 19:09:00,87,72
2023-01-27 19:24:00,86,73
2023-01-27 19:39:00,85,72
2023-01-27 19:54:00,86,73
2023-01-27 20:09:00,87,74
2023-01-27 20:24:00,86,73
2023-01-27 20:39:00,87,74
2023-01-27 20:54:00,86,73
2023-01-27 21:09:00,87,72
2023-01-27 21:24:00,86,71
2023-01-27 21:39:00,87,72
2023-01-27 21:54:00,86,71
2023-01-27 22:09:00,87,72
2023-01-27 22:24:00,88,71
2023-01-27 22:39:00,89,70
2023-01-27 22:54:00,90,71
2023-01-27 23:09:00,90,72
2023-01-27 23:24:00,90,71
2023-01-27 23:39:00,89,70
2023-01-27 23:54:00,88,70
2023-01-28 00:09:00,87,70
2023-01-28 00:24:00,86,70
2023-01-28 00:39:00,85,70
2023-01-28 00:54:00,86,71
2023-01-28 01:09:00,85,72
2023-01-28 01:24:00,86,73
2023-01-28 01:39:00,87,74
2023-01-28 01:54:00,88,75
2023-01-28 02:09:00,89,76
2023-01-28 02:24:00,90,77
2023-01-28 02:39:00,90,78
2023-01-28 02:54:00,90,77
2023-01-28 03:09:00,90,76
2023-01-28 03:24:00,90,75
2023-01-28 03:39:00,90,74
2023-01-28 03:54:00,89,75
2023-01-28 04:09:00,88,74
2023-01-28 04:24:00,87,75
2023-01-28 04:39:00,88,74
2023-01-28 04:54:00,87,73
2023-01-28 05:09:00,86,74
2023-01-28 05:24:00,87,75
2023-01-28 05:39:00,86,74
2023-01-28 05:54:00,87,73
2023-01-28 06:09:00,88,74
2023-01-28 06:24:00,87,75
2023-01-28 06:39:00,88,74
2023-01-28 06:54:00,87,75
2023-01-28 07:09:00,88,76
2023-01-28 07:24:00,87,75
2023-01-28 07:39:00,86,74
2023-01-28 07:54:00,87,75
2023-01-28 08:09:00,88,74
2023-01-28 08:24:00,89,75
2023-01-28 08:39:00,88,74
2023-01-28 08:54:00,89,73
2023-01-28 09:09:00,88,72
2023-01-28 09:24:00,87,73
2023-01-28 09:39:00,88,74
2023-01-28 09:54:00,87,73
2023-01-28 10:09:00,86,72
2023-01-28 10:24:00,87,73
2023-01-28 10:39:00,86,74
2023-01-28 10:54:00,85,75
2023-01-28 11:09:00,86,76
2023-01-28 11:24:00,85,75
2023-01-28 11:39:00,86,74
2023-01-28 11:54:00,87,73
2023-01-28 12:09:00,86,74
2023-01-28 12:24:00,85,73
2023-01-28 12:39:00,84,72
2023-01-28 12:54:00,83,71
2023-01-28 13:09:00,84,72
2023-01-28 13:24:00,85,71
2023-01-28 13:39:00,86,72
2023-01-28 13:54:00,87,73
2023-01-28 14:09:00,88,72
2023-01-28 14:24:00,87,73
2023-01-28 14:39:00,88,72
2023-01-28 14:54:00,89,71
2023-01-28 15:09:00,90,72
2023-01-28 15:24:00,90,71
2023-01-28 15:39:00,90,72
2023-01-28 15:54:00,90,71
2023-01-28 16:09:00,89,72
2023-01-28 16:24:00,88,73
2023-01-28 16:39:00,87,72
2023-01-28 16:54:00,86,73
2023-01-28 17:09:00,85,72
2023-01-28 17:24:00,86,73
2023-01-28 17:39:00,85,74
2023-01-28 17:54:00,84,75
2023-01-28 18:09:00,85,76
2023-01-28 18:24:00,84,75
2023-01-28 18:39:00,83,74
2023-01-28 18:54:00,82,75
2023-01-28 19:09:00,83,76
2023-01-28 19:24:00,84,77
2023-01-28 19:39:00,85,76
2023-01-28 19:54:00,84,77
2023-01-28 20:09:00,83,78
2023-01-28 20:24:00,82,79
2023-01-28 20:39:00,81,78
2023-01-28 20:54:00,82,79
2023-01-28 21:09:00,83,78
2023-01-28 21:24:00,84,77
2023-01-28 21:39:00,83,76
2023-01-28 21:54:00,82,77
2023-01-28 22:09:00,81,76
2023-01-28 22:24:00,82,75
2023-01-28 22:39:00,81,76
2023-01-28 22:54:00,82,75
2023-01-28 23:09:00,83,74
2023-01-28 23:24:00,84,73
2023-01-28 23:39:00,85,74
2023-01-28 23:54:00,86,73
2023-01-29 00:09:00,87,72
2023-01-29 00:24:00,88,71
2023-01-29 00:39:00,89,72
2023-01-29 00:54:00,90,71
2023-01-29 01:09:00,90,70
2023-01-29 01:24:00,90,71
2023-01-29 01:39:00,90,70
2023-01-29 01:54:00,90,71
2023-01-29 02:09:00,90,72
2023-01-29 02:24:00,90,71
2023-01-29 02:39:00,90,70
2023-01-29 02:54:00,90,71
2023-01-29 03:09:00,90,70
2023-01-29 03:24:00,89,71
2023-01-29 03:39:00,90,72
2023-01-29 03:54:00,90,71
2023-01-29 04:09:00,89,70
2023-01-29 04:24:00,90,70
2023-01-29 04:39:00,89,70
2023-01-29 04:54:00,88,71
2023-01-29 05:09:00,87,70
2023-01-29 05:24:00,86,71
2023-01-29 05:39:00,87,72
2023-01-29 05:54:00,88,73
2023-01-29 06:09:00,87,74
2023-01-29 06:24:00,86,75
2023-01-29 06:39:00,85,76
2023-01-29 06:54:00,86,77
2023-01-29 07:09:00,87,76
2023-01-29 07:24:00,86,75
2023-01-29 07:39:00,85,76
2023-01-29 07:54:00,86,75
2023-01-29 08:09:00,87,74
2023-01-29 08:24:00,88,75
2023-01-29 08:39:00,89,74
2023-01-29 08:54:00,88,73
2023-01-29 09:09:00,89,72
2023-01-29 09:24:00,88,71
2023-01-29 09:39:00,87,72
2023-01-29 09:54:00,86,73
2023-01-29 10:09:00,85,74
2023-01-29 10:24:00,84,73
2023-01-29 10:39:00,85,72
2023-01-29 10:54:00,86,71
2023-01-29 11:09:00,87,70
2023-01-29 11:24:00,86,71
2023-01-29 11:39:00,87,70
2023-01-29 11:54:00,86,70
2023-01-29 12:09:00,85,70
2023-01-29 12:24:00,84,71
2023-01-29 12:39:00,85,70
2023-01-29 12:54:00,84,71
2023-01-29 13:09:00,83,70
2023-01-29 13:24:00,84,71
2023-01-29 13:39:00,85,70
2023-01-29 13:54:00,84,71
2023-01-29 14:09:00,85,72
2023-01-29 14:24:00,84,73
2023-01-29 14:39:00,85,72
2023-01-29 14:54:00,84,73
2023-01-29 15:09:00,85,72
2023-01-29 15:24:00,86,71
2023-01-29 15:39:00,85,70
2023-01-29 15:54:00,86,71
2023-01-29 16:09:00,87,70
2023-01-29 16:24:00,88,70
2023-01-29 16:39:00,87,70
2023-01-29 16:54:00,88,70
2023-01-29 17:09:00,89,71
2023-01-29 17:24:00,88,70
2023-01-29 17:39:00,87,71
2023-01-29 17:54:00,88,70
2023-01-29 18:09:00,89,71
2023-01-29 18:24:00,88,70
2023-01-29 18:39:00,87,71
2023-01-29 18:54:00,88,70
2023-01-29 19:09:00,87,71
2023-01-29 19:24:00,86,72
2023-01-29 19:39:00,85,71
2023-01-29 19:54:00,86,70
2023-01-29 20:09:00,85,71
2023-01-29 20:24:00,86,70
2023-01-29 20:39:00,85,70
2023-01-29 20:54:00,86,70
2023-01-29 21:09:00,87,71
2023-01-29 21:24:00,86,70
2023-01-29 21:39:00,85,71
2023-01-29 21:54:00,86,72
2023-01-29 22:09:00,85,73
2023-01-29 22:24:00,84,72
2023-01-29 22:39:00,83,73
2023-01-29 22:54:00,82,72
2023-01-29 23:09:00,83,73
2023-01-29 23:24:00,84,72
2023-01-29 23:39:00,83,73
2023-01-29 23:54:00,84,72
2023-01-30 00:09:00,83,73
2023-01-30 00:24:00,84,72
2023-01-30 00:39:00,85,73
2023-01-30 00:54:00,86,74
2023-01-30 01:09:00,85,73
2023-01-30 01:24:00,84,72
2023-01-30 01:39:00,85,71
2023-01-30 01:54:00,84,72
2023-01-30 02:09:00,83,73
2023-01-30 02:24:00,82,74
2023-01-30 02:39:00,83,73
2023-01-30 02:54:00,84,74
2023-01-30 03:09:00,83,73
2023-01-30 03:24:00,82,74
2023-01-30 03:39:00,81,73
2023-01-30 03:54:00,82,72
2023-01-30 04:09:00,81,71
2023-01-30 04:24:00,82,72
2023-01-30 04:39:00,81,71
2023-01-30 04:54:00,80,70
2023-01-30 05:09:00,79,71
2023-01-30 05:24:00,78,70
2023-01-30 05:39:00,77,71
2023-01-30 05:54:00,76,70
2023-01-30 06:09:00,77,70
2023-01-30 06:24:00,78,70
2023-01-30 06:39:00,77,71
2023-01-30 06:54:00,76,72
2023-01-30 07:09:00,75,71
2023-01-30 07:24:00,76,72
2023-01-30 07:39:00,77,71
2023-01-30 07:54:00,76,72
2023-01-30 08:09:00,75,73
2023-01-30 08:24:00,76,72
2023-01-30 08:39:00,75,71
2023-01-30 08:54:00,74,70
2023-01-30 09:09:00,73,71
2023-01-30 09:24:00,74,72
2023-01-30 09:39:00,75,73
2023-01-30 09:54:00,76,72
2023-01-30 10:09:00,77,71
2023-01-30 10:24:00,78,72
2023-01-30 10:39:00,77,71
2023-01-30 10:54:00,76,72
2023-01-30 11:09:00,75,73
2023-01-30 11:24:00,76,74
2023-01-30 11:39:00,77,75
2023-01-30 11:54:00,78,76
2023-01-30 12:09:00,79,75
2023-01-30 12:24:00,78,76
2023-01-30 12:39:00,77,75
2023-01-30 12:54:00,78,76
2023-01-30 13:09:00,77,77
2023-01-30 13:24:00,78,78
2023-01-30 13:39:00,79,77
2023-01-30 13:54:00,80,78
2023-01-30 14:09:00,79,79
2023-01-30 14:24:00,80,80
2023-01-30 14:39:00,81,80
2023-01-30 14:54:00,80,79
2023-01-30 15:09:00,79,80
2023-01-30 15:24:00,80,80
2023-01-30 15:39:00,81,79
2023-01-30 15:54:00,80,80
2023-01-30 16:09:00,81,80
2023-01-30 16:24:00,82,79
2023-01-30 16:39:00,83,80
2023-01-30 16:54:00,82,79
2023-01-30 17:09:00,83,78
2023-01-30 17:24:00,84,77
2023-01-30 17:39:00,83,78
2023-01-30 17:54:00,84,77
2023-01-30 18:09:00,83,76
2023-01-30 18:24:00,84,77
2023-01-30 18:39:00,83,78
2023-01-30 18:54:00,84,79
2023-01-30 19:09:00,83,78
2023-01-30 19:24:00,82,79
2023-01-30 19:39:00,83,80
2023-01-30 19:54:00,84,80
2023-01-30 20:09:00,85,80
2023-01-30 20:24:00,86,79
2023-01-30 20:39:00,87,80
2023-01-30 20:54:00,86,80
2023-01-30 21:09:00,85,80
2023-01-30 21:24:00,84,79
2023-01-30 21:39:00,85,80
2023-01-30 21:54:00,86,79
2023-01-30 22:09:00,85,78
2023-01-30 22:24:00,86,77
2023-01-30 22:39:00,85,76
2023-01-30 22:54:00,84,77
2023-01-30 23:09:00,85,78
2023-01-30 23:24:00,84,77
2023-01-30 23:39:00,85,78
2023-01-30 23:54:00,84,79
2023-01-31 00:09:00,85,78
2023-01-31 00:24:00,84,79
2023-01-31 00:39:00,83,80
2023-01-31 00:54:00,82,80
2023-01-31 01:09:00,81,80
2023-01-31 01:24:00,82,79
2023-01-31 01:39:00,83,80
2023-01-31 01:54:00,82,79
2023-01-31 02:09:00,81,78
2023-01-31 02:24:00,80,79
2023-01-31 02:39:00,79,78
2023-01-31 02:54:00,80,79
2023-01-31 03:09:00,79,80
2023-01-31 03:24:00,80,79
2023-01-31 03:39:00,81,80
2023-01-31 03:54:00,82,79
2023-01-31 04:09:00,83,78
2023-01-31 04:24:00,84,79
2023-01-31 04:39:00,85,80
2023-01-31 04:54:00,86,79
2023-01-31 05:09:00,85,78
2023-01-31 05:24:00,86,79
2023-01-31 05:39:00,85,80
2023-01-31 05:54:00,86,79
2023-01-31 06:09:00,87,80
2023-01-31 06:24:00,88,79
2023-01-31 06:39:00,87,80
2023-01-31 06:54:00,86,79
2023-01-31 07:09:00,85,78
2023-01-31 07:24:00,86,79
2023-01-31 07:39:00,85,78
2023-01-31 07:54:00,86,77
2023-01-31 08:09:00,85,78
2023-01-31 08:24:00,86,79
2023-01-31 08:39:00,85,80
2023-01-31 08:54:00,86,80
2023-01-31 09:09:00,85,80
2023-01-31 09:24:00,84,80
2023-01-31 09:39:00,85,80
2023-01-31 09:54:00,86,80
2023-01-31 10:09:00,87,80
2023-01-31 10:24:00,88,80
2023-01-31 10:39:00,89,79
2023-01-31 10:54:00,88,78
2023-01-31 11:09:00,87,79
2023-01-31 11:24:00,86,78
2023-01-31 11:39:00,87,79
2023-01-31 11:54:00,86,78
2023-01-31 12:09:00,85,79
2023-01-31 12:24:00,86,80
2023-01-31 12:39:00,87,79
2023-01-31 12:54:00,86,78
2023-01-31 13:09:00,85,79
2023-01-31 13:24:00,84,80
2023-01-31 13:39:00,85,79
2023-01-31 13:54:00,84,78
2023-01-31 14:09:00,83,79
2023-01-31 14:24:00,82,78
2023-01-31 14:39:00,83,79
2023-01-31 14:54:00,84,78
2023-01-31 15:09:00,85,79
2023-01-31 15:24:00,84,80
2023-01-31 15:39:00,83,80
2023-01-31 15:54:00,84,79
2023-01-31 16:09:00,83,80
2023-01-31 16:24:00,84,79
2023-01-31 16:39:00,85,78
2023-01-31 16:54:00,84,77
2023-01-31 17:09:00,83,76
2023-01-31 17:24:00,82,77
2023-01-31 17:39:00,83,78
2023-01-31 17:54:00,82,77
2023-01-31 18:09:00,81,78
2023-01-31 18:24:00,80,79
2023-01-31 18:39:00,81,78
2023-01-31 18:54:00,80,77
2023-01-31 19:09:00,81,78
2023-01-31 19:24:00,80,79
2023-01-31 19:39:00,79,80
2023-01-31 19:54:00,80,79
2023-01-31 20:09:00,81,80
2023-01-31 20:24:00,82,80
2023-01-31 20:39:00,81,79
2023-01-31 20:54:00,80,78
2023-01-31 21:09:00,81,77
2023-01-31 21:24:00,80,78
2023-01-31 21:39:00,79,79
2023-01-31 21:54:00,78,80
2023-01-31 22:09:00,79,80
2023-01-31 22:24:00,80,79
2023-01-31 22:39:00,79,78
2023-01-31 22:54:00,78,77
2023-01-31 23:09:00,79,78
2023-01-31 23:24:00,80,77
2023-01-31 23:39:00,81,76
2023-01-31 23:54:00,80,75
2023-02-01 00:09:00,79,76
2023-02-01 00:24:00,80,75
2023-02-01 00:39:00,79,76
2023-02-01 00:54:00,78,77
2023-02-01 01:09:00,77,76
2023-02-01 01:24:00,78,75
2023-02-01 01:39:00,77,74
2023-02-01 01:54:00,78,75
2023-02-01 02:09:00,77,76
2023-02-01 02:24:00,76,75
2023-02-01 02:39:00,77,76
2023-02-01 02:54:00,76,75
2023-02-01 03:09:00,75,74
2023-02-01 03:24:00,76,73
2023-02-01 03:39:00,77,74
2023-02-01 03:54:00,76,73
2023-02-01 04:09:00,75,74
2023-02-01 04:24:00,76,75
2023-02-01 04:39:00,77,74
2023-02-01 04:54:00,76,75
2023-02-01 05:09:00,77,74
2023-02-01 05:24:00,78,73
2023-02-01 05:39:00,77,72
2023-02-01 05:54:00,76,73
2023-02-01 06:09:00,77,72
2023-02-01 06:24:00,76,73
2023-02-01 06:39:00,75,72
2023-02-01 06:54:00,76,73
2023-02-01 07:09:00,75,74
2023-02-01 07:24:00,76,73
2023-02-01 07:39:00,75,72
2023-02-01 07:54:00,74,73
2023-02-01 08:09:00,73,74
2023-02-01 08:24:00,72,75
2023-02-01 08:39:00,73,74
2023-02-01 08:54:00,72,75
2023-02-01 09:09:00,73,76
2023-02-01 09:24:00,74,75
2023-02-01 09:39:00,73,76
2023-02-01 09:54:00,72,75
2023-02-01 10:09:00,73,74
2023-02-01 10:24:00,72,73
2023-02-01 10:39:00,73,74
2023-02-01 10:54:00,72,75
2023-02-01 11:09:00,73,76
2023-02-01 11:24:00,72,77
2023-02-01 11:39:00,71,76
2023-02-01 11:54:00,72,75
2023-02-01 12:09:00,73,76
2023-02-01 12:24:00,74,77
2023-02-01 12:39:00,75,76
2023-02-01 12:54:00,74,77
2023-02-01 13:09:00,75,78
2023-02-01 13:24:00,76,77
2023-02-01 13:39:00,77,78
2023-02-01 13:54:00,76,77
2023-02-01 14:09:00,77,78
2023-02-01 14:24:00,78,79
2023-02-01 14:39:00,79,78
2023-02-01 14:54:00,78,79
2023-02-01 15:09:00,79,80
2023-02-01 15:24:00,78,80
2023-02-01 15:39:00,79,79
2023-02-01 15:54:00,78,80
2023-02-01 16:09:00,77,79
2023-02-01 16:24:00,76,78
2023-02-01 16:39:00,77,77
2023-02-01 16:54:00,78,78
2023-02-01 17:09:00,77,79
2023-02-01 17:24:00,78,78
2023-02-01 17:39:00,77,79
2023-02-01 17:54:00,76,80
2023-02-01 18:09:00,75,79
2023-02-01 18:24:00,76,78
2023-02-01 18:39:00,75,77
2023-02-01 18:54:00,76,78
2023-02-01 19:09:00,75,77
2023-02-01 19:24:00,74,78
2023-02-01 19:39:00,73,79
2023-02-01 19:54:00,72,80
2023-02-01 20:09:00,73,80
2023-02-01 20:24:00,72,79
2023-02-01 20:39:00,71,80
2023-02-01 20:54:00,70,80
2023-02-01 21:09:00,69,79
2023-02-01 21:24:00,68,78
2023-02-01 21:39:00,69,77
2023-02-01 21:54:00,70,76
2023-02-01 22:09:00,69,77
2023-02-01 22:24:00,68,76
2023-02-01 22:39:00,67,75
2023-02-01 22:54:00,66,74
2023-02-01 23:09:00,67,73
2023-02-01 23:24:00,68,72
2023-02-01 23:39:00,67,73
2023-02-01 23:54:00,68,72
2023-02-02 00:09:00,67,71
2023-02-02 00:24:00,66,70
2023-02-02 00:39:00,67,71
2023-02-02 00:54:00,68,72
2023-02-02 01:09:00,69,71
2023-02-02 01:24:00,70,72
2023-02-02 01:39:00,71,73
2023-02-02 01:54:00,72,74
2023-02-02 02:09:00,73,73
2023-02-02 02:24:00,74,74
2023-02-02 02:39:00,73,73
2023-02-02 02:54:00,74,74
2023-02-02 03:09:00,73,75
2023-02-02 03:24:00,74,76
2023-02-02 03:39:00,75,75
2023-02-02 03:54:00,74,76
2023-02-02 04:09:00,73,75
2023-02-02 04:24:00,72,74
2023-02-02 04:39:00,73,73
2023-02-02 04:54:00,74,74
2023-02-02 05:09:00,75,75
2023-02-02 05:24:00,74,74
2023-02-02 05:39:00,75,75
2023-02-02 05:54:00,76,74
2023-02-02 06:09:00,77,75
2023-02-02 06:24:00,78,74
2023-02-02 06:39:00,79,75
2023-02-02 06:54:00,78,74
2023-02-02 07:09:00,77,75
2023-02-02 07:24:00,76,74
2023-02-02 07:39:00,75,73
2023-02-02 07:54:00,76,74
2023-02-02 08:09:00,77,73
2023-02-02 08:24:00,78,74
2023-02-02 08:39:00,79,75
2023-02-02 08:54:00,80,76
2023-02-02 09:09:00,81,75
2023-02-02 09:24:00,82,74
2023-02-02 09:39:00,83,75
2023-02-02 09:54:00,84,74
2023-02-02 10:09:00,83,73
2023-02-02 10:24:00,84,72
2023-02-02 10:39:00,85,71
2023-02-02 10:54:00,86,70
2023-02-02 11:09:00,85,70
2023-02-02 11:24:00,84,70
2023-02-02 11:39:00,85,71
2023-02-02 11:54:00,86,70
2023-02-02 12:09:00,87,70
2023-02-02 12:24:00,88,71
2023-02-02 12:39:00,89,70
2023-02-02 12:54:00,90,70
2023-02-02 13:09:00,90,70
2023-02-02 13:24:00,90,70
2023-02-02 13:39:00,90,70
2023-02-02 13:54:00,90,70
2023-02-02 14:09:00,90,70
2023-02-02 14:24:00,89,71
2023-02-02 14:39:00,88,70
2023-02-02 14:54:00,87,71
2023-02-02 15:09:00,86,72
2023-02-02 15:24:00,85,71
2023-02-02 15:39:00,86,70
2023-02-02 15:54:00,85,71
2023-02-02 16:09:00,86,72
2023-02-02 16:24:00,85,73
2023-02-02 16:39:00,86,74
2023-02-02 16:54:00,87,75
2023-02-02 17:09:00,86,74
2023-02-02 17:24:00,85,73
2023-02-02 17:39:00,86,72
2023-02-02 17:54:00,85,71
2023-02-02 18:09:00,84,70
2023-02-02 18:24:00,85,70
2023-02-02 18:39:00,86,70
2023-02-02 18:54:00,87,70
2023-02-02 19:09:00,86,71
2023-02-02 19:24:00,85,70
2023-02-02 19:39:00,86,70
2023-02-02 19:54:00,85,70
2023-02-02 20:09:00,84,71
2023-02-02 20:24:00,83,72
2023-02-02 20:39:00,84,73
2023-02-02 20:54:00,83,74
2023-02-02 21:09:00,82,75
2023-02-02 21:24:00,81,76
2023-02-02 21:39:00,82,75
2023-02-02 21:54:00,83,74
2023-02-02 22:09:00,84,75
2023-02-02 22:24:00,85,76
2023-02-02 22:39:00,84,77
2023-02-02 22:54:00,83,76
2023-02-02 23:09:00,82,77
2023-02-02 23:24:00,81,76
2023-02-02 23:39:00,80,75
2023-02-02 23:54:00,81,76
2023-02-03 00:09:00,80,75
2023-02-03 00:24:00,81,76
2023-02-03 00:39:00,82,77
2023-02-03 00:54:00,81,76
2023-02-03 01:09:00,80,77
2023-02-03 01:24:00,81,78
2023-02-03 01:39:00,82,77
2023-02-03 01:54:00,81,78
2023-02-03 02:09:00,80,77
2023-02-03 02:24:00,79,76
2023-02-03 02:39:00,80,77
2023-02-03 02:54:00,81,78
2023-02-03 03:09:00,80,77
2023-02-03 03:24:00,81,78
2023-02-03 03:39:00,82,77
2023-02-03 03:54:00,81,76
2023-02-03 04:09:00,82,77
2023-02-03 04:24:00,81,78
2023-02-03 04:39:00,82,79
2023-02-03 04:54:00,83,80
2023-02-03 05:09:00,82,79
2023-02-03 05:24:00,81,78
2023-02-03 05:39:00,80,77
2023-02-03 05:54:00,81,76
2023-02-03 06:09:00,82,77
2023-02-03 06:24:00,81,78
2023-02-03 06:39:00,80,77
2023-02-03 06:54:00,81,78
2023-02-03 07:09:00,80,77
2023-02-03 07:24:00,79,78
2023-02-03 07:39:00,78,79
2023-02-03 07:54:00,77,80
2023-02-03 08:09:00,76,80
2023-02-03 08:24:00,75,80
2023-02-03 08:39:00,76,80
2023-02-03 08:54:00,75,79
2023-02-03 09:09:00,74,78
2023-02-03 09:24:00,75,79
2023-02-03 09:39:00,74,80
2023-02-03 09:54:00,73,79
2023-02-03 10:09:00,72,78
2023-02-03 10:24:00,73,77
2023-02-03 10:39:00,74,76
2023-02-03 10:54:00,73,77
2023-02-03 11:09:00,72,76
2023-02-03 11:24:00,71,75
2023-02-03 11:39:00,72,74
2023-02-03 11:54:00,71,75
2023-02-03 12:09:00,72,74
2023-02-03 12:24:00,71,75
2023-02-03 12:39:00,70,74
2023-02-03 12:54:00,71,75
2023-02-03 13:09:00,72,74
2023-02-03 13:24:00,71,73
2023-02-03 13:39:00,72,72
2023-02-03 13:54:00,73,71
2023-02-03 14:09:00,72,72
2023-02-03 14:24:00,73,71
2023-02-03 14:39:00,72,72
2023-02-03 14:54:00,71,71
2023-02-03 15:09:00,72,70
2023-02-03 15:24:00,71,71
2023-02-03 15:39:00,72,70
2023-02-03 15:54:00,71,71
2023-02-03 16:09:00,70,70
2023-02-03 16:24:00,71,71
2023-02-03 16:39:00,72,72
2023-02-03 16:54:00,73,71
2023-02-03 17:09:00,74,70
2023-02-03 17:24:00,75,71
2023-02-03 17:39:00,76,72
2023-02-03 17:54:00,75,71
2023-02-03 18:09:00,74,72
2023-02-03 18:24:00,75,71
2023-02-03 18:39:00,74,70
2023-02-03 18:54:00,75,70
2023-02-03 19:09:00,74,70
2023-02-03 19:24:00,73,71
2023-02-03 19:39:00,74,70
2023-02-03 19:54:00,73,71
2023-02-03 20:09:00,74,72
2023-02-03 20:24:00,75,71
2023-02-03 20:39:00,76,72
2023-02-03 20:54:00,75,71
2023-02-03 21:09:00,76,72
2023-02-03 21:24:00,77,73
2023-02-03 21:39:00,78,72
2023-02-03 21:54:00,77,71
2023-02-03 22:09:00,76,70
2023-02-03 22:24:00,75,71
2023-02-03 22:39:00,76,70
2023-02-03 22:54:00,75,71
2023-02-03 23:09:00,74,72
2023-02-03 23:24:00,73,71
2023-02-03 23:39:00,72,70
2023-02-03 23:54:00,71,71
2023-02-04 00:09:00,72,72
2023-02-04 00:24:00,71,73
2023-02-04 00:39:00,72,72
2023-02-04 00:54:00,73,73
2023-02-04 01:09:00,74,72
2023-02-04 01:24:00,73,73
2023-02-04 01:39:00,74,72
2023-02-04 01:54:00,75,71
2023-02-04 02:09:00,74,70
2023-02-04 02:24:00,73,70
2023-02-04 02:39:00,72,70
2023-02-04 02:54:00,73,70
2023-02-04 03:09:00,74,70
2023-02-04 03:24:00,75,70
2023-02-04 03:39:00,76,70
2023-02-04 03:54:00,77,70
2023-02-04 04:09:00,76,71
2023-02-04 04:24:00,77,70
2023-02-04 04:39:00,78,71
2023-02-04 04:54:00,79,70
2023-02-04 05:09:00,78,71
2023-02-04 05:24:00,77,70
2023-02-04 05:39:00,76,71
2023-02-04 05:54:00,77,72
2023-02-04 06:09:00,76,71
2023-02-04 06:24:00,75,70
2023-02-04 06:39:00,76,70
2023-02-04 06:54:00,75,70
2023-02-04 07:09:00,74,71
2023-02-04 07:24:00,73,70
2023-02-04 07:39:00,74,70
2023-02-04 07:54:00,73,71
2023-02-04 08:09:00,74,72
2023-02-04 08:24:00,73,73
2023-02-04 08:39:00,74,74
2023-02-04 08:54:00,75,73
2023-02-04 09:09:00,74,74
2023-02-04 09:24:00,73,75
2023-02-04 09:39:00,72,76
2023-02-04 09:54:00,73,77
2023-02-04 10:09:00,74,76
2023-02-04 10:24:00,75,77
2023-02-04 10:39:00,76,78
2023-02-04 10:54:00,75,79
2023-02-04 11:09:00,74,78
2023-02-04 11:24:00,75,77
2023-02-04 11:39:00,74,78
2023-02-04 11:54:00,75,77
2023-02-04 12:09:00,74,76
2023-02-04 12:24:00,73,75
2023-02-04 12:39:00,74,76
2023-02-04 12:54:00,75,75
2023-02-04 13:09:00,76,74
2023-02-04 13:24:00,75,73
2023-02-04 13:39:00,76,72
2023-02-04 13:54:00,77,71
2023-02-04 14:09:00,78,70
2023-02-04 14:24:00,77,70
2023-02-04 14:39:00,78,71
2023-02-04 14:54:00,79,72
2023-02-04 15:09:00,78,73
2023-02-04 15:24:00,79,72
2023-02-04 15:39:00,80,71
2023-02-04 15:54:00,81,72
2023-02-04 16:09:00,80,73
2023-02-04 16:24:00,81,72
2023-02-04 16:39:00,82,71
2023-02-04 16:54:00,81,72
2023-02-04 17:09:00,82,73
2023-02-04 17:24:00,83,72
2023-02-04 17:39:00,84,73
2023-02-04 17:54:00,83,74
2023-02-04 18:09:00,84,73
2023-02-04 18:24:00,83,72
2023-02-04 18:39:00,82,71
2023-02-04 18:54:00,81,70
2023-02-04 19:09:00,80,70
2023-02-04 19:24:00,79,71
2023-02-04 19:39:00,78,72
2023-02-04 19:54:00,79,73
2023-02-04 20:09:00,78,72
2023-02-04 20:24:00,79,71
2023-02-04 20:39:00,78,70
2023-02-04 20:54:00,77,70
2023-02-04 21:09:00,76,70
2023-02-04 21:24:00,75,70
2023-02-04 21:39:00,74,71
2023-02-04 21:54:00,73,70
2023-02-04 22:09:00,74,70
2023-02-04 22:24:00,73,71
2023-02-04 22:39:00,74,72
2023-02-04 22:54:00,75,73
2023-02-04 23:09:00,76,72
2023-02-04 23:24:00,75,71
2023-02-04 23:39:00,74,72
2023-02-04 23:54:00,73,71
2023-02-05 00:09:00,74,72
2023-02-05 00:24:00,75,73
2023-02-05 00:39:00,74,74
2023-02-05 00:54:00,75,73
2023-02-05 01:09:00,74,74
2023-02-05 01:24:00,73,75
2023-02-05 01:39:00,74,74
2023-02-05 01:54:00,75,75
2023-02-05 02:09:00,74,76
2023-02-05 02:24:00,75,75
2023-02-05 02:39:00,74,74
2023-02-05 02:54:00,73,73
2023-02-05 03:09:00,72,74
2023-02-05 03:24:00,71,73
2023-02-05 03:39:00,72,72
2023-02-05 03:54:00,73,71
2023-02-05 04:09:00,74,72
2023-02-05 04:24:00,75,73
2023-02-05 04:39:00,74,74
2023-02-05 04:54:00,75,73
2023-02-05 05:09:00,74,74
2023-02-05 05:24:00,75,75
2023-02-05 05:39:00,76,76
2023-02-05 05:54:00,75,75
2023-02-05 06:09:00,74,76
2023-02-05 06:24:00,73,77
2023-02-05 06:39:00,74,78
2023-02-05 06:54:00,75,77
2023-02-05 07:09:00,76,78
2023-02-05 07:24:00,77,77
2023-02-05 07:39:00,78,78
2023-02-05 07:54:00,77,77
2023-02-05 08:09:00,76,76
2023-02-05 08:24:00,77,77
2023-02-05 08:39:00,76,78
2023-02-05 08:54:00,75,79
2023-02-05 09:09:00,74,78
2023-02-05 09:24:00,73,77
2023-02-05 09:39:00,72,78
2023-02-05 09:54:00,73,79
2023-02-05 10:09:00,74,78
2023-02-05 10:24:00,73,77
2023-02-05 10:39:00,72,78
2023-02-05 10:54:00,73,77
2023-02-05 11:09:00,72,76
2023-02-05 11:24:00,73,77
2023-02-05 11:39:00,74,76
2023-02-05 11:54:00,73,77
2023-02-05 12:09:00,74,76
2023-02-05 12:24:00,75,75
2023-02-05 12:39:00,76,76
2023-02-05 12:54:00,77,77
2023-02-05 13:09:00,76,78
2023-02-05 13:24:00,75,79
2023-02-05 13:39:00,76,80
2023-02-05 13:54:00,75,79
2023-02-05 14:09:00,76,80
2023-02-05 14:24:00,77,79
2023-02-05 14:39:00,78,78
2023-02-05 14:54:00,79,79
2023-02-05 15:09:00,80,80
2023-02-05 15:24:00,81,79
2023-02-05 15:39:00,82,78
2023-02-05 15:54:00,81,77
2023-02-05 16:09:00,82,78
2023-02-05 16:24:00,83,79
2023-02-05 16:39:00,82,78
2023-02-05 16:54:00,81,79
2023-02-05 17:09:00,80,80
2023-02-05 17:24:00,79,80
2023-02-05 17:39:00,78,79
2023-02-05 17:54:00,77,80
2023-02-05 18:09:00,78,79
2023-02-05 18:24:00,77,80
2023-02-05 18:39:00,78,80
2023-02-05 18:54:00,77,80
2023-02-05 19:09:00,76,79
2023-02-05 19:24:00,75,78
2023-02-05 19:39:00,76,77
2023-02-05 19:54:00,75,76
2023-02-05 20:09:00,76,77
2023-02-05 20:24:00,75,78
2023-02-05 20:39:00,74,79
2023-02-05 20:54:00,73,78
2023-02-05 21:09:00,74,79
2023-02-05 21:24:00,73,78
2023-02-05 21:39:00,74,77
2023-02-05 21:54:00,75,76
2023-02-05 22:09:00,76,75
2023-02-05 22:24:00,77,76
2023-02-05 22:39:00,76,75
2023-02-05 22:54:00,75,74
2023-02-05 23:09:00,74,75
2023-02-05 23:24:00,73,74
2023-02-05 23:39:00,72,73
2023-02-05 23:54:00,73,74
2023-02-06 00:09:00,74,75
2023-02-06 00:24:00,75,74
2023-02-06 00:39:00,76,73
2023-02-06 00:54:00,75,72
2023-02-06 01:09:00,76,73
2023-02-06 01:24:00,77,74
2023-02-06 01:39:00,78,75
2023-02-06 01:54:00,77,76
2023-02-06 02:09:00,78,77
2023-02-06 02:24:00,79,76
2023-02-06 02:39:00,78,75
2023-02-06 02:54:00,77,74
2023-02-06 03:09:00,78,75
2023-02-06 03:24:00,79,74
2023-02-06 03:39:00,78,75
2023-02-06 03:54:00,77,76
2023-02-06 04:09:00,76,75
2023-02-06 04:24:00,75,76
2023-02-06 04:39:00,74,77
2023-02-06 04:54:00,73,78
2023-02-06 05:09:00,72,77
2023-02-06 05:24:00,73,78
2023-02-06 05:39:00,72,77
2023-02-06 05:54:00,73,78
2023-02-06 06:09:00,74,79
2023-02-06 06:24:00,75,80
2023-02-06 06:39:00,76,80
2023-02-06 06:54:00,77,79
2023-02-06 07:09:00,76,78
2023-02-06 07:24:00,75,77
2023-02-06 07:39:00,74,76
2023-02-06 07:54:00,75,75
2023-02-06 08:09:00,76,74
2023-02-06 08:24:00,77,75
2023-02-06 08:39:00,78,76
2023-02-06 08:54:00,77,77
2023-02-06 09:09:00,76,78
2023-02-06 09:24:00,75,77
2023-02-06 09:39:00,76,78
2023-02-06 09:54:00,75,79
2023-02-06 10:09:00,76,80
2023-02-06 10:24:00,75,79
2023-02-06 10:39:00,74,80
2023-02-06 10:54:00,73,79
2023-02-06 11:09:00,74,78
2023-02-06 11:24:00,75,79
2023-02-06 11:39:00,74,78
2023-02-06 11:54:00,73,79
2023-02-06 12:09:00,74,78
2023-02-06 12:24:00,73,77
2023-02-06 12:39:00,72,76
2023-02-06 12:54:00,71,77
2023-02-06 13:09:00,70,78
2023-02-06 13:24:00,69,77
2023-02-06 13:39:00,70,76
2023-02-06 13:54:00,71,75
2023-02-06 14:09:00,72,74
2023-02-06 14:24:00,71,75
2023-02-06 14:39:00,70,74
2023-02-06 14:54:00,69,75
2023-02-06 15:09:00,68,76
2023-02-06 15:24:00,69,77
2023-02-06 15:39:00,70,76
2023-02-06 15:54:00,71,77
2023-02-06 16:09:00,72,76
2023-02-06 16:24:00,73,75
2023-02-06 16:39:00,72,76
2023-02-06 16:54:00,73,75
2023-02-06 17:09:00,74,76
2023-02-06 17:24:00,73,77
2023-02-06 17:39:00,74,76
2023-02-06 17:54:00,75,77
2023-02-06 18:09:00,76,76
2023-02-06 18:24:00,77,77
2023-02-06 18:39:00,76,76
2023-02-06 18:54:00,75,77
2023-02-06 19:09:00,76,78
2023-02-06 19:24:00,75,79
2023-02-06 19:39:00,74,78
2023-02-06 19:54:00,73,79
2023-02-06 20:09:00,74,78
2023-02-06 20:24:00,75,79
2023-02-06 20:39:00,76,78
2023-02-06 20:54:00,77,77
2023-02-06 21:09:00,78,78
2023-02-06 21:24:00,77,79
2023-02-06 21:39:00,78,78
2023-02-06 21:54:00,79,79
2023-02-06 22:09:00,80,80
2023-02-06 22:24:00,81,80
2023-02-06 22:39:00,80,80
2023-02-06 22:54:00,79,80
2023-02-06 23:09:00,80,79
2023-02-06 23:24:00,81,80
2023-02-06 23:39:00,82,80
2023-02-06 23:54:00,81,79
2023-02-07 00:09:00,80,78
2023-02-07 00:24:00,79,79
2023-02-07 00:39:00,78,78
2023-02-07 00:54:00,79,77
2023-02-07 01:09:00,78,76
2023-02-07 01:24:00,79,77
2023-02-07 01:39:00,80,78
2023-02-07 01:54:00,81,79
2023-02-07 02:09:00,82,78
2023-02-07 02:24:00,83,77
2023-02-07 02:39:00,82,78
2023-02-07 02:54:00,81,77
2023-02-07 03:09:00,82,78
2023-02-07 03:24:00,83,79
2023-02-07 03:39:00,84,78
2023-02-07 03:54:00,85,77
2023-02-07 04:09:00,84,78
2023-02-07 04:24:00,83,77
2023-02-07 04:39:00,82,76
2023-02-07 04:54:00,81,77
2023-02-07 05:09:00,80,76
2023-02-07 05:24:00,79,75
2023-02-07 05:39:00,78,76
2023-02-07 05:54:00,77,75
2023-02-07 06:09:00,76,74
2023-02-07 06:24:00,77,73
2023-02-07 06:39:00,78,74
2023-02-07 06:54:00,77,75
2023-02-07 07:09:00,78,74
2023-02-07 07:24:00,79,75
2023-02-07 07:39:00,80,74
2023-02-07 07:54:00,81,73
2023-02-07 08:09:00,80,74
2023-02-07 08:24:00,79,73
2023-02-07 08:39:00,78,72
2023-02-07 08:54:00,79,71
2023-02-07 09:09:00,78,72
2023-02-07 09:24:00,77,71
2023-02-07 09:39:00,76,72
2023-02-07 09:54:00,77,71
2023-02-07 10:09:00,76,70
2023-02-07 10:24:00,75,71
2023-02-07 10:39:00,74,72
2023-02-07 10:54:00,73,71
2023-02-07 11:09:00,72,72
2023-02-07 11:24:00,71,71
2023-02-07 11:39:00,70,72
2023-02-07 11:54:00,71,73
2023-02-07 12:09:00,70,72
2023-02-07 12:24:00,71,71
2023-02-07 12:39:00,70,72
2023-02-07 12:54:00,71,73
2023-02-07 13:09:00,70,74
2023-02-07 13:24:00,69,73
2023-02-07 13:39:00,70,74
2023-02-07 13:54:00,69,75
2023-02-07 14:09:00,68,76
2023-02-07 14:24:00,67,75
2023-02-07 14:39:00,66,76
2023-02-07 14:54:00,65,77
2023-02-07 15:09:00,64,76
2023-02-07 15:24:00,63,75
2023-02-07 15:39:00,64,76
2023-02-07 15:54:00,63,75
2023-02-07 16:09:00,62,76
2023-02-07 16:24:00,63,75
2023-02-07 16:39:00,64,76
2023-02-07 16:54:00,63,75
2023-02-07 17:09:00,62,74
2023-02-07 17:24:00,63,75
2023-02-07 17:39:00,62,74
2023-02-07 17:54:00,61,75
2023-02-07 18:09:00,60,74
2023-02-07 18:24:00,60,75
2023-02-07 18:39:00,60,74
2023-02-07 18:54:00,61,75
2023-02-07 19:09:00,60,76
2023-02-07 19:24:00,60,75
2023-02-07 19:39:00,60,76
2023-02-07 19:54:00,61,75
2023-02-07 20:09:00,62,74
2023-02-07 20:24:00,63,73
2023-02-07 20:39:00,64,72
2023-02-07 20:54:00,63,73
2023-02-07 21:09:00,64,72
2023-02-07 21:24:00,63,73
2023-02-07 21:39:00,62,72
2023-02-07 21:54:00,63,71
2023-02-07 22:09:00,62,72
2023-02-07 22:24:00,63,73
2023-02-07 22:39:00,62,72
2023-02-07 22:54:00,63,73
2023-02-07 23:09:00,62,72
2023-02-07 23:24:00,63,73
2023-02-07 23:39:00,62,74
2023-02-07 23:54:00,61,73
2023-02-08 00:09:00,60,72
2023-02-08 00:24:00,61,73
2023-02-08 00:39:00,60,74
2023-02-08 00:54:00,61,75
2023-02-08 01:09:00,62,76
2023-02-08 01:24:00,61,77
2023-02-08 01:39:00,60,76
2023-02-08 01:54:00,60,75
2023-02-08 02:09:00,61,74
2023-02-08 02:24:00,62,75
2023-02-08 02:39:00,61,74
2023-02-08 02:54:00,62,75
2023-02-08 03:09:00,63,76
2023-02-08 03:24:00,62,77
2023-02-08 03:39:00,63,76
2023-02-08 03:54:00,64,75
2023-02-08 04:09:00,63,76
2023-02-08 04:24:00,62,75
2023-02-08 04:39:00,63,76
2023-02-08 04:54:00,62,75
2023-02-08 05:09:00,63,76
2023-02-08 05:24:00,64,77
2023-02-08 05:39:00,65,78
2023-02-08 05:54:00,66,79
2023-02-08 06:09:00,67,78
2023-02-08 06:24:00,66,79
2023-02-08 06:39:00,65,78
2023-02-08 06:54:00,66,79
2023-02-08 07:09:00,65,80
2023-02-08 07:24:00,66,80
2023-02-08 07:39:00,65,80
2023-02-08 07:54:00,64,79
2023-02-08 08:09:00,63,78
2023-02-08 08:24:00,64,79
2023-02-08 08:39:00,63,78
2023-02-08 08:54:00,64,77
2023-02-08 09:09:00,63,78
2023-02-08 09:24:00,62,79
2023-02-08 09:39:00,63,78
2023-02-08 09:54:00,64,77
2023-02-08 10:09:00,65,78
2023-02-08 10:24:00,64,77
2023-02-08 10:39:00,65,76
2023-02-08 10:54:00,64,77
2023-02-08 11:09:00,65,76
2023-02-08 11:24:00,66,75
2023-02-08 11:39:00,67,74
2023-02-08 11:54:00,68,73
2023-02-08 12:09:00,67,74
2023-02-08 12:24:00,66,75
2023-02-08 12:39:00,65,74
2023-02-08 12:54:00,64,73
2023-02-08 13:09:00,65,72
2023-02-08 13:24:00,64,71
2023-02-08 13:39:00,63,70
2023-02-08 13:54:00,64,70
2023-02-08 14:09:00,63,71
2023-02-08 14:24:00,64,70
2023-02-08 14:39:00,65,71
2023-02-08 14:54:00,66,70
2023-02-08 15:09:00,65,71
2023-02-08 15:24:00,66,70
2023-02-08 15:39:00,65,70
2023-02-08 15:54:00,64,70
2023-02-08 16:09:00,65,71
2023-02-08 16:24:00,66,70
2023-02-08 16:39:00,67,70
2023-02-08 16:54:00,66,70
2023-02-08 17:09:00,65,70
2023-02-08 17:24:00,64,70
2023-02-08 17:39:00,63,70
2023-02-08 17:54:00,64,70
2023-02-08 18:09:00,63,71
2023-02-08 18:24:00,64,72
2023-02-08 18:39:00,65,71
2023-02-08 18:54:00,64,72
2023-02-08 19:09:00,63,71
2023-02-08 19:24:00,62,72
2023-02-08 19:39:00,61,73
2023-02-08 19:54:00,62,72
2023-02-08 20:09:00,63,73
2023-02-08 20:24:00,62,74
2023-02-08 20:39:00,61,73
2023-02-08 20:54:00,62,74
2023-02-08 21:09:00,61,73
2023-02-08 21:24:00,60,72
2023-02-08 21:39:00,61,73
2023-02-08 21:54:00,60,74
2023-02-08 22:09:00,60,73
2023-02-08 22:24:00,60,74
2023-02-08 22:39:00,60,73
2023-02-08 22:54:00,61,72
2023-02-08 23:09:00,60,71
2023-02-08 23:24:00,61,70
2023-02-08 23:39:00,60,70
2023-02-08 23:54:00,61,70
2023-02-09 00:09:00,60,70
2023-02-09 00:24:00,61,71
2023-02-09 00:39:00,62,72
2023-02-09 00:54:00,61,71
2023-02-09 01:09:00,62,70
2023-02-09 01:24:00,61,70
2023-02-09 01:39:00,62,71
2023-02-09 01:54:00,61,70
2023-02-09 02:09:00,60,71
2023-02-09 02:24:00,61,70
2023-02-09 02:39:00,62,70
2023-02-09 02:54:00,61,70
2023-02-09 03:09:00,60,71
2023-02-09 03:24:00,61,70
2023-02-09 03:39:00,62,71
2023-02-09 03:54:00,63,72
2023-02-09 04:09:00,64,73
2023-02-09 04:24:00,65,74
2023-02-09 04:39:00,66,73
2023-02-09 04:54:00,65,74
2023-02-09 05:09:00,66,73
2023-02-09 05:24:00,65,72
2023-02-09 05:39:00,66,71
2023-02-09 05:54:00,65,72
2023-02-09 06:09:00,64,73
2023-02-09 06:24:00,63,72
2023-02-09 06:39:00,62,71
2023-02-09 06:54:00,63,70
2023-02-09 07:09:00,64,71
2023-02-09 07:24:00,63,72
2023-02-09 07:39:00,64,73
2023-02-09 07:54:00,63,72
2023-02-09 08:09:00,64,71
2023-02-09 08:24:00,63,70
2023-02-09 08:39:00,64,71
2023-02-09 08:54:00,63,72
2023-02-09 09:09:00,64,73
2023-02-09 09:24:00,65,72
2023-02-09 09:39:00,64,73
2023-02-09 09:54:00,65,74
2023-02-09 10:09:00,64,73
2023-02-09 10:24:00,65,74
2023-02-09 10:39:00,66,75
2023-02-09 10:54:00,65,76
2023-02-09 11:09:00,66,75
2023-02-09 11:24:00,67,74
2023-02-09 11:39:00,66,73
2023-02-09 11:54:00,65,72
2023-02-09 12:09:00,66,71
2023-02-09 12:24:00,67,70
2023-02-09 12:39:00,66,71
2023-02-09 12:54:00,65,72
2023-02-09 13:09:00,66,73
2023-02-09 13:24:00,67,72
2023-02-09 13:39:00,66,73
2023-02-09 13:54:00,67,72
2023-02-09 14:09:00,66,71
2023-02-09 14:24:00,67,70
2023-02-09 14:39:00,68,71
2023-02-09 14:54:00,69,70
2023-02-09 15:09:00,70,70
2023-02-09 15:24:00,71,70
2023-02-09 15:39:00,72,70
2023-02-09 15:54:00,73,70
2023-02-09 16:09:00,74,70
2023-02-09 16:24:00,75,71
2023-02-09 16:39:00,74,70
2023-02-09 16:54:00,75,71
2023-02-09 17:09:00,76,70
2023-02-09 17:24:00,75,71
2023-02-09 17:39:00,74,72
2023-02-09 17:54:00,75,73
2023-02-09 18:09:00,76,72
2023-02-09 18:24:00,77,73
2023-02-09 18:39:00,78,74
2023-02-09 18:54:00,77,75
2023-02-09 19:09:00,78,74
2023-02-09 19:24:00,79,75
2023-02-09 19:39:00,80,74
2023-02-09 19:54:00,79,73
2023-02-09 20:09:00,78,72
2023-02-09 20:24:00,77,73
2023-02-09 20:39:00,76,72
2023-02-09 20:54:00,75,73
2023-02-09 21:09:00,74,74
2023-02-09 21:24:00,73,73
2023-02-09 21:39:00,72,72
2023-02-09 21:54:00,73,73
2023-02-09 22:09:00,72,72
2023-02-09 22:24:00,73,71
2023-02-09 22:39:00,74,72
2023-02-09 22:54:00,73,71
2023-02-09 23:09:00,72,72
2023-02-09 23:24:00,73,73
2023-02-09 23:39:00,74,74
2023-02-09 23:54:00,73,73
2023-02-10 00:09:00,74,72
2023-02-10 00:24:00,75,73
2023-02-10 00:39:00,76,72
2023-02-10 00:54:00,77,71
2023-02-10 01:09:00,78,72
2023-02-10 01:24:00,77,73
2023-02-10 01:39:00,78,72
2023-02-10 01:54:00,79,73
2023-02-10 02:09:00,80,72
2023-02-10 02:24:00,81,73
2023-02-10 02:39:00,82,72
2023-02-10 02:54:00,81,73
2023-02-10 03:09:00,80,72
2023-02-10 03:24:00,79,73
2023-02-10 03:39:00,80,72
2023-02-10 03:54:00,79,73
2023-02-10 04:09:00,78,74
2023-02-10 04:24:00,79,75
2023-02-10 04:39:00,80,76
2023-02-10 04:54:00,81,75
2023-02-10 05:09:00,80,76
2023-02-10 05:24:00,79,77
2023-02-10 05:39:00,80,78
2023-02-10 05:54:00,81,79
2023-02-10 06:09:00,80,80
2023-02-10 06:24:00,79,79
2023-02-10 06:39:00,78,78
2023-02-10 06:54:00,77,77
2023-02-10 07:09:00,78,76
2023-02-10 07:24:00,77,75
2023-02-10 07:39:00,76,74
2023-02-10 07:54:00,75,73
2023-02-10 08:09:00,76,74
2023-02-10 08:24:00,75,75
2023-02-10 08:39:00,76,74
2023-02-10 08:54:00,75,75
2023-02-10 09:09:00,74,76
2023-02-10 09:24:00,73,77
2023-02-10 09:39:00,72,76
2023-02-10 09:54:00,73,77
2023-02-10 10:09:00,74,76
2023-02-10 10:24:00,75,77
2023-02-10 10:39:00,74,78
2023-02-10 10:54:00,75,79
2023-02-10 11:09:00,74,80
2023-02-10 11:24:00,75,80
2023-02-10 11:39:00,76,79
2023-02-10 11:54:00,77,80
2023-02-10 12:09:00,76,80
2023-02-10 12:24:00,75,80
2023-02-10 12:39:00,76,80
2023-02-10 12:54:00,77,79
2023-02-10 13:09:00,76,80
2023-02-10 13:24:00,75,80
2023-02-10 13:39:00,74,80
2023-02-10 13:54:00,73,79
2023-02-10 14:09:00,72,80
2023-02-10 14:24:00,73,80
2023-02-10 14:39:00,74,80
2023-02-10 14:54:00,73,80
2023-02-10 15:09:00,72,79
2023-02-10 15:24:00,73,80
2023-02-10 15:39:00,74,80
2023-02-10 15:54:00,75,79
2023-02-10 16:09:00,76,78
2023-02-10 16:24:00,77,79
2023-02-10 16:39:00,78,80
2023-02-10 16:54:00,77,79
2023-02-10 17:09:00,78,78
2023-02-10 17:24:00,77,79
2023-02-10 17:39:00,76,78
2023-02-10 17:54:00,75,79
2023-02-10 18:09:00,74,78
2023-02-10 18:24:00,75,79
2023-02-10 18:39:00,74,80
2023-02-10 18:54:00,73,80
2023-02-10 19:09:00,72,80
2023-02-10 19:24:00,73,80
2023-02-10 19:39:00,72,80
2023-02-10 19:54:00,73,80
2023-02-10 20:09:00,74,80
2023-02-10 20:24:00,73,79
2023-02-10 20:39:00,72,80
2023-02-10 20:54:00,71,79
2023-02-10 21:09:00,72,78
2023-02-10 21:24:00,71,77
2023-02-10 21:39:00,70,78
2023-02-10 21:54:00,71,79
2023-02-10 22:09:00,70,78
2023-02-10 22:24:00,69,77
2023-02-10 22:39:00,68,76
2023-02-10 22:54:00,67,77
2023-02-10 23:09:00,68,78
2023-02-10 23:24:00,67,79
2023-02-10 23:39:00,68,78
2023-02-10 23:54:00,69,77
2023-02-11 00:09:00,70,76
2023-02-11 00:24:00,71,75
2023-02-11 00:39:00,72,74
2023-02-11 00:54:00,73,73
2023-02-11 01:09:00,74,74
2023-02-11 01:24:00,75,73
2023-02-11 01:39:00,76,72
2023-02-11 01:54:00,77,73
2023-02-11 02:09:00,76,74
2023-02-11 02:24:00,75,75
2023-02-11 02:39:00,74,74
2023-02-11 02:54:00,73,75
2023-02-11 03:09:00,72,74
2023-02-11 03:24:00,73,73
2023-02-11 03:39:00,72,72
2023-02-11 03:54:00,73,73
2023-02-11 04:09:00,72,74
2023-02-11 04:24:00,73,73
2023-02-11 04:39:00,72,74
2023-02-11 04:54:00,71,73
2023-02-11 05:09:00,70,74
2023-02-11 05:24:00,71,73
2023-02-11 05:39:00,72,74
2023-02-11 05:54:00,73,73
2023-02-11 06:09:00,74,74
2023-02-11 06:24:00,75,75
2023-02-11 06:39:00,76,74
2023-02-11 06:54:00,77,73
2023-02-11 07:09:00,78,74
2023-02-11 07:24:00,77,73
2023-02-11 07:39:00,76,74
2023-02-11 07:54:00,77,75
2023-02-11 08:09:00,78,74
2023-02-11 08:24:00,77,75
2023-02-11 08:39:00,78,74
2023-02-11 08:54:00,79,73
2023-02-11 09:09:00,78,72
2023-02-11 09:24:00,79,71
2023-02-11 09:39:00,78,70
2023-02-11 09:54:00,79,70
2023-02-11 10:09:00,78,71
2023-02-11 10:24:00,79,72
2023-02-11 10:39:00,78,71
2023-02-11 10:54:00,77,70
2023-02-11 11:09:00,78,70
2023-02-11 11:24:00,77,71
2023-02-11 11:39:00,78,70
2023-02-11 11:54:00,79,70
2023-02-11 12:09:00,80,71
2023-02-11 12:24:00,79,72
2023-02-11 12:39:00,78,73
2023-02-11 12:54:00,77,74
2023-02-11 13:09:00,76,75
2023-02-11 13:24:00,75,74
2023-02-11 13:39:00,76,73
2023-02-11 13:54:00,75,72
2023-02-11 14:09:00,74,71
2023-02-11 14:24:00,75,70
2023-02-11 14:39:00,76,71
2023-02-11 14:54:00,75,72
2023-02-11 15:09:00,76,71
2023-02-11 15:24:00,75,70
2023-02-11 15:39:00,76,71
2023-02-11 15:54:00,75,72
2023-02-11 16:09:00,74,73
2023-02-11 16:24:00,75,72
2023-02-11 16:39:00,74,71
2023-02-11 16:54:00,73,70
2023-02-11 17:09:00,74,70
2023-02-11 17:24:00,73,70
2023-02-11 17:39:00,74,71
2023-02-11 17:54:00,75,72
2023-02-11 18:09:00,74,71
2023-02-11 18:24:00,73,70
2023-02-11 18:39:00,72,70
2023-02-11 18:54:00,71,71
2023-02-11 19:09:00,70,72
2023-02-11 19:24:00,69,71
2023-02-11 19:39:00,70,70
2023-02-11 19:54:00,69,70
2023-02-11 20:09:00,70,70
2023-02-11 20:24:00,69,70
2023-02-11 20:39:00,68,71
2023-02-11 20:54:00,69,72
2023-02-11 21:09:00,70,71
2023-02-11 21:24:00,69,72
2023-02-11 21:39:00,70,71
2023-02-11 21:54:00,71,72
2023-02-11 22:09:00,70,73
2023-02-11 22:24:00,69,74
2023-02-11 22:39:00,68,73
2023-02-11 22:54:00,67,72
2023-02-11 23:09:00,66,73
2023-02-11 23:24:00,67,74
2023-02-11 23:39:00,68,73
2023-02-11 23:54:00,69,72
2023-02-12 00:09:00,70,73
2023-02-12 00:24:00,71,72
2023-02-12 00:39:00,70,71
2023-02-12 00:54:00,69,72
2023-02-12 01:09:00,68,71
2023-02-12 01:24:00,67,70
2023-02-12 01:39:00,68,71
2023-02-12 01:54:00,67,70
2023-02-12 02:09:00,66,70
2023-02-12 02:24:00,65,71
2023-02-12 02:39:00,66,70
2023-02-12 02:54:00,67,70
2023-02-12 03:09:00,66,71
2023-02-12 03:24:00,65,72
2023-02-12 03:39:00,64,71
2023-02-12 03:54:00,63,70
2023-02-12 04:09:00,62,71
2023-02-12 04:24:00,63,70
2023-02-12 04:39:00,64,70
2023-02-12 04:54:00,63,71
2023-02-12 05:09:00,62,70
2023-02-12 05:24:00,61,71
2023-02-12 05:39:00,60,70
2023-02-12 05:54:00,61,70
2023-02-12 06:09:00,62,70
2023-02-12 06:24:00,63,70
2023-02-12 06:39:00,62,70
2023-02-12 06:54:00,61,70
2023-02-12 07:09:00,60,71
2023-02-12 07:24:00,60,70
2023-02-12 07:39:00,61,70
2023-02-12 07:54:00,60,70
2023-02-12 08:09:00,61,71
2023-02-12 08:24:00,62,70
2023-02-12 08:39:00,63,71
2023-02-12 08:54:00,64,70
2023-02-12 09:09:00,63,71
2023-02-12 09:24:00,64,72
2023-02-12 09:39:00,65,73
2023-02-12 09:54:00,64,72
2023-02-12 10:09:00,63,71
2023-02-12 10:24:00,64,70
2023-02-12 10:39:00,63,71
2023-02-12 10:54:00,64,70
2023-02-12 11:09:00,65,70
2023-02-12 11:24:00,66,71
2023-02-12 11:39:00,67,70
2023-02-12 11:54:00,66,70
2023-02-12 12:09:00,65,71
2023-02-12 12:24:00,64,70
2023-02-12 12:39:00,63,71
2023-02-12 12:54:00,62,72
2023-02-12 13:09:00,63,71
2023-02-12 13:24:00,62,72
2023-02-12 13:39:00,61,71
2023-02-12 13:54:00,62,70
2023-02-12 14:09:00,63,70
2023-02-12 14:24:00,64,70
2023-02-12 14:39:00,65,70
2023-02-12 14:54:00,64,71
2023-02-12 15:09:00,63,70
2023-02-12 15:24:00,62,70
2023-02-12 15:39:00,61,71
2023-02-12 15:54:00,62,72
2023-02-12 16:09:00,61,73
2023-02-12 16:24:00,62,74
2023-02-12 16:39:00,61,75
2023-02-12 16:54:00,62,74
2023-02-12 17:09:00,63,75
2023-02-12 17:24:00,64,76
2023-02-12 17:39:00,63,77
2023-02-12 17:54:00,62,76
2023-02-12 18:09:00,63,77
2023-02-12 18:24:00,64,78
2023-02-12 18:39:00,63,79
2023-02-12 18:54:00,62,78
2023-02-12 19:09:00,61,77
2023-02-12 19:24:00,62,78
2023-02-12 19:39:00,63,77
2023-02-12 19:54:00,64,78
2023-02-12 20:09:00,65,77
2023-02-12 20:24:00,64,76
2023-02-12 20:39:00,63,77
2023-02-12 20:54:00,64,78
2023-02-12 21:09:00,65,77
2023-02-12 21:24:00,64,78
2023-02-12 21:39:00,65,79
2023-02-12 21:54:00,66,78
2023-02-12 22:09:00,67,77
2023-02-12 22:24:00,66,76
2023-02-12 22:39:00,67,75
2023-02-12 22:54:00,66,76
2023-02-12 23:09:00,67,77
2023-02-12 23:24:00,66,78
2023-02-12 23:39:00,65,79
2023-02-12 23:54:00,64,78
2023-02-13 00:09:00,65,79
2023-02-13 00:24:00,64,78
2023-02-13 00:39:00,65,79
2023-02-13 00:54:00,66,80
2023-02-13 01:09:00,65,80
2023-02-13 01:24:00,66,80
2023-02-13 01:39:00,65,80
2023-02-13 01:54:00,66,79
2023-02-13 02:09:00,65,80
2023-02-13 02:24:00,66,79
2023-02-13 02:39:00,67,78
2023-02-13 02:54:00,66,79
2023-02-13 03:09:00,67,80
2023-02-13 03:24:00,68,79
2023-02-13 03:39:00,69,80
2023-02-13 03:54:00,70,79
2023-02-13 04:09:00,71,80
2023-02-13 04:24:00,72,79
2023-02-13 04:39:00,73,78
2023-02-13 04:54:00,74,79
2023-02-13 05:09:00,75,78
2023-02-13 05:24:00,74,79
2023-02-13 05:39:00,75,78
2023-02-13 05:54:00,74,79
2023-02-13 06:09:00,75,78
2023-02-13 06:24:00,76,77
2023-02-13 06:39:00,77,78
2023-02-13 06:54:00,76,77
2023-02-13 07:09:00,77,78
2023-02-13 07:24:00,78,77
2023-02-13 07:39:00,77,78
2023-02-13 07:54:00,76,77
2023-02-13 08:09:00,77,78
2023-02-13 08:24:00,78,77
2023-02-13 08:39:00,77,78
2023-02-13 08:54:00,78,79
2023-02-13 09:09:00,79,78
2023-02-13 09:24:00,80,77
2023-02-13 09:39:00,81,76
2023-02-13 09:54:00,82,75
2023-02-13 10:09:00,83,74
2023-02-13 10:24:00,84,73
2023-02-13 10:39:00,83,74
2023-02-13 10:54:00,84,75
2023-02-13 11:09:00,85,76
2023-02-13 11:24:00,84,77
2023-02-13 11:39:00,85,76
2023-02-13 11:54:00,84,75
2023-02-13 12:09:00,83,76
2023-02-13 12:24:00,82,75
2023-02-13 12:39:00,81,76
2023-02-13 12:54:00,80,75
2023-02-13 13:09:00,79,76
2023-02-13 13:24:00,78,77
2023-02-13 13:39:00,77,76
2023-02-13 13:54:00,76,77
2023-02-13 14:09:00,75,78
2023-02-13 14:24:00,76,77
2023-02-13 14:39:00,77,76
2023-02-13 14:54:00,76,75
2023-02-13 15:09:00,75,74
2023-02-13 15:24:00,76,73
2023-02-13 15:39:00,75,74
2023-02-13 15:54:00,74,75
2023-02-13 16:09:00,75,76
2023-02-13 16:24:00,74,77
2023-02-13 16:39:00,75,76
2023-02-13 16:54:00,74,75
2023-02-13 17:09:00,73,74
2023-02-13 17:24:00,72,73
2023-02-13 17:39:00,71,72
2023-02-13 17:54:00,72,71
2023-02-13 18:09:00,73,70
2023-02-13 18:24:00,74,71
2023-02-13 18:39:00,75,72
2023-02-13 18:54:00,74,73
2023-02-13 19:09:00,73,72
2023-02-13 19:24:00,72,71
2023-02-13 19:39:00,71,70
2023-02-13 19:54:00,72,71
2023-02-13 20:09:00,71,72
2023-02-13 20:24:00,72,71
2023-02-13 20:39:00,73,70
2023-02-13 20:54:00,74,70
2023-02-13 21:09:00,75,71
2023-02-13 21:24:00,76,72
2023-02-13 21:39:00,75,71
2023-02-13 21:54:00,74,70
2023-02-13 22:09:00,73,70
2023-02-13 22:24:00,72,71
2023-02-13 22:39:00,73,70
2023-02-13 22:54:00,72,71
2023-02-13 23:09:00,73,72
2023-02-13 23:24:00,74,71
2023-02-13 23:39:00,73,70
2023-02-13 23:54:00,74,71
2023-02-14 00:09:00,75,72
2023-02-14 00:24:00,76,71
2023-02-14 00:39:00,77,72
2023-02-14 00:54:00,76,73
2023-02-14 01:09:00,75,72
2023-02-14 01:24:00,74,71
2023-02-14 01:39:00,75,70
2023-02-14 01:54:00,76,71
2023-02-14 02:09:00,77,72
2023-02-14 02:24:00,78,71
2023-02-14 02:39:00,79,72
2023-02-14 02:54:00,78,73
2023-02-14 03:09:00,79,74
2023-02-14 03:24:00,78,75
2023-02-14 03:39:00,77,74
2023-02-14 03:54:00,78,75
2023-02-14 04:09:00,77,76
2023-02-14 04:24:00,76,75
2023-02-14 04:39:00,77,76
2023-02-14 04:54:00,78,77
2023-02-14 05:09:00,79,76
2023-02-14 05:24:00,80,77
2023-02-14 05:39:00,81,78
2023-02-14 05:54:00,82,79
2023-02-14 06:09:00,83,80
2023-02-14 06:24:00,84,79
2023-02-14 06:39:00,83,80
2023-02-14 06:54:00,82,80
2023-02-14 07:09:00,81,80
2023-02-14 07:24:00,82,79
2023-02-14 07:39:00,81,80
2023-02-14 07:54:00,80,80
2023-02-14 08:09:00,79,80
2023-02-14 08:24:00,78,80
2023-02-14 08:39:00,79,79
2023-02-14 08:54:00,80,80
2023-02-14 09:09:00,79,80
2023-02-14 09:24:00,78,79
2023-02-14 09:39:00,77,80
2023-02-14 09:54:00,76,80
2023-02-14 10:09:00,77,79
2023-02-14 10:24:00,76,80
2023-02-14 10:39:00,77,80
2023-02-14 10:54:00,76,80
2023-02-14 11:09:00,77,80
2023-02-14 11:24:00,78,79
2023-02-14 11:39:00,79,80
2023-02-14 11:54:00,80,80
2023-02-14 12:09:00,79,79
2023-02-14 12:24:00,78,80
2023-02-14 12:39:00,79,80
2023-02-14 12:54:00,80,79
2023-02-14 13:09:00,79,80
2023-02-14 13:24:00,80,79
2023-02-14 13:39:00,79,78
2023-02-14 13:54:00,78,79
2023-02-14 14:09:00,77,80
2023-02-14 14:24:00,78,80
2023-02-14 14:39:00,79,80
2023-02-14 14:54:00,78,80
2023-02-14 15:09:00,79,79
2023-02-14 15:24:00,80,78
2023-02-14 15:39:00,79,79
2023-02-14 15:54:00,78,78
2023-02-14 16:09:00,79,79
2023-02-14 16:24:00,80,80
2023-02-14 16:39:00,79,80
2023-02-14 16:54:00,78,79
2023-02-14 17:09:00,79,78
2023-02-14 17:24:00,78,79
2023-02-14 17:39:00,77,80
2023-02-14 17:54:00,76,79
2023-02-14 18:09:00,75,80
2023-02-14 18:24:00,76,79
2023-02-14 18:39:00,77,80
2023-02-14 18:54:00,76,79
2023-02-14 19:09:00,77,80
2023-02-14 19:24:00,78,79
2023-02-14 19:39:00,77,78
2023-02-14 19:54:00,76,79
2023-02-14 20:09:00,77,78
2023-02-14 20:24:00,78,77
2023-02-14 20:39:00,77,76
2023-02-14 20:54:00,76,77
2023-02-14 21:09:00,75,78
2023-02-14 21:24:00,74,79
2023-02-14 21:39:00,75,80
2023-02-14 21:54:00,76,79
2023-02-14 22:09:00,75,80
2023-02-14 22:24:00,74,79
2023-02-14 22:39:00,73,80
2023-02-14 22:54:00,74,79
2023-02-14 23:09:00,73,80
2023-02-14 23:24:00,74,80
2023-02-14 23:39:00,73,80
2023-02-14 23:54:00,72,79
2023-02-15 00:09:00,71,78
2023-02-15 00:24:00,72,79
2023-02-15 00:39:00,71,78
2023-02-15 00:54:00,72,79
2023-02-15 01:09:00,71,78
2023-02-15 01:24:00,70,77
2023-02-15 01:39:00,71,78
2023-02-15 01:54:00,72,79
2023-02-15 02:09:00,71,78
2023-02-15 02:24:00,72,77
2023-02-15 02:39:00,71,76
2023-02-15 02:54:00,72,77
2023-02-15 03:09:00,71,78
2023-02-15 03:24:00,70,79
2023-02-15 03:39:00,69,80
2023-02-15 03:54:00,70,79
2023-02-15 04:09:00,69,78
2023-02-15 04:24:00,70,79
2023-02-15 04:39:00,69,78
2023-02-15 04:54:00,68,77
2023-02-15 05:09:00,67,76
2023-02-15 05:24:00,66,75
2023-02-15 05:39:00,65,76
2023-02-15 05:54:00,66,77
2023-02-15 06:09:00,65,76
2023-02-15 06:24:00,64,75
2023-02-15 06:39:00,65,76
2023-02-15 06:54:00,64,75
2023-02-15 07:09:00,65,74
2023-02-15 07:24:00,66,73
2023-02-15 07:39:00,65,74
2023-02-15 07:54:00,64,73
2023-02-15 08:09:00,65,74
2023-02-15 08:24:00,64,75
2023-02-15 08:39:00,63,74
2023-02-15 08:54:00,64,75
2023-02-15 09:09:00,65,74
2023-02-15 09:24:00,64,73
2023-02-15 09:39:00,65,72
2023-02-15 09:54:00,64,71
2023-02-15 10:09:00,63,72
2023-02-15 10:24:00,64,73
2023-02-15 10:39:00,65,72
2023-02-15 10:54:00,66,71
2023-02-15 11:09:00,65,70
2023-02-15 11:24:00,66,71
2023-02-15 11:39:00,67,72
2023-02-15 11:54:00,66,73
2023-02-15 12:09:00,67,74
2023-02-15 12:24:00,66,73
2023-02-15 12:39:00,65,74
2023-02-15 12:54:00,66,75
2023-02-15 13:09:00,67,76
2023-02-15 13:24:00,66,77
2023-02-15 13:39:00,67,78
2023-02-15 13:54:00,68,77
2023-02-15 14:09:00,69,78
2023-02-15 14:24:00,70,79
2023-02-15 14:39:00,71,80
2023-02-15 14:54:00,70,80
2023-02-15 15:09:00,71,79
2023-02-15 15:24:00,70,80
2023-02-15 15:39:00,71,79
2023-02-15 15:54:00,70,78
2023-02-15 16:09:00,71,77
2023-02-15 16:24:00,72,76
2023-02-15 16:39:00,71,77
2023-02-15 16:54:00,72,78
2023-02-15 17:09:00,73,77
2023-02-15 17:24:00,72,76
2023-02-15 17:39:00,71,75
2023-02-15 17:54:00,70,74
2023-02-15 18:09:00,69,75
2023-02-15 18:24:00,70,76
2023-02-15 18:39:00,71,77
2023-02-15 18:54:00,72,76
2023-02-15 19:09:00,71,77
2023-02-15 19:24:00,72,78
2023-02-15 19:39:00,71,77
2023-02-15 19:54:00,70,78
2023-02-15 20:09:00,71,79
2023-02-15 20:24:00,72,78
2023-02-15 20:39:00,73,77
2023-02-15 20:54:00,72,78
2023-02-15 21:09:00,71,79
2023-02-15 21:24:00,70,80
2023-02-15 21:39:00,71,80
2023-02-15 21:54:00,72,79
2023-02-15 22:09:00,71,78
2023-02-15 22:24:00,72,79
2023-02-15 22:39:00,73,80
2023-02-15 22:54:00,72,80
2023-02-15 23:09:00,71,79
2023-02-15 23:24:00,72,78
2023-02-15 23:39:00,71,77
2023-02-15 23:54:00,72,76
2023-02-16 00:09:00,71,75
2023-02-16 00:24:00,72,74
2023-02-16 00:39:00,71,75
2023-02-16 00:54:00,72,74
2023-02-16 01:09:00,71,75
2023-02-16 01:24:00,72,76
2023-02-16 01:39:00,71,77
2023-02-16 01:54:00,70,78
2023-02-16 02:09:00,69,79
2023-02-16 02:24:00,68,78
2023-02-16 02:39:00,69,79
2023-02-16 02:54:00,70,80
2023-02-16 03:09:00,69,80
2023-02-16 03:24:00,70,80
2023-02-16 03:39:00,69,80
2023-02-16 03:54:00,70,79
2023-02-16 04:09:00,69,80
2023-02-16 04:24:00,68,79
2023-02-16 04:39:00,67,80
2023-02-16 04:54:00,68,79
2023-02-16 05:09:00,69,78
2023-02-16 05:24:00,70,77
2023-02-16 05:39:00,69,76
2023-02-16 05:54:00,70,77
2023-02-16 06:09:00,69,76
2023-02-16 06:24:00,70,77
2023-02-16 06:39:00,71,76
2023-02-16 06:54:00,70,75
2023-02-16 07:09:00,71,74
2023-02-16 07:24:00,70,75
2023-02-16 07:39:00,69,76
2023-02-16 07:54:00,68,77
2023-02-16 08:09:00,67,78
2023-02-16 08:24:00,68,77
2023-02-16 08:39:00,69,76
2023-02-16 08:54:00,70,75
2023-02-16 09:09:00,69,76
2023-02-16 09:24:00,68,77
2023-02-16 09:39:00,67,76
2023-02-16 09:54:00,68,75
2023-02-16 10:09:00,67,74
2023-02-16 10:24:00,66,73
2023-02-16 10:39:00,67,72
2023-02-16 10:54:00,68,73
2023-02-16 11:09:00,67,72
2023-02-16 11:24:00,68,73
2023-02-16 11:39:00,67,72
2023-02-16 11:54:00,66,71
2023-02-16 12:09:00,67,72
