Date,mat,rat,oat,supply_vfd_speed
12/21/2022 12:38,45,40,29,0
12/21/2022 12:53,44,39,28,0
12/21/2022 13:08,45,40,29,0
12/21/2022 13:23,44,39,30,0
12/21/2022 13:38,43,40,31,0
12/21/2022 13:53,42,41,32,0
12/21/2022 14:08,43,40,33,0
12/21/2022 14:23,44,39,34,0
12/21/2022 14:38,45,40,33,0
12/21/2022 14:53,44,39,32,0
12/21/2022 15:08,45,40,33,0
12/21/2022 15:23,44,41,32,0
12/21/2022 15:38,43,40,31,0
12/21/2022 15:53,44,41,30,0
12/21/2022 16:08,43,40,29,0
12/21/2022 16:23,42,39,28,0
12/21/2022 16:38,43,38,29,0
12/21/2022 16:53,42,39,30,0
12/21/2022 17:08,43,38,31,0
12/21/2022 17:23,42,39,32,0
12/21/2022 17:38,41,38,33,0
12/21/2022 17:53,40,39,32,0
12/21/2022 18:08,41,38,31,0
12/21/2022 18:23,40,39,30,0
12/21/2022 18:38,39,40,31,0
12/21/2022 18:53,40,41,30,0
12/21/2022 19:08,39,40,31,0
12/21/2022 19:23,40,39,32,0
12/21/2022 19:38,39,40,33,0
12/21/2022 19:53,40,41,32,0
12/21/2022 20:08,39,42,31,0
12/21/2022 20:23,38,43,32,0
12/21/2022 20:38,39,44,31,0
12/21/2022 20:53,38,43,32,0
12/21/2022 21:08,37,44,31,0
12/21/2022 21:23,38,43,30,0
12/21/2022 21:38,37,44,31,0
12/21/2022 21:53,38,45,32,0
12/21/2022 22:08,39,44,33,0
12/21/2022 22:23,38,45,34,0
12/21/2022 22:38,39,46,35,0
12/21/2022 22:53,40,47,36,0
12/21/2022 23:08,41,48,35,0
12/21/2022 23:23,40,47,34,0
12/21/2022 23:38,39,48,35,0
12/21/2022 23:53,40,49,34,0
12/22/2022 0:08,41,50,35,0
12/22/2022 0:23,40,51,34,0
12/22/2022 0:38,39,50,33,0
12/22/2022 0:53,38,51,32,0
12/22/2022 1:08,37,52,33,0
12/22/2022 1:23,38,53,34,0
12/22/2022 1:38,39,52,35,37
12/22/2022 1:53,40,51,34,36
12/22/2022 2:08,39,52,35,35
12/22/2022 2:23,40,51,36,36
12/22/2022 2:38,39,50,37,37
12/22/2022 2:53,40,49,38,38
12/22/2022 3:08,41,48,37,39
12/22/2022 3:23,40,47,38,40
12/22/2022 3:38,41,46,37,41
12/22/2022 3:53,40,45,38,40
12/22/2022 4:08,39,46,39,41
12/22/2022 4:23,38,47,40,40
12/22/2022 4:38,37,46,39,39
12/22/2022 4:53,38,45,38,38
12/22/2022 5:08,39,46,39,37
12/22/2022 5:23,40,45,40,38
12/22/2022 5:38,41,46,41,37
12/22/2022 5:53,40,45,42,38
12/22/2022 6:08,41,46,43,37
12/22/2022 6:23,40,47,44,36
12/22/2022 6:38,41,48,43,35
12/22/2022 6:53,40,49,44,36
12/22/2022 7:08,39,48,45,37
12/22/2022 7:23,38,49,46,38
12/22/2022 7:38,37,48,47,39
12/22/2022 7:53,36,49,48,38
12/22/2022 8:08,35,48,47,39
12/22/2022 8:23,34,47,46,38
12/22/2022 8:38,33,48,45,37
12/22/2022 8:53,32,47,44,36
12/22/2022 9:08,33,46,43,35
12/22/2022 9:23,32,45,42,34
12/22/2022 9:38,31,46,43,33
12/22/2022 9:53,32,47,44,34
12/22/2022 10:08,33,46,43,35
12/22/2022 10:23,32,47,42,36
12/22/2022 10:38,33,48,41,37
12/22/2022 10:53,32,47,42,36
12/22/2022 11:08,31,46,43,35
12/22/2022 11:23,32,47,42,36
12/22/2022 11:38,31,46,43,35
12/22/2022 11:53,32,45,44,36
12/22/2022 12:08,31,46,43,35
12/22/2022 12:23,30,47,42,34
12/22/2022 12:38,30,48,41,33
12/22/2022 12:53,31,47,40,32
12/22/2022 13:08,30,48,41,33
12/22/2022 13:23,31,49,42,32
12/22/2022 13:38,30,48,41,33
12/22/2022 13:53,31,49,42,32
12/22/2022 14:08,30,48,43,33
12/22/2022 14:23,31,47,44,32
12/22/2022 14:38,32,46,43,31
12/22/2022 14:53,33,45,42,32
12/22/2022 15:08,32,44,41,33
12/22/2022 15:23,33,43,42,34
12/22/2022 15:38,32,42,43,33
12/22/2022 15:53,33,41,42,32
12/22/2022 16:08,32,42,43,33
12/22/2022 16:23,31,43,44,34
12/22/2022 16:38,32,42,45,35
12/22/2022 16:53,31,41,44,36
12/22/2022 17:08,30,40,45,35
12/22/2022 17:23,31,39,46,34
12/22/2022 17:38,32,40,45,33
12/22/2022 17:53,31,39,44,34
12/22/2022 18:08,32,40,43,35
12/22/2022 18:23,33,39,42,36
12/22/2022 18:38,34,40,43,35
12/22/2022 18:53,33,41,44,34
12/22/2022 19:08,32,40,43,33
12/22/2022 19:23,33,39,42,32
12/22/2022 19:38,32,38,41,33
12/22/2022 19:53,31,39,42,34
12/22/2022 20:08,30,38,41,33
12/22/2022 20:23,31,37,40,34
12/22/2022 20:38,32,36,41,33
12/22/2022 20:53,31,37,42,34
12/22/2022 21:08,32,36,41,33
12/22/2022 21:23,31,35,40,34
12/22/2022 21:38,30,34,41,33
12/22/2022 21:53,31,33,42,32
12/22/2022 22:08,30,32,41,33
12/22/2022 22:23,30,33,40,32
12/22/2022 22:38,30,34,39,31
12/22/2022 22:53,30,33,40,30
12/22/2022 23:08,31,32,41,29
12/22/2022 23:23,30,33,42,28
12/22/2022 23:38,30,32,43,27
12/22/2022 23:53,31,31,42,28
12/23/2022 0:08,32,32,41,29
12/23/2022 0:23,33,31,40,30
12/23/2022 0:38,32,30,39,31
12/23/2022 0:53,33,30,40,32
12/23/2022 1:08,32,31,39,31
12/23/2022 1:23,31,30,38,30
12/23/2022 1:38,30,31,37,31
12/23/2022 1:53,31,32,38,32
12/23/2022 2:08,30,31,37,33
12/23/2022 2:23,31,32,38,34
12/23/2022 2:38,30,33,39,33
12/23/2022 2:53,30,34,40,34
12/23/2022 3:08,31,33,41,33
12/23/2022 3:23,30,32,40,34
12/23/2022 3:38,31,33,41,35
12/23/2022 3:53,30,34,42,36
12/23/2022 4:08,31,35,43,37
12/23/2022 4:23,32,34,44,36
12/23/2022 4:38,31,33,45,37
12/23/2022 4:53,32,34,44,36
12/23/2022 5:08,33,33,43,35
12/23/2022 5:23,32,34,44,36
12/23/2022 5:38,33,33,45,37
12/23/2022 5:53,34,32,44,38
12/23/2022 6:08,35,31,43,39
12/23/2022 6:23,34,30,44,38
12/23/2022 6:38,33,31,45,37
12/23/2022 6:53,32,30,46,36
12/23/2022 7:08,31,30,45,35
12/23/2022 7:23,30,31,44,36
12/23/2022 7:38,31,30,45,35
12/23/2022 7:53,30,31,44,34
12/23/2022 8:08,30,32,43,35
12/23/2022 8:23,30,31,44,36
12/23/2022 8:38,31,30,43,35
12/23/2022 8:53,32,30,44,34
12/23/2022 9:08,33,31,43,35
12/23/2022 9:23,34,30,42,36
12/23/2022 9:38,33,31,41,35
12/23/2022 9:53,32,32,42,34
12/23/2022 10:08,31,33,41,35
12/23/2022 10:23,32,32,42,36
12/23/2022 10:38,33,31,41,37
12/23/2022 10:53,34,32,42,38
12/23/2022 11:08,35,33,41,37
12/23/2022 11:23,34,32,40,38
12/23/2022 11:38,35,33,41,39
12/23/2022 11:53,34,34,42,40
12/23/2022 12:08,35,33,41,39
12/23/2022 12:23,34,34,40,38
12/23/2022 12:38,35,35,41,39
12/23/2022 12:53,36,34,42,40
12/23/2022 13:08,37,33,41,39
12/23/2022 13:23,38,34,42,38
12/23/2022 13:38,39,33,41,39
12/23/2022 13:53,38,32,42,40
12/23/2022 14:08,37,33,43,39
12/23/2022 14:23,36,32,42,40
12/23/2022 14:38,35,33,41,41
12/23/2022 14:53,36,34,40,42
12/23/2022 15:08,37,33,39,41
12/23/2022 15:23,38,32,38,42
12/23/2022 15:38,39,31,39,43
12/23/2022 15:53,38,30,38,42
12/23/2022 16:08,37,31,39,41
12/23/2022 16:23,36,32,38,40
12/23/2022 16:38,37,33,37,39
12/23/2022 16:53,38,34,36,38
12/23/2022 17:08,37,33,37,39
12/23/2022 17:23,36,34,38,38
12/23/2022 17:38,35,35,37,39
12/23/2022 17:53,36,34,36,38
12/23/2022 18:08,35,33,35,37
12/23/2022 18:23,34,32,36,36
12/23/2022 18:38,33,33,37,35
12/23/2022 18:53,32,32,36,36
12/23/2022 19:08,33,31,37,37
12/23/2022 19:23,34,30,38,36
12/23/2022 19:38,35,31,39,37
12/23/2022 19:53,34,30,40,36
12/23/2022 20:08,33,31,39,35
12/23/2022 20:23,32,32,38,36
12/23/2022 20:38,31,33,37,37
12/23/2022 20:53,30,32,36,36
12/23/2022 21:08,30,33,37,37
12/23/2022 21:23,31,32,36,38
12/23/2022 21:38,32,31,35,39
12/23/2022 21:53,31,30,36,38
12/23/2022 22:08,32,31,37,39
12/23/2022 22:23,33,32,38,38
12/23/2022 22:38,34,33,39,39
12/23/2022 22:53,35,34,38,38
12/23/2022 23:08,36,35,39,37
12/23/2022 23:23,37,36,38,36
12/23/2022 23:38,36,37,37,37
12/23/2022 23:53,35,36,36,36
12/24/2022 0:08,34,37,37,35
12/24/2022 0:23,33,38,36,34
12/24/2022 0:38,34,37,35,33
12/24/2022 0:53,35,36,34,34
12/24/2022 1:08,34,35,33,35
12/24/2022 1:23,35,34,32,36
12/24/2022 1:38,36,33,33,35
12/24/2022 1:53,35,34,32,36
12/24/2022 2:08,36,33,31,37
12/24/2022 2:23,37,34,32,36
12/24/2022 2:38,38,35,33,35
12/24/2022 2:53,37,34,34,34
12/24/2022 3:08,38,33,33,33
12/24/2022 3:23,37,32,32,34
12/24/2022 3:38,36,33,33,33
12/24/2022 3:53,37,32,34,32
12/24/2022 4:08,38,31,33,31
12/24/2022 4:23,37,32,32,32
12/24/2022 4:38,38,33,33,31
12/24/2022 4:53,39,32,34,30
12/24/2022 5:08,38,31,33,29
12/24/2022 5:23,37,32,34,30
12/24/2022 5:38,38,33,35,29
12/24/2022 5:53,37,32,36,30
12/24/2022 6:08,38,31,35,29
12/24/2022 6:23,37,30,36,30
12/24/2022 6:38,38,31,35,31
12/24/2022 6:53,37,32,36,32
12/24/2022 7:08,38,33,35,31
12/24/2022 7:23,37,34,34,30
12/24/2022 7:38,38,33,33,31
12/24/2022 7:53,37,34,34,32
12/24/2022 8:08,36,35,33,31
12/24/2022 8:23,35,34,34,32
12/24/2022 8:38,34,35,35,31
12/24/2022 8:53,35,34,36,32
12/24/2022 9:08,34,35,35,31
12/24/2022 9:23,33,36,36,32
12/24/2022 9:38,32,37,37,31
12/24/2022 9:53,31,38,36,30
12/24/2022 10:08,32,39,35,31
12/24/2022 10:23,33,38,36,30
12/24/2022 10:38,34,37,35,31
12/24/2022 10:53,33,36,36,30
12/24/2022 11:08,34,37,35,29
12/24/2022 11:23,35,36,36,28
12/24/2022 11:38,34,37,37,27
12/24/2022 11:53,33,36,36,28
12/24/2022 12:08,32,35,35,29
12/24/2022 12:23,31,34,36,30
12/24/2022 12:38,32,35,37,29
12/24/2022 12:53,31,34,38,28
12/24/2022 13:08,32,35,39,29
12/24/2022 13:23,31,34,40,30
12/24/2022 13:38,32,35,41,29
12/24/2022 13:53,31,34,40,28
12/24/2022 14:08,30,33,39,27
12/24/2022 14:23,31,32,40,26
12/24/2022 14:38,30,31,39,27
12/24/2022 14:53,31,32,40,28
12/24/2022 15:08,30,33,41,29
12/24/2022 15:23,30,34,42,28
12/24/2022 15:38,30,35,43,27
12/24/2022 15:53,31,36,44,28
12/24/2022 16:08,30,37,43,27
12/24/2022 16:23,30,38,42,26
12/24/2022 16:38,31,37,43,27
12/24/2022 16:53,30,38,42,26
12/24/2022 17:08,31,37,41,25
12/24/2022 17:23,32,36,42,24
12/24/2022 17:38,31,35,43,25
12/24/2022 17:53,30,36,42,24
12/24/2022 18:08,30,37,41,23
12/24/2022 18:23,31,38,40,22
12/24/2022 18:38,32,37,41,21
12/24/2022 18:53,33,36,40,20
12/24/2022 19:08,32,37,41,21
12/24/2022 19:23,31,38,42,20
12/24/2022 19:38,32,37,41,21
12/24/2022 19:53,33,38,42,20
12/24/2022 20:08,34,39,41,21
12/24/2022 20:23,35,40,40,20
12/24/2022 20:38,34,41,41,21
12/24/2022 20:53,33,42,40,22
12/24/2022 21:08,32,41,39,21
12/24/2022 21:23,31,40,38,22
12/24/2022 21:38,30,41,37,23
12/24/2022 21:53,31,40,36,24
12/24/2022 22:08,30,39,35,25
12/24/2022 22:23,30,38,36,24
12/24/2022 22:38,31,37,37,23
12/24/2022 22:53,32,38,38,24
12/24/2022 23:08,31,39,39,25
12/24/2022 23:23,30,40,38,24
12/24/2022 23:38,31,39,39,25
12/24/2022 23:53,30,38,40,24
12/25/2022 0:08,31,39,39,25
12/25/2022 0:23,30,38,40,24
12/25/2022 0:38,31,39,39,25
12/25/2022 0:53,30,40,40,26
12/25/2022 1:08,30,41,41,27
12/25/2022 1:23,31,40,42,26
12/25/2022 1:38,30,41,41,27
12/25/2022 1:53,30,42,40,28
12/25/2022 2:08,30,41,41,27
12/25/2022 2:23,30,40,42,26
12/25/2022 2:38,31,39,41,25
12/25/2022 2:53,30,40,42,26
12/25/2022 3:08,31,39,43,27
12/25/2022 3:23,30,38,42,26
12/25/2022 3:38,31,39,43,27
12/25/2022 3:53,30,40,42,26
12/25/2022 4:08,30,39,43,27
12/25/2022 4:23,31,38,42,28
12/25/2022 4:38,30,39,41,27
12/25/2022 4:53,30,40,42,28
12/25/2022 5:08,31,39,43,29
12/25/2022 5:23,32,38,42,28
12/25/2022 5:38,33,39,43,27
12/25/2022 5:53,32,40,44,28
12/25/2022 6:08,31,41,45,29
12/25/2022 6:23,30,40,46,28
12/25/2022 6:38,31,39,47,29
12/25/2022 6:53,30,38,46,28
12/25/2022 7:08,31,37,47,27
12/25/2022 7:23,30,36,48,26
12/25/2022 7:38,30,35,47,27
12/25/2022 7:53,30,36,48,26
12/25/2022 8:08,30,37,47,25
12/25/2022 8:23,31,38,48,26
12/25/2022 8:38,32,37,47,25
12/25/2022 8:53,33,36,48,24
12/25/2022 9:08,34,37,47,23
12/25/2022 9:23,35,36,48,24
12/25/2022 9:38,34,37,49,23
12/25/2022 9:53,35,36,50,24
12/25/2022 10:08,36,35,49,25
12/25/2022 10:23,35,34,50,26
12/25/2022 10:38,34,35,49,27
12/25/2022 10:53,35,36,50,28
12/25/2022 11:08,34,37,51,29
12/25/2022 11:23,33,38,50,28
12/25/2022 11:38,32,39,49,27
12/25/2022 11:53,31,40,50,26
12/25/2022 12:08,30,41,49,25
12/25/2022 12:23,31,42,50,26
12/25/2022 12:38,30,41,51,25
12/25/2022 12:53,30,42,50,26
12/25/2022 13:08,30,41,49,25
12/25/2022 13:23,31,42,50,24
12/25/2022 13:38,32,41,49,25
12/25/2022 13:53,31,42,48,24
12/25/2022 14:08,30,41,47,25
12/25/2022 14:23,30,42,46,24
12/25/2022 14:38,30,41,47,23
12/25/2022 14:53,30,40,48,24
12/25/2022 15:08,31,39,49,23
12/25/2022 15:23,32,40,48,22
12/25/2022 15:38,31,41,49,23
12/25/2022 15:53,32,42,50,22
12/25/2022 16:08,31,41,51,21
12/25/2022 16:23,32,40,52,22
12/25/2022 16:38,31,41,51,23
12/25/2022 16:53,32,40,50,22
12/25/2022 17:08,31,39,49,23
12/25/2022 17:23,32,38,48,22
12/25/2022 17:38,33,39,47,21
12/25/2022 17:53,32,38,46,20
12/25/2022 18:08,31,37,45,21
12/25/2022 18:23,30,36,44,22
12/25/2022 18:38,31,35,45,21
12/25/2022 18:53,30,34,44,22
12/25/2022 19:08,31,35,45,21
12/25/2022 19:23,30,36,46,20
12/25/2022 19:38,31,35,47,19
12/25/2022 19:53,32,36,48,18
12/25/2022 20:08,33,37,47,19
12/25/2022 20:23,34,36,48,20
12/25/2022 20:38,33,37,49,19
12/25/2022 20:53,34,36,50,20
12/25/2022 21:08,33,35,49,19
12/25/2022 21:23,34,34,50,20
12/25/2022 21:38,33,33,49,19
12/25/2022 21:53,34,32,48,20
12/25/2022 22:08,33,33,47,21
12/25/2022 22:23,32,32,48,22
12/25/2022 22:38,31,31,47,23
12/25/2022 22:53,30,32,48,22
12/25/2022 23:08,30,31,49,21
12/25/2022 23:23,31,30,48,20
12/25/2022 23:38,32,31,49,21
12/25/2022 23:53,31,30,50,20
12/26/2022 0:08,30,30,49,19
12/26/2022 0:23,30,30,50,18
12/26/2022 0:38,30,31,51,19
12/26/2022 0:53,31,30,50,0
12/26/2022 1:08,30,30,49,0
12/26/2022 1:23,31,31,48,0
12/26/2022 1:38,30,32,47,0
12/26/2022 1:53,30,33,48,0
12/26/2022 2:08,31,32,49,0
12/26/2022 2:23,32,33,50,0
12/26/2022 2:38,31,32,51,0
12/26/2022 2:53,32,33,52,0
12/26/2022 3:08,31,34,53,0
12/26/2022 3:23,30,35,54,0
12/26/2022 3:38,30,34,55,0
12/26/2022 3:53,31,33,56,0
12/26/2022 4:08,30,34,55,0
12/26/2022 4:23,31,33,56,0
12/26/2022 4:38,30,32,55,0
12/26/2022 4:53,30,31,54,0
12/26/2022 5:08,30,32,55,0
12/26/2022 5:23,31,31,54,0
12/26/2022 5:38,30,32,55,0
12/26/2022 5:53,31,33,54,0
12/26/2022 6:08,30,34,53,0
12/26/2022 6:23,31,33,54,0
12/26/2022 6:38,32,34,53,0
12/26/2022 6:53,31,33,52,0
12/26/2022 7:08,30,32,53,0
12/26/2022 7:23,31,31,54,0
12/26/2022 7:38,32,32,55,0
12/26/2022 7:53,33,33,56,0
12/26/2022 8:08,32,34,57,0
12/26/2022 8:23,31,33,56,0
12/26/2022 8:38,32,34,55,0
12/26/2022 8:53,33,35,54,0
12/26/2022 9:08,34,34,55,0
12/26/2022 9:23,33,35,54,0
12/26/2022 9:38,32,36,53,0
12/26/2022 9:53,33,37,54,0
12/26/2022 10:08,32,38,53,0
12/26/2022 10:23,31,37,54,0
12/26/2022 10:38,30,36,55,0
12/26/2022 10:53,31,37,54,0
12/26/2022 11:08,32,36,53,0
12/26/2022 11:23,31,37,54,0
12/26/2022 11:38,30,38,55,0
12/26/2022 11:53,31,37,56,0
12/26/2022 12:08,30,36,57,0
12/26/2022 12:23,30,37,56,0
12/26/2022 12:38,31,38,57,0
12/26/2022 12:53,32,37,58,0
12/26/2022 13:08,33,38,59,0
12/26/2022 13:23,32,37,58,0
12/26/2022 13:38,31,38,59,0
12/26/2022 13:53,30,37,60,0
12/26/2022 14:08,31,36,59,0
12/26/2022 14:23,30,37,60,0
12/26/2022 14:38,31,38,61,0
12/26/2022 14:53,32,37,62,0
12/26/2022 15:08,33,36,61,0
12/26/2022 15:23,34,35,62,0
12/26/2022 15:38,33,34,63,0
12/26/2022 15:53,34,33,64,0
12/26/2022 16:08,33,32,65,0
12/26/2022 16:23,32,31,66,0
12/26/2022 16:38,31,32,67,0
12/26/2022 16:53,32,31,66,0
12/26/2022 17:08,31,30,65,0
12/26/2022 17:23,30,30,66,0
12/26/2022 17:38,30,31,67,0
12/26/2022 17:53,31,32,68,0
12/26/2022 18:08,30,33,67,0
12/26/2022 18:23,30,32,68,0
12/26/2022 18:38,30,31,67,0
12/26/2022 18:53,30,30,66,0
12/26/2022 19:08,31,30,65,0
12/26/2022 19:23,32,30,66,0
12/26/2022 19:38,31,31,65,0
12/26/2022 19:53,32,30,64,0
12/26/2022 20:08,31,31,65,0
12/26/2022 20:23,30,32,64,0
12/26/2022 20:38,30,33,63,0
12/26/2022 20:53,31,32,64,0
12/26/2022 21:08,32,33,65,0
12/26/2022 21:23,31,32,66,0
12/26/2022 21:38,32,31,67,0
12/26/2022 21:53,33,30,66,0
12/26/2022 22:08,34,30,65,0
12/26/2022 22:23,33,31,66,0
12/26/2022 22:38,34,30,65,0
12/26/2022 22:53,35,30,64,0
12/26/2022 23:08,34,31,65,0
12/26/2022 23:23,35,30,66,0
12/26/2022 23:38,34,30,67,0
12/26/2022 23:53,33,31,66,0
12/27/2022 0:08,34,30,67,0
12/27/2022 0:23,33,30,66,0
12/27/2022 0:38,34,31,67,0
12/27/2022 0:53,35,32,66,0
12/27/2022 1:08,36,33,65,0
12/27/2022 1:23,35,32,64,0
12/27/2022 1:38,34,31,63,0
12/27/2022 1:53,33,30,64,0
12/27/2022 2:08,32,30,65,0
12/27/2022 2:23,31,30,66,0
12/27/2022 2:38,30,30,65,0
12/27/2022 2:53,31,30,66,0
12/27/2022 3:08,32,31,65,0
12/27/2022 3:23,33,30,66,0
12/27/2022 3:38,32,31,65,0
12/27/2022 3:53,33,30,64,0
12/27/2022 4:08,34,30,65,0
12/27/2022 4:23,33,31,66,0
12/27/2022 4:38,32,32,65,0
12/27/2022 4:53,31,33,66,0
12/27/2022 5:08,32,32,65,0
12/27/2022 5:23,31,31,64,0
12/27/2022 5:38,32,30,63,0
12/27/2022 5:53,31,31,64,0
12/27/2022 6:08,32,32,63,0
12/27/2022 6:23,33,33,62,0
12/27/2022 6:38,32,32,61,0
12/27/2022 6:53,33,33,60,0
12/27/2022 7:08,34,34,59,0
12/27/2022 7:23,33,35,60,0
12/27/2022 7:38,32,34,61,0
12/27/2022 7:53,33,33,60,0
12/27/2022 8:08,34,34,61,0
12/27/2022 8:23,35,35,60,0
12/27/2022 8:38,36,36,59,0
12/27/2022 8:53,37,37,58,0
12/27/2022 9:08,36,36,57,0
12/27/2022 9:23,37,37,58,0
12/27/2022 9:38,38,36,59,0
12/27/2022 9:53,39,37,60,0
12/27/2022 10:08,38,36,59,0
12/27/2022 10:23,37,37,60,0
12/27/2022 10:38,38,38,61,0
12/27/2022 10:53,37,39,62,0
12/27/2022 11:08,38,40,63,0
12/27/2022 11:23,39,41,64,0
12/27/2022 11:38,40,42,65,0
12/27/2022 11:53,41,41,66,0
12/27/2022 12:08,42,42,65,0
12/27/2022 12:23,43,43,64,0
12/27/2022 12:38,44,44,65,0
12/27/2022 12:53,45,43,64,0
12/27/2022 13:08,44,42,65,0
12/27/2022 13:23,45,41,66,0
12/27/2022 13:38,44,40,67,0
12/27/2022 13:53,45,39,66,0
12/27/2022 14:08,44,40,67,0
12/27/2022 14:23,45,39,66,0
12/27/2022 14:38,44,38,65,0
12/27/2022 14:53,45,39,64,0
12/27/2022 15:08,44,38,63,0
12/27/2022 15:23,45,39,62,0
12/27/2022 15:38,46,40,63,0
12/27/2022 15:53,47,39,62,0
12/27/2022 16:08,48,40,63,0
12/27/2022 16:23,47,41,64,0
12/27/2022 16:38,48,40,65,0
12/27/2022 16:53,49,39,66,0
12/27/2022 17:08,50,38,67,0
12/27/2022 17:23,49,39,66,0
12/27/2022 17:38,48,38,65,0
12/27/2022 17:53,47,39,64,0
12/27/2022 18:08,48,38,63,0
12/27/2022 18:23,49,39,64,0
12/27/2022 18:38,48,38,63,0
12/27/2022 18:53,47,39,62,0
12/27/2022 19:08,46,40,63,0
12/27/2022 19:23,45,39,62,0
12/27/2022 19:38,46,40,63,0
12/27/2022 19:53,45,41,64,0
12/27/2022 20:08,46,42,65,0
12/27/2022 20:23,47,41,66,0
12/27/2022 20:38,46,40,67,0
12/27/2022 20:53,47,41,68,0
12/27/2022 21:08,46,40,67,0
12/27/2022 21:23,45,39,68,0
12/27/2022 21:38,46,38,67,0
12/27/2022 21:53,45,39,68,0
12/27/2022 22:08,46,40,69,0
12/27/2022 22:23,45,39,70,0
12/27/2022 22:38,46,38,71,0
12/27/2022 22:53,45,37,72,0
12/27/2022 23:08,44,38,73,0
12/27/2022 23:23,43,39,74,0
12/27/2022 23:38,42,40,75,0
12/27/2022 23:53,43,39,76,0
12/28/2022 0:08,42,40,77,0
12/28/2022 0:23,41,39,78,0
12/28/2022 0:38,40,38,79,0
12/28/2022 0:53,41,39,78,0
12/28/2022 1:08,42,38,79,0
12/28/2022 1:23,43,39,80,0
12/28/2022 1:38,42,38,81,0
12/28/2022 1:53,41,37,82,0
12/28/2022 2:08,40,36,81,0
12/28/2022 2:23,41,37,80,0
12/28/2022 2:38,42,36,81,0
12/28/2022 2:53,41,37,82,0
12/28/2022 3:08,42,38,81,0
12/28/2022 3:23,41,37,82,0
12/28/2022 3:38,42,36,83,0
12/28/2022 3:53,41,37,84,0
12/28/2022 4:08,42,38,85,0
12/28/2022 4:23,41,39,84,0
12/28/2022 4:38,40,38,83,0
12/28/2022 4:53,41,39,84,0
12/28/2022 5:08,40,40,85,0
12/28/2022 5:23,39,39,84,0
12/28/2022 5:38,40,38,83,0
12/28/2022 5:53,39,37,84,0
12/28/2022 6:08,38,38,83,0
12/28/2022 6:23,39,39,82,0
12/28/2022 6:38,40,38,83,0
12/28/2022 6:53,41,37,84,0
12/28/2022 7:08,40,36,85,0
12/28/2022 7:23,41,35,86,0
12/28/2022 7:38,42,34,87,0
12/28/2022 7:53,41,33,88,0
12/28/2022 8:08,40,32,89,0
12/28/2022 8:23,39,31,90,0
12/28/2022 8:38,38,32,89,0
12/28/2022 8:53,37,33,90,0
12/28/2022 9:08,36,32,91,0
12/28/2022 9:23,37,33,90,0
12/28/2022 9:38,38,34,91,0
12/28/2022 9:53,39,33,90,0
12/28/2022 10:08,38,34,91,0
12/28/2022 10:23,37,33,90,0
12/28/2022 10:38,36,34,89,0
12/28/2022 10:53,35,33,88,0
12/28/2022 11:08,34,34,87,0
12/28/2022 11:23,33,33,88,0
12/28/2022 11:38,32,34,87,0
12/28/2022 11:53,33,33,88,0
12/28/2022 12:08,34,32,89,0
12/28/2022 12:23,35,31,88,0
12/28/2022 12:38,34,30,87,0
12/28/2022 12:53,33,30,88,0
12/28/2022 13:08,32,31,89,0
12/28/2022 13:23,31,30,88,0
12/28/2022 13:38,32,31,87,0
12/28/2022 13:53,33,30,88,0
12/28/2022 14:08,32,31,89,0
12/28/2022 14:23,31,32,88,0
12/28/2022 14:38,30,31,89,0
12/28/2022 14:53,31,30,90,0
12/28/2022 15:08,32,30,91,0
12/28/2022 15:23,33,30,92,0
12/28/2022 15:38,34,30,93,0
12/28/2022 15:53,35,31,92,0
12/28/2022 16:08,36,32,91,0
12/28/2022 16:23,37,31,92,0
12/28/2022 16:38,36,30,91,0
12/28/2022 16:53,35,30,92,0
12/28/2022 17:08,36,31,93,0
12/28/2022 17:23,37,32,94,0
12/28/2022 17:38,38,31,93,0
12/28/2022 17:53,37,30,94,0
12/28/2022 18:08,38,30,93,0
12/28/2022 18:23,39,30,94,0
12/28/2022 18:38,40,31,95,0
12/28/2022 18:53,41,30,96,0
12/28/2022 19:08,40,30,97,0
12/28/2022 19:23,41,30,98,0
12/28/2022 19:38,42,30,97,0
12/28/2022 19:53,41,30,98,0
12/28/2022 20:08,42,30,99,0
12/28/2022 20:23,41,30,98,0
12/28/2022 20:38,40,31,97,0
12/28/2022 20:53,39,32,96,0
12/28/2022 21:08,40,33,95,0
12/28/2022 21:23,41,34,94,0
12/28/2022 21:38,40,33,95,0
12/28/2022 21:53,41,34,94,0
12/28/2022 22:08,40,33,95,0
12/28/2022 22:23,39,32,96,0
12/28/2022 22:38,38,33,95,0
12/28/2022 22:53,37,34,94,0
12/28/2022 23:08,38,35,95,0
12/28/2022 23:23,37,34,94,0
12/28/2022 23:38,38,35,95,0
12/28/2022 23:53,37,36,96,0
12/29/2022 0:08,38,35,95,0
12/29/2022 0:23,39,34,96,0
12/29/2022 0:38,40,33,97,0
12/29/2022 0:53,41,32,96,0
12/29/2022 1:08,42,31,95,0
12/29/2022 1:23,43,30,94,0
12/29/2022 1:38,44,30,93,0
12/29/2022 1:53,45,31,92,0
12/29/2022 2:08,44,30,91,0
12/29/2022 2:23,43,30,90,0
12/29/2022 2:38,42,31,91,0
12/29/2022 2:53,43,32,90,0
12/29/2022 3:08,44,33,91,0
12/29/2022 3:23,43,32,90,0
12/29/2022 3:38,44,31,89,0
12/29/2022 3:53,45,32,90,0
12/29/2022 4:08,44,31,91,0
12/29/2022 4:23,45,32,90,0
12/29/2022 4:38,44,31,89,0
12/29/2022 4:53,43,32,90,0
12/29/2022 5:08,42,31,89,0
12/29/2022 5:23,43,32,88,0
12/29/2022 5:38,42,33,89,0
12/29/2022 5:53,43,34,90,0
12/29/2022 6:08,44,33,91,0
12/29/2022 6:23,45,32,90,0
12/29/2022 6:38,44,33,91,0
12/29/2022 6:53,43,32,90,0
12/29/2022 7:08,44,31,91,0
12/29/2022 7:23,43,32,92,0
12/29/2022 7:38,44,31,91,0
12/29/2022 7:53,43,32,90,0
12/29/2022 8:08,44,31,91,0
12/29/2022 8:23,43,32,92,0
12/29/2022 8:38,44,31,93,0
12/29/2022 8:53,43,32,92,0
12/29/2022 9:08,42,33,91,0
12/29/2022 9:23,43,32,92,0
12/29/2022 9:38,42,33,91,0
12/29/2022 9:53,43,32,92,0
12/29/2022 10:08,42,33,93,0
12/29/2022 10:23,41,32,94,0
12/29/2022 10:38,40,33,95,0
12/29/2022 10:53,41,34,96,0
12/29/2022 11:08,40,35,97,0
12/29/2022 11:23,41,34,98,0
12/29/2022 11:38,40,33,99,0
12/29/2022 11:53,41,34,100,0
12/29/2022 12:08,42,33,99,0
12/29/2022 12:23,43,34,98,0
12/29/2022 12:38,42,33,99,0
12/29/2022 12:53,41,34,98,0
12/29/2022 13:08,40,33,99,0
12/29/2022 13:23,39,34,100,0
12/29/2022 13:38,38,35,101,0
12/29/2022 13:53,39,36,100,0
12/29/2022 14:08,38,35,101,0
12/29/2022 14:23,37,34,102,0
12/29/2022 14:38,38,33,101,0
12/29/2022 14:53,37,34,102,0
12/29/2022 15:08,36,35,101,0
12/29/2022 15:23,37,34,102,0
12/29/2022 15:38,38,35,103,0
12/29/2022 15:53,39,36,104,0
12/29/2022 16:08,38,37,103,0
12/29/2022 16:23,39,36,104,0
12/29/2022 16:38,38,35,103,0
12/29/2022 16:53,37,34,104,0
12/29/2022 17:08,36,35,103,0
12/29/2022 17:23,37,34,102,0
12/29/2022 17:38,36,33,103,0
12/29/2022 17:53,37,34,102,0
12/29/2022 18:08,38,35,101,0
12/29/2022 18:23,37,36,100,0
12/29/2022 18:38,36,35,99,0
12/29/2022 18:53,37,36,100,0
12/29/2022 19:08,36,37,99,0
12/29/2022 19:23,35,38,98,0
12/29/2022 19:38,36,37,99,0
12/29/2022 19:53,37,38,100,0
12/29/2022 20:08,38,37,99,0
12/29/2022 20:23,37,36,98,0
12/29/2022 20:38,36,35,99,0
12/29/2022 20:53,35,36,98,0
12/29/2022 21:08,34,37,99,0
12/29/2022 21:23,33,36,98,0
12/29/2022 21:38,34,35,97,0
12/29/2022 21:53,33,36,98,0
12/29/2022 22:08,34,35,99,0
12/29/2022 22:23,35,34,98,0
12/29/2022 22:38,36,35,99,0
12/29/2022 22:53,35,34,100,0
12/29/2022 23:08,34,35,101,0
12/29/2022 23:23,35,34,100,0
12/29/2022 23:38,34,35,99,0
12/29/2022 23:53,35,34,98,0
12/30/2022 0:08,34,35,97,0
12/30/2022 0:23,33,34,98,0
12/30/2022 0:38,34,33,99,0
12/30/2022 0:53,33,34,98,0
12/30/2022 1:08,34,33,99,0
12/30/2022 1:23,33,32,100,0
12/30/2022 1:38,32,33,99,0
12/30/2022 1:53,31,32,100,0
12/30/2022 2:08,30,33,101,0
12/30/2022 2:23,30,34,100,0
12/30/2022 2:38,31,35,99,0
12/30/2022 2:53,32,36,100,0
12/30/2022 3:08,33,35,101,0
12/30/2022 3:23,34,34,102,0
12/30/2022 3:38,33,33,103,0
12/30/2022 3:53,32,32,104,0
12/30/2022 4:08,31,33,103,0
12/30/2022 4:23,32,32,102,0
12/30/2022 4:38,33,31,103,0
12/30/2022 4:53,34,32,104,0
12/30/2022 5:08,33,31,105,0
12/30/2022 5:23,32,32,104,0
12/30/2022 5:38,33,33,105,0
12/30/2022 5:53,34,34,104,0
12/30/2022 6:08,33,35,103,0
12/30/2022 6:23,34,34,102,0
12/30/2022 6:38,35,35,101,0
12/30/2022 6:53,36,36,100,0
12/30/2022 7:08,35,37,99,0
12/30/2022 7:23,34,36,98,0
12/30/2022 7:38,35,35,97,0
12/30/2022 7:53,34,34,96,0
12/30/2022 8:08,35,33,95,0
12/30/2022 8:23,34,32,94,0
12/30/2022 8:38,33,31,93,0
12/30/2022 8:53,34,32,92,0
12/30/2022 9:08,35,33,91,0
12/30/2022 9:23,34,34,92,0
12/30/2022 9:38,35,35,93,0
12/30/2022 9:53,36,34,92,0
12/30/2022 10:08,35,33,91,0
12/30/2022 10:23,34,34,90,0
12/30/2022 10:38,33,33,91,0
12/30/2022 10:53,32,34,92,0
12/30/2022 11:08,31,35,91,0
12/30/2022 11:23,30,34,90,0
12/30/2022 11:38,31,33,89,0
12/30/2022 11:53,32,32,90,0
12/30/2022 12:08,31,33,91,0
12/30/2022 12:23,30,34,92,0
12/30/2022 12:38,31,33,91,0
12/30/2022 12:53,30,34,90,0
12/30/2022 13:08,31,35,89,0
12/30/2022 13:23,32,34,90,0
12/30/2022 13:38,31,35,89,0
12/30/2022 13:53,30,36,90,0
12/30/2022 14:08,31,35,89,0
12/30/2022 14:23,30,34,88,0
12/30/2022 14:38,31,35,87,0
12/30/2022 14:53,32,34,86,0
12/30/2022 15:08,31,33,85,0
12/30/2022 15:23,30,34,86,0
12/30/2022 15:38,31,35,87,0
12/30/2022 15:53,32,34,86,0
12/30/2022 16:08,31,33,85,0
12/30/2022 16:23,32,34,86,0
12/30/2022 16:38,31,33,87,0
12/30/2022 16:53,30,32,86,0
12/30/2022 17:08,30,33,85,0
12/30/2022 17:23,30,34,86,0
12/30/2022 17:38,31,35,85,0
12/30/2022 17:53,32,34,86,0
12/30/2022 18:08,33,35,87,0
12/30/2022 18:23,32,36,88,0
12/30/2022 18:38,31,35,89,0
12/30/2022 18:53,32,34,90,0
12/30/2022 19:08,33,35,91,0
12/30/2022 19:23,32,34,92,0
12/30/2022 19:38,33,33,93,0
12/30/2022 19:53,32,34,94,0
12/30/2022 20:08,31,35,95,0
12/30/2022 20:23,30,34,96,0
12/30/2022 20:38,30,35,95,0
12/30/2022 20:53,31,34,94,0
12/30/2022 21:08,30,33,95,0
12/30/2022 21:23,30,34,94,0
12/30/2022 21:38,30,35,95,0
12/30/2022 21:53,30,34,94,0
12/30/2022 22:08,30,33,93,0
12/30/2022 22:23,30,32,94,0
12/30/2022 22:38,31,31,93,0
12/30/2022 22:53,30,30,92,0
12/30/2022 23:08,30,30,93,0
12/30/2022 23:23,30,31,92,0
12/30/2022 23:38,31,32,91,0
12/30/2022 23:53,30,33,92,0
12/31/2022 0:08,31,34,93,0
12/31/2022 0:23,32,35,94,0
12/31/2022 0:38,33,34,93,0
12/31/2022 0:53,32,33,94,0
12/31/2022 1:08,33,32,93,0
12/31/2022 1:23,32,31,94,0
12/31/2022 1:38,33,32,95,0
12/31/2022 1:53,34,33,96,0
12/31/2022 2:08,33,32,95,0
12/31/2022 2:23,34,33,96,0
12/31/2022 2:38,35,34,95,0
12/31/2022 2:53,36,33,96,0
12/31/2022 3:08,35,32,95,0
12/31/2022 3:23,34,33,96,0
12/31/2022 3:38,35,34,95,0
12/31/2022 3:53,36,33,94,0
12/31/2022 4:08,35,32,93,0
12/31/2022 4:23,36,31,94,0
12/31/2022 4:38,37,30,95,0
12/31/2022 4:53,38,31,94,0
12/31/2022 5:08,37,32,95,0
12/31/2022 5:23,38,33,96,0
12/31/2022 5:38,39,32,95,0
12/31/2022 5:53,40,31,96,0
12/31/2022 6:08,41,32,95,0
12/31/2022 6:23,42,31,94,0
12/31/2022 6:38,43,32,93,0
12/31/2022 6:53,42,31,92,0
12/31/2022 7:08,43,32,93,0
12/31/2022 7:23,42,31,94,0
12/31/2022 7:38,43,30,93,0
12/31/2022 7:53,44,31,94,0
12/31/2022 8:08,43,32,93,0
12/31/2022 8:23,42,31,94,0
12/31/2022 8:38,43,32,95,0
12/31/2022 8:53,44,31,94,0
12/31/2022 9:08,43,30,95,0
12/31/2022 9:23,42,30,94,0
12/31/2022 9:38,43,30,95,0
12/31/2022 9:53,42,30,94,0
12/31/2022 10:08,41,31,95,0
12/31/2022 10:23,42,30,96,0
12/31/2022 10:38,41,30,95,0
12/31/2022 10:53,42,31,94,0
12/31/2022 11:08,41,32,93,0
12/31/2022 11:23,40,31,94,0
12/31/2022 11:38,39,32,95,0
12/31/2022 11:53,38,31,96,0
12/31/2022 12:08,37,32,97,0
12/31/2022 12:23,36,31,96,0
12/31/2022 12:38,35,30,97,0
12/31/2022 12:53,34,30,96,0
12/31/2022 13:08,33,31,95,0
12/31/2022 13:23,32,30,94,0
12/31/2022 13:38,31,30,95,0
12/31/2022 13:53,30,31,96,0
12/31/2022 14:08,31,30,97,0
12/31/2022 14:23,30,30,96,0
12/31/2022 14:38,30,31,97,0
12/31/2022 14:53,30,30,98,0
12/31/2022 15:08,31,31,99,0
12/31/2022 15:23,30,30,98,0
12/31/2022 15:38,31,30,97,0
12/31/2022 15:53,30,31,96,0
12/31/2022 16:08,30,30,95,0
12/31/2022 16:23,31,30,96,0
12/31/2022 16:38,32,30,95,0
12/31/2022 16:53,33,30,94,0
12/31/2022 17:08,34,30,93,0
12/31/2022 17:23,33,30,92,0
12/31/2022 17:38,32,30,93,0
12/31/2022 17:53,31,31,92,0
12/31/2022 18:08,32,30,93,0
12/31/2022 18:23,31,31,92,0
12/31/2022 18:38,30,32,93,0
12/31/2022 18:53,30,31,92,0
12/31/2022 19:08,30,32,91,0
12/31/2022 19:23,31,33,92,0
12/31/2022 19:38,30,32,93,0
12/31/2022 19:53,30,31,92,0
12/31/2022 20:08,31,30,91,0
12/31/2022 20:23,32,31,90,0
12/31/2022 20:38,33,32,89,0
12/31/2022 20:53,34,31,90,0
12/31/2022 21:08,33,32,89,0
12/31/2022 21:23,34,31,88,0
12/31/2022 21:38,33,30,87,0
12/31/2022 21:53,32,30,88,0
12/31/2022 22:08,31,30,89,0
12/31/2022 22:23,32,31,88,0
12/31/2022 22:38,33,32,89,0
12/31/2022 22:53,34,33,90,0
12/31/2022 23:08,35,32,89,0
12/31/2022 23:23,36,33,90,0
12/31/2022 23:38,35,34,91,0
12/31/2022 23:53,36,35,90,0
1/1/2023 0:08,37,36,91,0
1/1/2023 0:23,36,35,92,0
1/1/2023 0:38,37,34,91,0
1/1/2023 0:53,36,35,90,0
1/1/2023 1:08,35,36,89,0
1/1/2023 1:23,36,37,90,0
1/1/2023 1:38,35,38,89,0
1/1/2023 1:53,36,39,88,0
1/1/2023 2:08,35,40,87,0
1/1/2023 2:23,36,41,88,0
1/1/2023 2:38,35,42,87,0
1/1/2023 2:53,34,41,86,0
1/1/2023 3:08,33,40,85,0
1/1/2023 3:23,32,41,84,0
1/1/2023 3:38,31,42,83,0
1/1/2023 3:53,30,41,84,0
1/1/2023 4:08,30,40,83,0
1/1/2023 4:23,31,41,84,0
1/1/2023 4:38,30,40,85,0
1/1/2023 4:53,31,41,86,0
1/1/2023 5:08,32,42,87,0
1/1/2023 5:23,33,41,88,0
1/1/2023 5:38,32,42,87,0
1/1/2023 5:53,33,41,88,0
1/1/2023 6:08,32,42,87,0
1/1/2023 6:23,33,41,88,0
1/1/2023 6:38,34,40,89,0
1/1/2023 6:53,35,41,90,0
1/1/2023 7:08,34,42,89,0
1/1/2023 7:23,35,43,90,0
1/1/2023 7:38,36,42,89,0
1/1/2023 7:53,35,41,90,0
1/1/2023 8:08,34,42,89,0
1/1/2023 8:23,35,43,88,0
1/1/2023 8:38,34,44,87,0
1/1/2023 8:53,33,45,86,0
1/1/2023 9:08,32,44,87,0
1/1/2023 9:23,33,43,88,0
1/1/2023 9:38,32,42,87,0
1/1/2023 9:53,31,43,86,0
1/1/2023 10:08,30,42,85,0
1/1/2023 10:23,30,41,86,0
1/1/2023 10:38,30,40,87,0
1/1/2023 10:53,31,39,86,0
1/1/2023 11:08,30,38,87,0
1/1/2023 11:23,30,37,86,0
1/1/2023 11:38,31,36,85,0
1/1/2023 11:53,32,35,84,0
1/1/2023 12:08,31,36,85,0
1/1/2023 12:23,32,35,84,0
1/1/2023 12:38,33,36,85,0
1/1/2023 12:53,32,35,86,0
1/1/2023 13:08,31,36,85,0
1/1/2023 13:23,30,37,84,0
1/1/2023 13:38,31,38,83,0
1/1/2023 13:53,32,37,84,0
1/1/2023 14:08,31,36,83,0
1/1/2023 14:23,32,35,84,0
1/1/2023 14:38,33,34,83,0
1/1/2023 14:53,34,35,84,0
1/1/2023 15:08,35,36,83,0
1/1/2023 15:23,34,37,84,0
1/1/2023 15:38,33,36,85,0
1/1/2023 15:53,34,35,84,0
1/1/2023 16:08,33,34,83,0
1/1/2023 16:23,34,33,84,0
1/1/2023 16:38,33,32,83,0
1/1/2023 16:53,34,31,84,0
1/1/2023 17:08,35,32,83,0
1/1/2023 17:23,34,33,82,0
1/1/2023 17:38,35,34,83,0
1/1/2023 17:53,34,35,82,0
1/1/2023 18:08,33,36,81,0
1/1/2023 18:23,34,37,80,0
1/1/2023 18:38,33,36,81,0
1/1/2023 18:53,34,35,82,0
1/1/2023 19:08,33,34,83,0
1/1/2023 19:23,32,33,82,0
1/1/2023 19:38,33,34,81,0
1/1/2023 19:53,34,33,80,0
1/1/2023 20:08,35,34,79,0
1/1/2023 20:23,36,35,78,0
1/1/2023 20:38,35,34,77,0
1/1/2023 20:53,36,35,78,0
1/1/2023 21:08,37,36,77,0
1/1/2023 21:23,38,37,76,0
1/1/2023 21:38,39,36,77,0
1/1/2023 21:53,40,35,78,0
1/1/2023 22:08,39,34,77,0
1/1/2023 22:23,38,35,76,0
1/1/2023 22:38,37,36,75,0
1/1/2023 22:53,36,35,74,0
1/1/2023 23:08,35,34,73,0
1/1/2023 23:23,36,33,74,0
1/1/2023 23:38,37,32,75,0
1/1/2023 23:53,38,33,74,0
1/2/2023 0:08,39,32,73,0
1/2/2023 0:23,40,33,72,0
1/2/2023 0:38,39,34,73,0
1/2/2023 0:53,38,35,72,0
1/2/2023 1:08,39,36,71,0
1/2/2023 1:23,40,37,72,0
1/2/2023 1:38,39,38,71,0
1/2/2023 1:53,40,37,70,0
1/2/2023 2:08,39,38,69,0
1/2/2023 2:23,40,39,70,0
1/2/2023 2:38,41,40,71,0
1/2/2023 2:53,42,39,70,0
1/2/2023 3:08,43,38,69,0
1/2/2023 3:23,44,39,70,0
1/2/2023 3:38,45,40,71,0
1/2/2023 3:53,44,41,70,0
1/2/2023 4:08,43,42,69,0
1/2/2023 4:23,44,41,68,0
1/2/2023 4:38,43,40,69,0
1/2/2023 4:53,44,39,70,0
1/2/2023 5:08,45,40,69,0
1/2/2023 5:23,44,39,70,0
1/2/2023 5:38,45,38,71,0
1/2/2023 5:53,44,37,72,0
1/2/2023 6:08,45,38,71,0
1/2/2023 6:23,46,37,70,0
1/2/2023 6:38,45,38,71,0
1/2/2023 6:53,46,37,70,0
1/2/2023 7:08,47,36,71,0
1/2/2023 7:23,46,37,70,0
1/2/2023 7:38,47,38,71,0
1/2/2023 7:53,46,39,72,0
1/2/2023 8:08,47,38,73,0
1/2/2023 8:23,46,37,72,0
1/2/2023 8:38,45,38,73,0
1/2/2023 8:53,44,39,74,0
1/2/2023 9:08,43,40,75,0
1/2/2023 9:23,42,41,76,0
1/2/2023 9:38,41,42,75,0
1/2/2023 9:53,42,41,76,0
1/2/2023 10:08,43,42,75,0
1/2/2023 10:23,44,41,74,0
1/2/2023 10:38,43,40,75,0
1/2/2023 10:53,42,39,76,0
1/2/2023 11:08,41,38,75,0
1/2/2023 11:23,40,39,74,0
1/2/2023 11:38,39,40,73,0
1/2/2023 11:53,38,39,72,0
1/2/2023 12:08,39,38,71,0
1/2/2023 12:23,38,39,72,0
1/2/2023 12:38,39,38,73,0
1/2/2023 12:53,38,37,72,0
1/2/2023 13:08,39,36,73,0
1/2/2023 13:23,40,37,72,0
1/2/2023 13:38,41,38,73,0
1/2/2023 13:53,40,39,74,0
1/2/2023 14:08,39,38,73,0
1/2/2023 14:23,40,37,74,0
1/2/2023 14:38,41,36,73,0
1/2/2023 14:53,42,35,74,0
1/2/2023 15:08,41,34,75,0
1/2/2023 15:23,42,35,76,0
1/2/2023 15:38,43,34,77,0
1/2/2023 15:53,42,33,78,0
1/2/2023 16:08,41,34,77,0
1/2/2023 16:23,40,35,78,0
1/2/2023 16:38,39,36,77,0
1/2/2023 16:53,38,35,78,0
1/2/2023 17:08,39,36,79,0
1/2/2023 17:23,38,35,80,0
1/2/2023 17:38,37,34,81,0
1/2/2023 17:53,38,35,80,0
1/2/2023 18:08,39,34,81,0
1/2/2023 18:23,38,33,80,0
1/2/2023 18:38,37,34,81,0
1/2/2023 18:53,38,33,82,0
1/2/2023 19:08,37,32,83,0
1/2/2023 19:23,38,33,84,0
1/2/2023 19:38,37,34,83,0
1/2/2023 19:53,38,33,84,0
1/2/2023 20:08,37,32,85,0
1/2/2023 20:23,36,31,84,0
1/2/2023 20:38,35,32,83,0
1/2/2023 20:53,34,33,84,0
1/2/2023 21:08,35,34,85,0
1/2/2023 21:23,34,33,84,0
1/2/2023 21:38,35,32,85,0
1/2/2023 21:53,36,33,86,0
1/2/2023 22:08,35,34,85,0
1/2/2023 22:23,34,35,86,0
1/2/2023 22:38,33,34,87,0
1/2/2023 22:53,32,35,88,0
1/2/2023 23:08,31,34,87,0
1/2/2023 23:23,32,35,86,0
1/2/2023 23:38,31,36,87,0
1/2/2023 23:53,32,37,88,0
1/3/2023 0:08,33,36,89,0
1/3/2023 0:23,32,35,88,0
1/3/2023 0:38,31,36,89,0
1/3/2023 0:53,32,37,88,0
1/3/2023 1:08,31,38,87,0
1/3/2023 1:23,32,37,86,0
1/3/2023 1:38,31,36,85,0
1/3/2023 1:53,32,35,86,0
1/3/2023 2:08,33,36,85,0
1/3/2023 2:23,34,37,84,0
1/3/2023 2:38,33,36,85,0
1/3/2023 2:53,32,37,86,0
1/3/2023 3:08,33,36,87,0
1/3/2023 3:23,32,35,86,0
1/3/2023 3:38,33,34,87,0
1/3/2023 3:53,32,33,88,0
1/3/2023 4:08,31,34,87,0
1/3/2023 4:23,32,33,86,0
1/3/2023 4:38,31,34,87,0
1/3/2023 4:53,30,35,88,0
1/3/2023 5:08,31,34,89,0
1/3/2023 5:23,32,33,90,0
1/3/2023 5:38,33,32,91,0
1/3/2023 5:53,32,31,90,0
1/3/2023 6:08,33,30,91,0
1/3/2023 6:23,32,31,90,0
1/3/2023 6:38,31,30,91,0
1/3/2023 6:53,30,31,90,0
1/3/2023 7:08,31,30,89,0
1/3/2023 7:23,32,30,90,0
1/3/2023 7:38,31,30,91,0
1/3/2023 7:53,32,30,90,0
1/3/2023 8:08,33,30,91,0
1/3/2023 8:23,34,31,90,0
1/3/2023 8:38,35,30,91,0
1/3/2023 8:53,36,30,92,0
1/3/2023 9:08,35,31,93,0
1/3/2023 9:23,36,32,92,0
1/3/2023 9:38,37,33,93,0
1/3/2023 9:53,38,32,92,0
1/3/2023 10:08,39,31,91,0
1/3/2023 10:23,38,32,90,0
1/3/2023 10:38,37,33,91,0
1/3/2023 10:53,36,32,90,0
1/3/2023 11:08,37,33,91,0
1/3/2023 11:23,36,34,92,0
1/3/2023 11:38,37,35,91,0
1/3/2023 11:53,36,34,90,0
1/3/2023 12:08,37,33,91,0
1/3/2023 12:23,38,34,90,0
1/3/2023 12:38,37,35,91,0
1/3/2023 12:53,38,34,90,0
1/3/2023 13:08,39,33,91,0
1/3/2023 13:23,38,32,90,0
1/3/2023 13:38,39,31,91,0
1/3/2023 13:53,40,30,92,0
1/3/2023 14:08,41,31,91,0
1/3/2023 14:23,42,30,90,0
1/3/2023 14:38,43,30,91,0
1/3/2023 14:53,44,31,92,0
1/3/2023 15:08,43,30,93,0
1/3/2023 15:23,42,31,94,0
1/3/2023 15:38,41,32,95,0
1/3/2023 15:53,42,31,96,0
1/3/2023 16:08,43,30,95,0
1/3/2023 16:23,42,31,96,0
1/3/2023 16:38,43,30,95,0
1/3/2023 16:53,42,31,96,0
1/3/2023 17:08,43,32,97,0
1/3/2023 17:23,42,33,98,0
1/3/2023 17:38,41,32,99,0
1/3/2023 17:53,42,31,100,0
1/3/2023 18:08,43,30,101,0
1/3/2023 18:23,44,31,100,0
1/3/2023 18:38,43,30,101,0
1/3/2023 18:53,44,31,100,0
1/3/2023 19:08,45,32,99,0
1/3/2023 19:23,44,31,100,0
1/3/2023 19:38,43,32,101,0
1/3/2023 19:53,44,31,102,0
1/3/2023 20:08,45,32,103,0
1/3/2023 20:23,46,31,104,0
1/3/2023 20:38,45,30,105,0
1/3/2023 20:53,46,31,106,0
1/3/2023 21:08,45,30,107,0
1/3/2023 21:23,46,31,108,0
1/3/2023 21:38,45,32,107,0
1/3/2023 21:53,46,31,106,0
1/3/2023 22:08,47,32,105,0
1/3/2023 22:23,48,33,106,0
1/3/2023 22:38,49,34,105,0
1/3/2023 22:53,50,33,104,0
1/3/2023 23:08,49,34,103,0
1/3/2023 23:23,48,35,102,0
1/3/2023 23:38,49,36,101,0
1/3/2023 23:53,50,37,100,0
1/4/2023 0:08,51,36,99,0
1/4/2023 0:23,50,37,100,0
1/4/2023 0:38,49,38,99,0
1/4/2023 0:53,50,37,98,0
1/4/2023 1:08,49,38,99,0
1/4/2023 1:23,50,39,100,0
1/4/2023 1:38,51,38,99,0
1/4/2023 1:53,52,39,98,0
1/4/2023 2:08,51,38,97,0
1/4/2023 2:23,52,37,96,0
1/4/2023 2:38,51,38,95,0
1/4/2023 2:53,52,37,96,0
1/4/2023 3:08,51,36,95,0
1/4/2023 3:23,50,35,96,0
1/4/2023 3:38,49,36,95,0
1/4/2023 3:53,50,37,96,0
1/4/2023 4:08,51,38,95,0
1/4/2023 4:23,52,37,96,0
1/4/2023 4:38,51,38,95,0
1/4/2023 4:53,50,37,96,0
1/4/2023 5:08,51,36,97,0
1/4/2023 5:23,52,35,96,0
1/4/2023 5:38,51,36,95,0
1/4/2023 5:53,52,35,96,0
1/4/2023 6:08,51,36,95,0
1/4/2023 6:23,52,35,94,0
1/4/2023 6:38,51,36,93,0
1/4/2023 6:53,50,35,94,0
1/4/2023 7:08,49,36,93,0
1/4/2023 7:23,50,35,94,0
1/4/2023 7:38,51,34,93,0
1/4/2023 7:53,52,35,92,0
1/4/2023 8:08,51,36,93,0
1/4/2023 8:23,50,37,92,0
1/4/2023 8:38,51,38,93,0
1/4/2023 8:53,52,39,94,0
1/4/2023 9:08,51,38,93,0
1/4/2023 9:23,52,39,92,0
1/4/2023 9:38,53,40,91,0
1/4/2023 9:53,52,39,90,0
1/4/2023 10:08,51,40,89,0
1/4/2023 10:23,50,41,90,0
1/4/2023 10:38,49,42,89,0
1/4/2023 10:53,48,41,90,0
1/4/2023 11:08,49,40,89,0
1/4/2023 11:23,48,41,90,0
1/4/2023 11:38,49,42,91,0
1/4/2023 11:53,50,41,90,0
1/4/2023 12:08,51,40,89,0
1/4/2023 12:23,52,41,90,0
1/4/2023 12:38,51,40,91,0
1/4/2023 12:53,52,39,90,0
1/4/2023 13:08,51,40,91,0
1/4/2023 13:23,52,39,92,0
1/4/2023 13:38,53,40,91,0
1/4/2023 13:53,54,41,92,0
1/4/2023 14:08,53,42,91,0
1/4/2023 14:23,52,41,92,0
1/4/2023 14:38,53,40,91,0
1/4/2023 14:53,54,39,90,0
1/4/2023 15:08,53,38,89,0
1/4/2023 15:23,54,37,90,0
1/4/2023 15:38,53,36,89,0
1/4/2023 15:53,52,35,90,0
1/4/2023 16:08,53,34,91,0
1/4/2023 16:23,54,35,92,0
1/4/2023 16:38,53,34,91,0
1/4/2023 16:53,54,33,90,0
1/4/2023 17:08,53,32,91,0
1/4/2023 17:23,54,33,92,0
1/4/2023 17:38,55,32,91,0
1/4/2023 17:53,54,31,90,0
1/4/2023 18:08,53,30,91,0
1/4/2023 18:23,54,30,92,0
1/4/2023 18:38,53,31,93,0
1/4/2023 18:53,54,30,92,0
1/4/2023 19:08,55,30,93,0
1/4/2023 19:23,56,30,94,0
1/4/2023 19:38,55,31,93,0
1/4/2023 19:53,54,30,92,0
1/4/2023 20:08,53,30,93,0
1/4/2023 20:23,52,30,92,0
1/4/2023 20:38,51,31,93,0
1/4/2023 20:53,50,32,92,0
1/4/2023 21:08,49,33,91,0
1/4/2023 21:23,50,32,90,0
1/4/2023 21:38,49,31,91,0
1/4/2023 21:53,50,30,92,0
1/4/2023 22:08,49,31,93,0
1/4/2023 22:23,50,30,92,0
1/4/2023 22:38,49,30,91,0
1/4/2023 22:53,50,31,92,0
1/4/2023 23:08,49,30,91,0
1/4/2023 23:23,48,31,92,0
1/4/2023 23:38,47,32,91,0
1/4/2023 23:53,48,33,90,0
1/5/2023 0:08,47,34,91,0
1/5/2023 0:23,46,35,90,0
1/5/2023 0:38,47,36,91,0
1/5/2023 0:53,46,35,92,0
1/5/2023 1:08,47,36,91,0
1/5/2023 1:23,46,37,90,0
1/5/2023 1:38,47,36,89,0
1/5/2023 1:53,46,37,88,0
1/5/2023 2:08,47,38,89,0
1/5/2023 2:23,48,39,88,0
1/5/2023 2:38,47,38,89,0
1/5/2023 2:53,48,39,90,0
1/5/2023 3:08,49,38,89,0
1/5/2023 3:23,48,39,90,0
1/5/2023 3:38,47,38,91,0
1/5/2023 3:53,46,39,92,0
1/5/2023 4:08,47,38,91,0
1/5/2023 4:23,48,37,92,0
1/5/2023 4:38,47,36,91,0
1/5/2023 4:53,48,35,92,0
1/5/2023 5:08,47,34,91,0
1/5/2023 5:23,48,35,90,0
1/5/2023 5:38,47,36,89,0
1/5/2023 5:53,46,35,88,0
1/5/2023 6:08,47,36,87,0
1/5/2023 6:23,46,35,88,0
1/5/2023 6:38,45,36,87,0
1/5/2023 6:53,46,37,86,0
1/5/2023 7:08,45,36,87,0
1/5/2023 7:23,44,37,86,0
1/5/2023 7:38,43,36,85,0
1/5/2023 7:53,42,35,84,0
1/5/2023 8:08,43,34,85,0
1/5/2023 8:23,42,33,84,0
1/5/2023 8:38,41,34,83,0
1/5/2023 8:53,40,35,84,0
1/5/2023 9:08,41,36,83,0
1/5/2023 9:23,42,35,84,0
1/5/2023 9:38,43,34,85,0
1/5/2023 9:53,44,35,86,0
1/5/2023 10:08,45,34,85,0
1/5/2023 10:23,44,33,86,0
1/5/2023 10:38,43,32,87,0
1/5/2023 10:53,44,33,86,0
1/5/2023 11:08,45,32,87,0
1/5/2023 11:23,44,31,86,0
1/5/2023 11:38,45,32,87,0
1/5/2023 11:53,44,33,88,0
1/5/2023 12:08,45,32,87,0
1/5/2023 12:23,44,33,86,0
1/5/2023 12:38,45,32,85,0
1/5/2023 12:53,46,31,84,0
1/5/2023 13:08,45,30,83,0
1/5/2023 13:23,44,31,84,0
1/5/2023 13:38,43,30,83,0
1/5/2023 13:53,42,31,84,0
1/5/2023 14:08,41,30,85,0
1/5/2023 14:23,42,30,86,0
1/5/2023 14:38,41,30,85,0
1/5/2023 14:53,40,31,86,0
1/5/2023 15:08,41,32,85,0
1/5/2023 15:23,42,33,84,0
1/5/2023 15:38,41,32,85,0
1/5/2023 15:53,40,31,84,0
1/5/2023 16:08,39,32,85,0
1/5/2023 16:23,38,31,86,0
1/5/2023 16:38,39,30,87,0
1/5/2023 16:53,40,31,86,0
1/5/2023 17:08,41,32,85,0
1/5/2023 17:23,40,33,84,0
1/5/2023 17:38,41,34,85,0
1/5/2023 17:53,42,35,84,0
1/5/2023 18:08,41,34,85,0
1/5/2023 18:23,42,35,84,0
1/5/2023 18:38,41,34,83,0
1/5/2023 18:53,40,35,84,0
1/5/2023 19:08,41,34,83,0
1/5/2023 19:23,40,35,84,0
1/5/2023 19:38,39,34,85,0
1/5/2023 19:53,40,35,84,0
1/5/2023 20:08,41,36,83,0
1/5/2023 20:23,40,37,84,0
1/5/2023 20:38,39,36,85,0
1/5/2023 20:53,38,35,86,0
1/5/2023 21:08,39,36,87,0
1/5/2023 21:23,38,37,88,0
1/5/2023 21:38,37,36,87,0
1/5/2023 21:53,38,37,88,0
1/5/2023 22:08,37,38,87,0
1/5/2023 22:23,36,37,86,0
1/5/2023 22:38,35,36,85,0
1/5/2023 22:53,36,37,84,0
1/5/2023 23:08,35,38,83,0
1/5/2023 23:23,34,37,84,0
1/5/2023 23:38,33,38,83,0
1/5/2023 23:53,32,37,82,0
1/6/2023 0:08,31,36,81,0
1/6/2023 0:23,30,35,80,0
1/6/2023 0:38,31,34,81,0
1/6/2023 0:53,32,33,80,0
1/6/2023 1:08,31,34,79,0
1/6/2023 1:23,30,35,80,0
1/6/2023 1:38,31,34,79,0
1/6/2023 1:53,30,35,78,0
1/6/2023 2:08,31,36,77,0
1/6/2023 2:23,30,35,78,0
1/6/2023 2:38,30,36,79,0
1/6/2023 2:53,31,37,80,0
1/6/2023 3:08,32,38,81,0
1/6/2023 3:23,33,37,82,0
1/6/2023 3:38,34,36,81,0
1/6/2023 3:53,35,35,80,0
1/6/2023 4:08,36,34,81,0
1/6/2023 4:23,35,33,82,0
1/6/2023 4:38,36,34,81,0
1/6/2023 4:53,35,35,80,0
1/6/2023 5:08,34,34,81,0
1/6/2023 5:23,33,33,80,0
1/6/2023 5:38,34,34,81,0
1/6/2023 5:53,33,35,82,0
1/6/2023 6:08,32,34,83,0
1/6/2023 6:23,33,33,82,0
1/6/2023 6:38,34,32,83,0
1/6/2023 6:53,33,33,82,0
1/6/2023 7:08,32,32,83,0
1/6/2023 7:23,31,31,84,0
1/6/2023 7:38,32,30,83,0
1/6/2023 7:53,31,30,82,0
1/6/2023 8:08,32,31,83,0
1/6/2023 8:23,31,32,82,0
1/6/2023 8:38,30,31,81,0
1/6/2023 8:53,31,32,80,0
1/6/2023 9:08,32,31,81,0
1/6/2023 9:23,31,30,82,0
1/6/2023 9:38,32,30,81,0
1/6/2023 9:53,33,31,80,0
1/6/2023 10:08,32,32,81,0
1/6/2023 10:23,33,31,82,0
1/6/2023 10:38,32,32,81,0
1/6/2023 10:53,31,33,80,0
1/6/2023 11:08,30,34,81,0
1/6/2023 11:23,30,35,82,0
1/6/2023 11:38,30,34,81,0
1/6/2023 11:53,31,35,82,0
1/6/2023 12:08,32,34,83,0
1/6/2023 12:23,33,33,82,0
1/6/2023 12:38,34,32,83,0
1/6/2023 12:53,35,33,84,0
1/6/2023 13:08,36,32,83,0
1/6/2023 13:23,35,33,84,0
1/6/2023 13:38,34,32,85,0
1/6/2023 13:53,33,31,84,0
1/6/2023 14:08,32,30,83,0
1/6/2023 14:23,33,31,82,0
1/6/2023 14:38,32,30,83,0
1/6/2023 14:53,33,30,84,0
1/6/2023 15:08,32,31,83,0
1/6/2023 15:23,31,32,82,0
1/6/2023 15:38,32,31,83,0
1/6/2023 15:53,31,30,82,0
1/6/2023 16:08,30,31,81,0
1/6/2023 16:23,31,30,82,0
1/6/2023 16:38,32,31,83,0
1/6/2023 16:53,33,32,82,0
1/6/2023 17:08,32,33,83,0
1/6/2023 17:23,33,32,84,0
1/6/2023 17:38,32,33,83,0
1/6/2023 17:53,33,34,82,0
1/6/2023 18:08,34,33,81,0
1/6/2023 18:23,33,32,82,0
1/6/2023 18:38,32,33,81,0
1/6/2023 18:53,33,32,82,0
1/6/2023 19:08,34,33,81,0
1/6/2023 19:23,33,34,80,55
1/6/2023 19:38,32,35,81,54
1/6/2023 19:53,31,36,80,53
1/6/2023 20:08,30,35,81,54
1/6/2023 20:23,31,36,82,55
1/6/2023 20:38,32,35,83,54
1/6/2023 20:53,33,34,84,55
1/6/2023 21:08,34,33,85,56
1/6/2023 21:23,33,34,86,57
1/6/2023 21:38,34,35,87,56
1/6/2023 21:53,33,36,88,55
1/6/2023 22:08,32,37,87,54
1/6/2023 22:23,31,36,86,53
1/6/2023 22:38,30,37,85,54
1/6/2023 22:53,30,36,84,53
1/6/2023 23:08,30,37,85,54
1/6/2023 23:23,31,38,84,53
1/6/2023 23:38,32,39,83,52
1/6/2023 23:53,33,40,84,53
1/7/2023 0:08,34,41,83,54
1/7/2023 0:23,35,40,82,55
1/7/2023 0:38,36,39,81,54
1/7/2023 0:53,35,40,80,53
1/7/2023 1:08,36,39,81,52
1/7/2023 1:23,37,40,80,53
1/7/2023 1:38,38,39,81,52
1/7/2023 1:53,37,40,80,51
1/7/2023 2:08,36,41,79,52
1/7/2023 2:23,37,40,80,53
1/7/2023 2:38,38,41,79,54
1/7/2023 2:53,39,42,80,53
1/7/2023 3:08,40,41,79,52
1/7/2023 3:23,39,40,80,51
1/7/2023 3:38,38,39,79,52
1/7/2023 3:53,39,38,80,51
1/7/2023 4:08,40,39,81,52
1/7/2023 4:23,41,40,80,51
1/7/2023 4:38,40,41,79,52
1/7/2023 4:53,41,40,80,51
1/7/2023 5:08,40,41,81,52
1/7/2023 5:23,41,40,80,53
1/7/2023 5:38,42,41,79,54
1/7/2023 5:53,43,40,78,53
1/7/2023 6:08,44,41,79,52
1/7/2023 6:23,45,42,80,51
1/7/2023 6:38,44,41,81,50
1/7/2023 6:53,43,42,80,49
1/7/2023 7:08,42,43,81,50
1/7/2023 7:23,43,44,82,51
1/7/2023 7:38,44,43,81,52
1/7/2023 7:53,45,42,80,53
1/7/2023 8:08,44,41,79,54
1/7/2023 8:23,43,42,80,55
1/7/2023 8:38,42,43,79,56
1/7/2023 8:53,43,42,80,57
1/7/2023 9:08,42,41,81,58
1/7/2023 9:23,43,42,80,57
1/7/2023 9:38,42,43,81,56
1/7/2023 9:53,43,42,80,55
1/7/2023 10:08,44,43,79,56
1/7/2023 10:23,45,44,80,55
1/7/2023 10:38,44,43,79,56
1/7/2023 10:53,45,44,80,55
1/7/2023 11:08,46,45,81,54
1/7/2023 11:23,45,46,80,53
1/7/2023 11:38,44,47,81,54
1/7/2023 11:53,43,48,82,53
1/7/2023 12:08,42,49,83,54
1/7/2023 12:23,41,50,84,55
1/7/2023 12:38,40,51,85,56
1/7/2023 12:53,41,52,84,55
1/7/2023 13:08,40,53,83,56
1/7/2023 13:23,39,52,82,57
1/7/2023 13:38,38,51,81,56
1/7/2023 13:53,37,52,80,55
1/7/2023 14:08,36,53,81,54
1/7/2023 14:23,37,54,82,55
1/7/2023 14:38,38,55,83,54
1/7/2023 14:53,39,54,84,53
1/7/2023 15:08,40,55,85,54
1/7/2023 15:23,39,56,86,55
1/7/2023 15:38,38,55,87,54
1/7/2023 15:53,39,56,88,53
1/7/2023 16:08,38,55,87,52
1/7/2023 16:23,39,54,88,53
1/7/2023 16:38,40,53,87,54
1/7/2023 16:53,41,54,88,55
1/7/2023 17:08,42,55,87,56
1/7/2023 17:23,43,54,88,55
1/7/2023 17:38,42,55,89,56
1/7/2023 17:53,43,56,90,57
1/7/2023 18:08,44,57,91,56
1/7/2023 18:23,43,56,92,57
1/7/2023 18:38,44,55,93,56
1/7/2023 18:53,43,54,92,57
1/7/2023 19:08,42,55,93,58
1/7/2023 19:23,41,54,92,57
1/7/2023 19:38,42,53,91,58
1/7/2023 19:53,43,52,92,57
1/7/2023 20:08,44,51,91,56
1/7/2023 20:23,43,52,90,55
1/7/2023 20:38,42,51,91,54
1/7/2023 20:53,43,50,90,53
1/7/2023 21:08,42,51,89,54
1/7/2023 21:23,41,52,88,55
1/7/2023 21:38,42,53,87,54
1/7/2023 21:53,41,54,86,53
1/7/2023 22:08,40,55,87,54
1/7/2023 22:23,41,54,86,55
1/7/2023 22:38,40,53,87,54
1/7/2023 22:53,41,52,86,53
1/7/2023 23:08,42,53,85,52
1/7/2023 23:23,43,54,86,51
1/7/2023 23:38,42,53,85,50
1/7/2023 23:53,43,52,84,51
1/8/2023 0:08,44,51,85,52
1/8/2023 0:23,43,52,86,51
1/8/2023 0:38,44,51,87,50
1/8/2023 0:53,45,50,88,49
1/8/2023 1:08,44,51,89,48
1/8/2023 1:23,45,52,90,47
1/8/2023 1:38,46,51,91,48
1/8/2023 1:53,47,52,92,49
1/8/2023 2:08,46,51,91,50
1/8/2023 2:23,45,50,90,51
1/8/2023 2:38,46,51,91,52
1/8/2023 2:53,45,50,92,51
1/8/2023 3:08,44,51,91,52
1/8/2023 3:23,45,50,92,51
1/8/2023 3:38,44,51,91,50
1/8/2023 3:53,45,52,92,51
1/8/2023 4:08,44,53,91,50
1/8/2023 4:23,45,52,92,51
1/8/2023 4:38,46,53,93,52
1/8/2023 4:53,45,52,94,53
1/8/2023 5:08,44,53,95,54
1/8/2023 5:23,43,52,94,53
1/8/2023 5:38,42,51,93,52
1/8/2023 5:53,41,50,94,51
1/8/2023 6:08,42,49,93,50
1/8/2023 6:23,41,50,94,49
1/8/2023 6:38,42,51,93,48
1/8/2023 6:53,43,52,92,47
1/8/2023 7:08,44,51,91,46
1/8/2023 7:23,45,52,90,47
1/8/2023 7:38,44,51,91,48
1/8/2023 7:53,45,50,90,49
1/8/2023 8:08,44,51,89,48
1/8/2023 8:23,45,50,90,47
1/8/2023 8:38,46,51,89,48
1/8/2023 8:53,45,52,90,47
1/8/2023 9:08,44,53,89,46
1/8/2023 9:23,43,54,90,45
1/8/2023 9:38,44,55,89,46
1/8/2023 9:53,45,56,88,47
1/8/2023 10:08,44,55,87,46
1/8/2023 10:23,43,54,86,45
1/8/2023 10:38,44,55,87,44
1/8/2023 10:53,45,54,86,43
1/8/2023 11:08,44,53,87,42
1/8/2023 11:23,43,54,86,41
1/8/2023 11:38,44,55,87,42
1/8/2023 11:53,43,54,86,43
1/8/2023 12:08,44,55,85,44
1/8/2023 12:23,43,54,84,43
1/8/2023 12:38,42,53,83,42
1/8/2023 12:53,43,54,82,41
1/8/2023 13:08,44,53,83,42
1/8/2023 13:23,45,52,82,43
1/8/2023 13:38,46,53,81,44
1/8/2023 13:53,45,52,82,43
1/8/2023 14:08,44,51,83,42
1/8/2023 14:23,43,52,84,41
1/8/2023 14:38,42,51,85,40
1/8/2023 14:53,41,52,86,39
1/8/2023 15:08,40,53,85,40
1/8/2023 15:23,41,54,86,39
1/8/2023 15:38,42,55,85,38
1/8/2023 15:53,43,54,84,37
1/8/2023 16:08,44,53,83,38
1/8/2023 16:23,43,52,82,39
1/8/2023 16:38,42,53,81,38
1/8/2023 16:53,43,52,80,37
1/8/2023 17:08,44,53,79,38
1/8/2023 17:23,43,54,80,39
1/8/2023 17:38,42,55,81,38
1/8/2023 17:53,43,56,82,39
1/8/2023 18:08,42,55,81,40
1/8/2023 18:23,43,56,82,41
1/8/2023 18:38,44,57,81,40
1/8/2023 18:53,43,58,82,39
1/8/2023 19:08,44,59,83,38
1/8/2023 19:23,45,58,84,39
1/8/2023 19:38,46,57,83,40
1/8/2023 19:53,45,58,84,41
1/8/2023 20:08,46,57,85,40
1/8/2023 20:23,45,56,86,41
1/8/2023 20:38,44,57,87,40
1/8/2023 20:53,43,58,88,41
1/8/2023 21:08,44,59,89,42
1/8/2023 21:23,43,60,90,43
1/8/2023 21:38,42,59,91,44
1/8/2023 21:53,43,58,90,43
1/8/2023 22:08,42,57,89,42
1/8/2023 22:23,41,58,90,43
1/8/2023 22:38,42,57,91,42
1/8/2023 22:53,43,56,92,43
1/8/2023 23:08,42,55,93,44
1/8/2023 23:23,41,54,92,45
1/8/2023 23:38,42,55,91,44
1/8/2023 23:53,41,56,90,43
1/9/2023 0:08,40,55,89,44
1/9/2023 0:23,41,56,90,43
1/9/2023 0:38,42,57,91,42
1/9/2023 0:53,41,58,92,43
1/9/2023 1:08,42,57,93,42
1/9/2023 1:23,41,58,94,41
1/9/2023 1:38,42,57,95,42
1/9/2023 1:53,43,56,96,43
1/9/2023 2:08,42,57,97,44
1/9/2023 2:23,41,56,96,43
1/9/2023 2:38,42,57,97,44
1/9/2023 2:53,41,56,96,45
1/9/2023 3:08,42,55,95,44
1/9/2023 3:23,41,56,96,45
1/9/2023 3:38,40,57,97,44
1/9/2023 3:53,39,56,96,43
1/9/2023 4:08,38,57,95,44
1/9/2023 4:23,39,58,94,43
1/9/2023 4:38,38,57,93,42
1/9/2023 4:53,37,58,92,41
1/9/2023 5:08,36,57,91,40
1/9/2023 5:23,37,58,90,39
1/9/2023 5:38,38,57,91,40
1/9/2023 5:53,39,56,92,39
1/9/2023 6:08,40,57,91,38
1/9/2023 6:23,41,58,90,37
1/9/2023 6:38,42,59,91,38
1/9/2023 6:53,41,60,90,39
1/9/2023 7:08,40,61,89,40
1/9/2023 7:23,41,60,90,39
1/9/2023 7:38,42,59,91,40
1/9/2023 7:53,41,60,90,41
1/9/2023 8:08,40,59,89,42
1/9/2023 8:23,39,58,88,43
1/9/2023 8:38,38,57,89,44
1/9/2023 8:53,37,58,90,43
1/9/2023 9:08,36,57,89,44
1/9/2023 9:23,37,56,90,43
1/9/2023 9:38,36,57,89,42
1/9/2023 9:53,35,56,88,41
1/9/2023 10:08,36,55,89,40
1/9/2023 10:23,37,54,88,39
1/9/2023 10:38,36,53,87,40
1/9/2023 10:53,35,54,86,41
1/9/2023 11:08,34,53,85,42
1/9/2023 11:23,33,52,86,43
1/9/2023 11:38,32,53,85,44
1/9/2023 11:53,33,54,86,45
1/9/2023 12:08,32,55,85,46
1/9/2023 12:23,31,54,84,47
1/9/2023 12:38,30,55,85,46
1/9/2023 12:53,30,54,84,45
1/9/2023 13:08,30,53,83,44
1/9/2023 13:23,31,52,84,45
1/9/2023 13:38,30,51,83,44
1/9/2023 13:53,31,50,82,45
1/9/2023 14:08,30,51,81,44
1/9/2023 14:23,31,50,80,43
1/9/2023 14:38,32,51,79,42
1/9/2023 14:53,33,50,78,41
1/9/2023 15:08,34,49,77,40
1/9/2023 15:23,35,50,78,41
1/9/2023 15:38,36,51,79,40
1/9/2023 15:53,37,52,80,41
1/9/2023 16:08,38,51,79,42
1/9/2023 16:23,39,50,78,41
1/9/2023 16:38,40,51,79,42
1/9/2023 16:53,41,50,78,41
1/9/2023 17:08,42,49,77,40
1/9/2023 17:23,43,48,78,41
1/9/2023 17:38,42,47,79,40
1/9/2023 17:53,41,48,80,41
1/9/2023 18:08,40,47,81,40
1/9/2023 18:23,39,46,82,39
1/9/2023 18:38,38,47,83,40
1/9/2023 18:53,39,46,82,39
1/9/2023 19:08,40,45,83,40
1/9/2023 19:23,39,44,82,39
1/9/2023 19:38,40,43,81,38
1/9/2023 19:53,41,44,80,39
1/9/2023 20:08,40,45,79,38
1/9/2023 20:23,39,44,78,37
1/9/2023 20:38,40,43,79,38
1/9/2023 20:53,39,44,78,37
1/9/2023 21:08,40,45,77,36
1/9/2023 21:23,39,44,76,35
1/9/2023 21:38,38,43,75,36
1/9/2023 21:53,37,42,74,35
1/9/2023 22:08,38,43,73,34
1/9/2023 22:23,39,42,72,35
1/9/2023 22:38,40,43,71,36
1/9/2023 22:53,41,42,72,35
1/9/2023 23:08,42,41,71,36
1/9/2023 23:23,41,40,72,35
1/9/2023 23:38,42,39,71,34
1/9/2023 23:53,41,40,70,33
1/10/2023 0:08,40,41,71,32
1/10/2023 0:23,39,40,70,31
1/10/2023 0:38,38,41,69,32
1/10/2023 0:53,39,42,70,33
1/10/2023 1:08,40,41,71,32
1/10/2023 1:23,41,40,72,31
1/10/2023 1:38,40,39,73,32
1/10/2023 1:53,39,38,74,33
1/10/2023 2:08,38,39,73,34
1/10/2023 2:23,39,38,74,33
1/10/2023 2:38,40,39,73,32
1/10/2023 2:53,39,38,74,31
1/10/2023 3:08,40,37,73,32
1/10/2023 3:23,41,38,72,31
1/10/2023 3:38,42,39,73,32
1/10/2023 3:53,41,40,72,33
1/10/2023 4:08,40,41,73,34
1/10/2023 4:23,41,40,74,33
1/10/2023 4:38,42,41,75,32
1/10/2023 4:53,41,42,76,31
1/10/2023 5:08,40,43,75,32
1/10/2023 5:23,41,42,74,33
1/10/2023 5:38,40,41,73,32
1/10/2023 5:53,39,40,72,33
1/10/2023 6:08,40,39,73,32
1/10/2023 6:23,39,40,72,33
1/10/2023 6:38,40,39,71,34
1/10/2023 6:53,39,38,70,35
1/10/2023 7:08,38,39,71,34
1/10/2023 7:23,39,40,70,35
1/10/2023 7:38,38,41,71,36
1/10/2023 7:53,37,40,70,37
1/10/2023 8:08,36,39,69,36
1/10/2023 8:23,37,38,68,35
1/10/2023 8:38,38,37,67,36
1/10/2023 8:53,39,36,66,37
1/10/2023 9:08,38,35,65,38
1/10/2023 9:23,37,36,66,39
1/10/2023 9:38,38,35,67,40
1/10/2023 9:53,37,34,68,41
1/10/2023 10:08,36,35,67,40
1/10/2023 10:23,35,36,66,41
1/10/2023 10:38,34,37,65,40
1/10/2023 10:53,33,36,66,39
1/10/2023 11:08,32,37,65,40
1/10/2023 11:23,33,36,66,39
1/10/2023 11:38,34,37,65,38
1/10/2023 11:53,35,38,66,37
1/10/2023 12:08,36,39,67,36
1/10/2023 12:23,35,40,66,35
1/10/2023 12:38,34,41,65,36
1/10/2023 12:53,35,40,64,35
1/10/2023 13:08,36,41,63,34
1/10/2023 13:23,35,40,62,33
1/10/2023 13:38,34,41,63,34
1/10/2023 13:53,35,42,64,35
1/10/2023 14:08,34,43,63,36
1/10/2023 14:23,33,44,62,35
1/10/2023 14:38,32,45,63,36
1/10/2023 14:53,31,44,62,37
1/10/2023 15:08,30,43,61,36
1/10/2023 15:23,30,44,62,35
1/10/2023 15:38,30,45,61,36
1/10/2023 15:53,30,46,60,35
1/10/2023 16:08,31,47,61,36
1/10/2023 16:23,30,46,60,37
1/10/2023 16:38,31,45,61,36
1/10/2023 16:53,32,44,60,35
1/10/2023 17:08,33,43,59,34
1/10/2023 17:23,34,44,58,33
1/10/2023 17:38,35,45,57,34
1/10/2023 17:53,36,46,56,35
1/10/2023 18:08,37,45,55,34
1/10/2023 18:23,38,46,54,33
1/10/2023 18:38,37,45,55,34
1/10/2023 18:53,36,44,56,33
1/10/2023 19:08,37,45,57,32
1/10/2023 19:23,38,46,56,31
1/10/2023 19:38,37,45,57,32
1/10/2023 19:53,36,46,56,33
1/10/2023 20:08,37,45,55,32
1/10/2023 20:23,36,44,56,31
1/10/2023 20:38,37,45,55,32
1/10/2023 20:53,38,46,54,31
1/10/2023 21:08,39,47,55,32
1/10/2023 21:23,40,48,56,31
1/10/2023 21:38,41,49,57,32
1/10/2023 21:53,40,50,56,31
1/10/2023 22:08,39,51,55,32
1/10/2023 22:23,38,52,56,33
1/10/2023 22:38,39,51,57,34
1/10/2023 22:53,38,52,56,33
1/10/2023 23:08,37,51,55,34
1/10/2023 23:23,38,52,54,35
1/10/2023 23:38,39,51,55,34
1/10/2023 23:53,38,52,56,33
1/11/2023 0:08,37,53,57,34
1/11/2023 0:23,38,52,56,33
1/11/2023 0:38,37,53,55,32
1/11/2023 0:53,36,52,54,31
1/11/2023 1:08,35,51,53,30
1/11/2023 1:23,36,52,52,29
1/11/2023 1:38,35,53,51,30
1/11/2023 1:53,34,52,50,29
1/11/2023 2:08,35,51,49,28
1/11/2023 2:23,34,52,50,27
1/11/2023 2:38,35,51,51,28
1/11/2023 2:53,34,52,52,29
1/11/2023 3:08,33,53,51,30
1/11/2023 3:23,34,52,50,31
1/11/2023 3:38,33,51,49,30
1/11/2023 3:53,34,52,48,29
1/11/2023 4:08,33,53,49,28
1/11/2023 4:23,34,52,48,29
1/11/2023 4:38,33,53,49,30
1/11/2023 4:53,34,52,50,31
1/11/2023 5:08,35,51,51,30
1/11/2023 5:23,34,50,52,29
1/11/2023 5:38,35,49,53,28
1/11/2023 5:53,36,50,54,27
1/11/2023 6:08,35,51,53,28
1/11/2023 6:23,36,50,54,29
1/11/2023 6:38,35,49,53,30
1/11/2023 6:53,34,48,52,31
1/11/2023 7:08,33,49,53,32
1/11/2023 7:23,34,50,54,33
1/11/2023 7:38,35,51,53,34
1/11/2023 7:53,34,50,52,35
1/11/2023 8:08,35,51,51,36
1/11/2023 8:23,34,52,52,37
1/11/2023 8:38,33,51,53,36
1/11/2023 8:53,32,50,54,37
1/11/2023 9:08,31,49,55,36
1/11/2023 9:23,30,50,56,37
1/11/2023 9:38,31,49,55,36
1/11/2023 9:53,30,50,54,37
1/11/2023 10:08,30,51,55,38
1/11/2023 10:23,30,52,56,39
1/11/2023 10:38,30,51,57,40
1/11/2023 10:53,31,52,58,39
1/11/2023 11:08,30,51,59,38
1/11/2023 11:23,30,50,58,37
1/11/2023 11:38,30,51,57,38
1/11/2023 11:53,31,52,58,39
1/11/2023 12:08,30,51,59,38
1/11/2023 12:23,31,52,58,39
1/11/2023 12:38,30,53,59,38
1/11/2023 12:53,30,54,60,39
1/11/2023 13:08,31,53,59,40
1/11/2023 13:23,30,52,58,41
1/11/2023 13:38,30,51,57,40
1/11/2023 13:53,31,52,56,39
1/11/2023 14:08,32,53,55,38
1/11/2023 14:23,33,54,56,37
1/11/2023 14:38,32,53,55,38
1/11/2023 14:53,33,52,56,37
1/11/2023 15:08,32,51,55,38
1/11/2023 15:23,33,52,54,39
1/11/2023 15:38,32,53,53,40
1/11/2023 15:53,31,52,52,41
1/11/2023 16:08,32,51,51,40
1/11/2023 16:23,31,50,52,41
1/11/2023 16:38,30,49,53,42
1/11/2023 16:53,31,50,54,41
1/11/2023 17:08,30,49,53,42
1/11/2023 17:23,30,48,54,41
1/11/2023 17:38,31,47,55,40
1/11/2023 17:53,30,46,56,41
1/11/2023 18:08,30,47,55,40
1/11/2023 18:23,31,46,56,39
1/11/2023 18:38,30,47,55,40
1/11/2023 18:53,30,48,54,39
1/11/2023 19:08,31,49,55,40
1/11/2023 19:23,32,48,56,41
1/11/2023 19:38,31,47,55,40
1/11/2023 19:53,32,48,54,41
1/11/2023 20:08,33,49,53,40
1/11/2023 20:23,34,50,54,41
1/11/2023 20:38,33,51,55,42
1/11/2023 20:53,32,52,56,41
1/11/2023 21:08,31,53,57,42
1/11/2023 21:23,32,52,56,43
1/11/2023 21:38,31,53,57,42
1/11/2023 21:53,32,52,56,43
1/11/2023 22:08,33,51,55,42
1/11/2023 22:23,32,52,54,43
1/11/2023 22:38,33,51,55,44
1/11/2023 22:53,34,52,56,45
1/11/2023 23:08,35,51,57,46
1/11/2023 23:23,36,50,58,47
1/11/2023 23:38,35,51,57,48
1/11/2023 23:53,34,52,56,49
1/12/2023 0:08,35,51,57,48
1/12/2023 0:23,34,50,56,49
1/12/2023 0:38,35,49,57,48
1/12/2023 0:53,36,48,56,49
1/12/2023 1:08,35,47,55,50
1/12/2023 1:23,36,48,54,51
1/12/2023 1:38,37,49,55,52
1/12/2023 1:53,38,48,54,51
1/12/2023 2:08,37,47,53,52
1/12/2023 2:23,36,48,54,53
1/12/2023 2:38,37,49,53,54
1/12/2023 2:53,38,48,52,53
1/12/2023 3:08,39,49,53,54
1/12/2023 3:23,38,50,52,53
1/12/2023 3:38,39,51,51,52
1/12/2023 3:53,40,50,50,53
1/12/2023 4:08,41,49,49,54
1/12/2023 4:23,42,50,50,55
1/12/2023 4:38,43,51,51,56
1/12/2023 4:53,42,52,50,55
1/12/2023 5:08,43,51,51,54
1/12/2023 5:23,42,52,52,53
1/12/2023 5:38,41,53,53,52
1/12/2023 5:53,42,52,52,53
1/12/2023 6:08,41,53,51,54
1/12/2023 6:23,40,52,50,53
1/12/2023 6:38,41,53,49,52
1/12/2023 6:53,42,52,48,51
1/12/2023 7:08,41,53,49,52
1/12/2023 7:23,40,54,50,51
1/12/2023 7:38,39,53,51,50
1/12/2023 7:53,40,52,52,49
1/12/2023 8:08,41,53,51,48
1/12/2023 8:23,40,54,52,47
1/12/2023 8:38,39,53,53,48
1/12/2023 8:53,38,54,52,49
1/12/2023 9:08,39,53,53,50
1/12/2023 9:23,38,52,54,49
1/12/2023 9:38,37,53,53,48
1/12/2023 9:53,36,54,54,47
1/12/2023 10:08,37,55,53,48
1/12/2023 10:23,38,56,52,49
1/12/2023 10:38,39,55,53,50
1/12/2023 10:53,40,54,52,49
1/12/2023 11:08,39,53,53,50
1/12/2023 11:23,38,54,52,49
1/12/2023 11:38,39,53,53,48
1/12/2023 11:53,40,52,54,47
1/12/2023 12:08,39,53,53,46
1/12/2023 12:23,40,54,54,47
1/12/2023 12:38,41,53,53,46
1/12/2023 12:53,40,52,52,47
1/12/2023 13:08,39,51,51,46
1/12/2023 13:23,38,52,50,45
1/12/2023 13:38,37,51,49,46
1/12/2023 13:53,38,52,48,47
1/12/2023 14:08,37,51,47,48
1/12/2023 14:23,38,52,48,47
1/12/2023 14:38,37,53,47,48
1/12/2023 14:53,36,54,46,49
1/12/2023 15:08,35,55,47,48
1/12/2023 15:23,36,54,46,47
1/12/2023 15:38,35,55,45,48
1/12/2023 15:53,34,54,46,49
1/12/2023 16:08,35,53,45,48
1/12/2023 16:23,36,54,44,49
1/12/2023 16:38,37,55,45,50
1/12/2023 16:53,38,56,46,49
1/12/2023 17:08,39,57,45,48
1/12/2023 17:23,40,58,46,49
1/12/2023 17:38,39,59,45,50
1/12/2023 17:53,38,58,44,49
1/12/2023 18:08,37,57,45,48
1/12/2023 18:23,36,58,46,47
1/12/2023 18:38,37,57,47,48
1/12/2023 18:53,38,58,46,47
1/12/2023 19:08,39,59,45,48
1/12/2023 19:23,38,58,44,49
1/12/2023 19:38,39,57,45,50
1/12/2023 19:53,40,58,44,51
1/12/2023 20:08,39,57,43,0
1/12/2023 20:23,38,56,42,0
1/12/2023 20:38,39,55,43,0
1/12/2023 20:53,40,56,44,0
1/12/2023 21:08,41,55,43,0
1/12/2023 21:23,42,54,44,0
1/12/2023 21:38,43,55,45,0
1/12/2023 21:53,42,56,44,0
1/12/2023 22:08,43,55,45,0
1/12/2023 22:23,42,54,46,0
1/12/2023 22:38,41,55,45,0
1/12/2023 22:53,42,54,46,0
1/12/2023 23:08,43,55,47,0
1/12/2023 23:23,44,54,46,0
1/12/2023 23:38,43,53,47,0
1/12/2023 23:53,44,52,46,0
1/13/2023 0:08,43,51,47,0
1/13/2023 0:23,44,50,48,0
1/13/2023 0:38,43,49,47,0
1/13/2023 0:53,44,50,46,0
1/13/2023 1:08,43,49,45,0
1/13/2023 1:23,42,48,44,0
1/13/2023 1:38,43,49,43,0
1/13/2023 1:53,44,50,44,0
1/13/2023 2:08,43,51,45,0
1/13/2023 2:23,44,50,46,0
1/13/2023 2:38,45,49,45,0
1/13/2023 2:53,44,50,44,0
1/13/2023 3:08,45,49,43,0
1/13/2023 3:23,46,50,44,0
1/13/2023 3:38,47,49,43,0
1/13/2023 3:53,46,50,44,0
1/13/2023 4:08,47,49,43,0
1/13/2023 4:23,46,48,44,0
1/13/2023 4:38,47,49,43,0
1/13/2023 4:53,46,50,44,0
1/13/2023 5:08,47,49,45,0
1/13/2023 5:23,46,48,46,0
1/13/2023 5:38,47,47,47,0
1/13/2023 5:53,46,46,48,0
1/13/2023 6:08,45,45,47,0
1/13/2023 6:23,44,46,46,0
1/13/2023 6:38,45,47,47,0
1/13/2023 6:53,44,46,48,0
1/13/2023 7:08,45,45,49,0
1/13/2023 7:23,44,46,50,0
1/13/2023 7:38,45,45,51,0
1/13/2023 7:53,44,44,52,0
1/13/2023 8:08,43,45,51,0
1/13/2023 8:23,42,46,50,0
1/13/2023 8:38,43,47,49,0
1/13/2023 8:53,42,46,48,0
1/13/2023 9:08,43,47,47,0
1/13/2023 9:23,44,48,46,0
1/13/2023 9:38,45,47,45,0
1/13/2023 9:53,46,46,44,0
1/13/2023 10:08,45,47,45,0
1/13/2023 10:23,44,46,46,0
1/13/2023 10:38,43,45,45,0
1/13/2023 10:53,42,46,46,0
1/13/2023 11:08,43,47,45,0
1/13/2023 11:23,42,48,44,0
1/13/2023 11:38,41,47,43,0
1/13/2023 11:53,40,46,44,0
1/13/2023 12:08,41,45,45,0
1/13/2023 12:23,40,46,46,0
1/13/2023 12:38,39,45,45,0
1/13/2023 12:53,40,46,44,0
1/13/2023 13:08,39,45,43,0
1/13/2023 13:23,38,46,42,0
1/13/2023 13:38,39,45,41,0
1/13/2023 13:53,40,44,42,0
1/13/2023 14:08,41,45,43,0
1/13/2023 14:23,42,46,44,0
1/13/2023 14:38,41,47,45,0
1/13/2023 14:53,40,48,46,0
1/13/2023 15:08,41,47,45,0
1/13/2023 15:23,42,46,46,0
1/13/2023 15:38,41,45,47,0
1/13/2023 15:53,42,46,48,0
1/13/2023 16:08,43,45,47,0
1/13/2023 16:23,44,46,48,0
1/13/2023 16:38,45,45,49,0
1/13/2023 16:53,44,44,50,0
1/13/2023 17:08,43,45,49,0
1/13/2023 17:23,42,44,50,0
1/13/2023 17:38,41,43,51,0
1/13/2023 17:53,42,42,52,0
1/13/2023 18:08,41,43,51,0
1/13/2023 18:23,40,44,50,0
1/13/2023 18:38,39,43,51,0
1/13/2023 18:53,38,42,52,0
1/13/2023 19:08,37,43,51,0
1/13/2023 19:23,38,42,52,0
1/13/2023 19:38,39,43,51,0
1/13/2023 19:53,38,44,50,0
1/13/2023 20:08,39,43,51,0
1/13/2023 20:23,40,42,50,0
1/13/2023 20:38,41,41,49,0
1/13/2023 20:53,40,40,50,0
1/13/2023 21:08,39,41,51,0
1/13/2023 21:23,40,40,52,0
1/13/2023 21:38,41,41,53,0
1/13/2023 21:53,40,40,54,0
1/13/2023 22:08,39,41,55,0
1/13/2023 22:23,40,40,54,0
1/13/2023 22:38,39,39,55,0
1/13/2023 22:53,40,38,56,0
1/13/2023 23:08,41,37,57,0
1/13/2023 23:23,42,38,56,0
1/13/2023 23:38,41,39,57,0
1/13/2023 23:53,42,40,56,0
1/14/2023 0:08,41,41,55,0
1/14/2023 0:23,40,40,54,0
1/14/2023 0:38,41,41,53,0
1/14/2023 0:53,40,40,54,0
1/14/2023 1:08,39,39,55,0
1/14/2023 1:23,38,38,56,0
1/14/2023 1:38,39,37,55,0
1/14/2023 1:53,38,38,56,0
1/14/2023 2:08,39,37,57,0
1/14/2023 2:23,38,38,56,0
1/14/2023 2:38,37,37,57,0
1/14/2023 2:53,36,36,58,0
1/14/2023 3:08,37,37,59,0
1/14/2023 3:23,38,38,58,0
1/14/2023 3:38,39,37,59,0
1/14/2023 3:53,40,36,58,0
1/14/2023 4:08,41,35,57,0
1/14/2023 4:23,42,36,58,0
1/14/2023 4:38,41,35,57,0
1/14/2023 4:53,40,34,58,0
1/14/2023 5:08,39,33,57,0
1/14/2023 5:23,38,32,56,0
1/14/2023 5:38,37,33,55,0
1/14/2023 5:53,38,34,56,0
1/14/2023 6:08,37,35,57,0
1/14/2023 6:23,38,36,58,0
1/14/2023 6:38,39,37,59,0
1/14/2023 6:53,40,36,58,0
1/14/2023 7:08,39,37,59,0
1/14/2023 7:23,38,38,58,0
1/14/2023 7:38,39,39,57,0
1/14/2023 7:53,40,38,58,0
1/14/2023 8:08,41,39,57,0
1/14/2023 8:23,42,38,58,0
1/14/2023 8:38,43,39,57,0
1/14/2023 8:53,44,40,56,0
1/14/2023 9:08,43,41,55,0
1/14/2023 9:23,42,40,54,0
1/14/2023 9:38,43,41,55,0
1/14/2023 9:53,42,40,56,0
1/14/2023 10:08,43,39,55,0
1/14/2023 10:23,44,38,54,0
1/14/2023 10:38,45,39,55,0
1/14/2023 10:53,44,40,56,0
1/14/2023 11:08,43,39,55,0
1/14/2023 11:23,42,40,56,0
1/14/2023 11:38,43,41,57,0
1/14/2023 11:53,42,40,58,0
1/14/2023 12:08,41,41,59,0
1/14/2023 12:23,42,42,60,0
1/14/2023 12:38,43,43,61,0
1/14/2023 12:53,44,44,60,0
1/14/2023 13:08,45,43,59,0
1/14/2023 13:23,44,42,58,0
1/14/2023 13:38,45,43,57,0
1/14/2023 13:53,46,42,58,0
1/14/2023 14:08,45,43,59,0
1/14/2023 14:23,44,44,58,0
1/14/2023 14:38,45,43,57,0
1/14/2023 14:53,44,42,58,0
1/14/2023 15:08,45,41,59,0
1/14/2023 15:23,44,42,60,0
1/14/2023 15:38,43,41,59,0
1/14/2023 15:53,44,40,60,0
1/14/2023 16:08,45,41,61,0
1/14/2023 16:23,44,42,60,0
1/14/2023 16:38,45,41,61,0
1/14/2023 16:53,44,40,62,0
1/14/2023 17:08,45,39,63,0
1/14/2023 17:23,46,38,64,0
1/14/2023 17:38,45,37,65,0
1/14/2023 17:53,44,38,64,0
1/14/2023 18:08,45,37,65,0
1/14/2023 18:23,46,36,66,0
1/14/2023 18:38,45,37,65,0
1/14/2023 18:53,46,36,64,0
1/14/2023 19:08,47,37,65,0
1/14/2023 19:23,48,36,66,0
1/14/2023 19:38,49,35,65,0
1/14/2023 19:53,48,34,64,0
1/14/2023 20:08,49,35,65,0
1/14/2023 20:23,50,34,66,0
1/14/2023 20:38,49,33,67,0
1/14/2023 20:53,50,34,66,0
1/14/2023 21:08,49,35,65,0
1/14/2023 21:23,48,34,66,0
1/14/2023 21:38,49,33,65,0
1/14/2023 21:53,50,34,64,0
1/14/2023 22:08,49,35,63,0
1/14/2023 22:23,48,36,62,0
1/14/2023 22:38,47,37,63,0
1/14/2023 22:53,48,38,62,0
1/14/2023 23:08,47,37,61,0
1/14/2023 23:23,48,38,62,0
1/14/2023 23:38,49,37,61,0
1/14/2023 23:53,48,38,62,0
1/15/2023 0:08,47,39,63,0
1/15/2023 0:23,48,40,64,0
1/15/2023 0:38,47,41,65,0
1/15/2023 0:53,46,42,64,0
1/15/2023 1:08,45,43,65,0
1/15/2023 1:23,44,42,66,0
1/15/2023 1:38,45,41,65,0
1/15/2023 1:53,44,42,64,0
1/15/2023 2:08,43,41,63,0
1/15/2023 2:23,44,42,64,0
1/15/2023 2:38,45,41,63,0
1/15/2023 2:53,44,40,62,0
1/15/2023 3:08,45,41,61,0
1/15/2023 3:23,44,42,62,0
1/15/2023 3:38,45,43,61,0
1/15/2023 3:53,44,42,60,0
1/15/2023 4:08,45,41,61,0
1/15/2023 4:23,44,42,62,0
1/15/2023 4:38,43,41,61,0
1/15/2023 4:53,42,42,60,0
1/15/2023 5:08,43,43,61,0
1/15/2023 5:23,42,44,60,0
1/15/2023 5:38,43,45,59,0
1/15/2023 5:53,42,46,60,0
1/15/2023 6:08,43,47,61,0
1/15/2023 6:23,44,46,60,0
1/15/2023 6:38,43,47,61,0
1/15/2023 6:53,44,48,60,0
1/15/2023 7:08,45,47,59,0
1/15/2023 7:23,44,46,58,0
1/15/2023 7:38,45,47,59,0
1/15/2023 7:53,46,48,60,0
1/15/2023 8:08,47,47,59,0
1/15/2023 8:23,46,46,58,0
1/15/2023 8:38,47,45,57,0
1/15/2023 8:53,46,44,56,0
1/15/2023 9:08,45,45,57,0
1/15/2023 9:23,46,46,58,0
1/15/2023 9:38,45,47,57,0
1/15/2023 9:53,46,46,56,0
1/15/2023 10:08,47,47,55,0
1/15/2023 10:23,48,46,54,0
1/15/2023 10:38,49,47,53,0
1/15/2023 10:53,50,46,54,0
1/15/2023 11:08,49,47,55,0
1/15/2023 11:23,48,46,56,0
1/15/2023 11:38,49,45,57,0
1/15/2023 11:53,50,44,58,0
1/15/2023 12:08,51,45,59,0
1/15/2023 12:23,50,44,60,0
1/15/2023 12:38,49,45,59,0
1/15/2023 12:53,50,46,60,0
1/15/2023 13:08,51,47,59,0
1/15/2023 13:23,52,46,60,0
1/15/2023 13:38,53,45,61,0
1/15/2023 13:53,52,44,60,0
1/15/2023 14:08,53,43,59,0
1/15/2023 14:23,54,42,58,0
1/15/2023 14:38,55,43,59,0
1/15/2023 14:53,56,42,58,0
1/15/2023 15:08,57,41,57,0
1/15/2023 15:23,56,40,56,0
1/15/2023 15:38,57,41,55,0
1/15/2023 15:53,58,42,56,0
1/15/2023 16:08,57,43,57,0
1/15/2023 16:23,58,44,58,0
1/15/2023 16:38,57,43,59,0
1/15/2023 16:53,56,44,58,0
1/15/2023 17:08,57,43,57,0
1/15/2023 17:23,58,42,58,0
1/15/2023 17:38,59,41,59,0
1/15/2023 17:53,60,42,60,0
1/15/2023 18:08,59,43,61,0
1/15/2023 18:23,58,44,60,0
1/15/2023 18:38,59,45,61,0
1/15/2023 18:53,58,44,60,0
1/15/2023 19:08,59,43,61,0
1/15/2023 19:23,58,44,62,0
1/15/2023 19:38,59,43,63,0
1/15/2023 19:53,60,42,62,0
1/15/2023 20:08,61,43,61,0
1/15/2023 20:23,60,44,62,0
1/15/2023 20:38,59,45,63,0
1/15/2023 20:53,60,46,62,0
1/15/2023 21:08,59,45,61,0
1/15/2023 21:23,60,46,60,0
1/15/2023 21:38,59,47,61,0
1/15/2023 21:53,58,46,60,0
1/15/2023 22:08,59,47,59,0
1/15/2023 22:23,58,48,60,0
1/15/2023 22:38,59,49,59,0
1/15/2023 22:53,58,50,60,0
1/15/2023 23:08,57,51,61,0
1/15/2023 23:23,56,52,62,0
1/15/2023 23:38,55,53,63,0
1/15/2023 23:53,56,54,62,0
1/16/2023 0:08,57,55,61,0
1/16/2023 0:23,58,54,62,0
1/16/2023 0:38,57,55,61,0
1/16/2023 0:53,56,54,60,0
1/16/2023 1:08,57,55,59,0
1/16/2023 1:23,56,54,60,0
1/16/2023 1:38,55,55,59,0
1/16/2023 1:53,54,56,60,0
1/16/2023 2:08,55,55,61,0
1/16/2023 2:23,56,54,60,0
1/16/2023 2:38,55,53,59,0
1/16/2023 2:53,54,54,58,0
1/16/2023 3:08,53,55,59,0
1/16/2023 3:23,52,54,60,0
1/16/2023 3:38,51,55,61,0
1/16/2023 3:53,52,54,62,0
1/16/2023 4:08,51,55,63,0
1/16/2023 4:23,50,54,64,0
1/16/2023 4:38,51,55,65,0
1/16/2023 4:53,52,56,66,0
1/16/2023 5:08,53,57,67,0
1/16/2023 5:23,54,58,66,0
1/16/2023 5:38,53,59,65,0
1/16/2023 5:53,52,60,64,0
1/16/2023 6:08,53,61,65,0
1/16/2023 6:23,52,60,64,0
1/16/2023 6:38,53,61,65,0
1/16/2023 6:53,54,62,66,0
1/16/2023 7:08,55,61,65,0
1/16/2023 7:23,56,60,66,0
1/16/2023 7:38,55,61,65,0
1/16/2023 7:53,54,62,66,0
1/16/2023 8:08,53,63,67,0
1/16/2023 8:23,54,64,68,0
1/16/2023 8:38,53,65,69,0
1/16/2023 8:53,54,64,68,0
1/16/2023 9:08,53,63,67,0
1/16/2023 9:23,52,64,68,0
1/16/2023 9:38,53,65,67,0
1/16/2023 9:53,54,64,66,0
1/16/2023 10:08,53,65,67,0
1/16/2023 10:23,54,64,68,0
1/16/2023 10:38,53,65,69,0
1/16/2023 10:53,52,66,68,0
1/16/2023 11:08,51,65,69,0
1/16/2023 11:23,52,64,68,0
1/16/2023 11:38,51,65,69,0
1/16/2023 11:53,52,66,68,0
1/16/2023 12:08,53,67,69,0
1/16/2023 12:23,52,68,70,0
1/16/2023 12:38,53,67,71,0
1/16/2023 12:53,52,68,70,0
1/16/2023 13:08,51,67,69,0
1/16/2023 13:23,52,66,70,0
1/16/2023 13:38,51,65,71,0
1/16/2023 13:53,50,66,70,0
1/16/2023 14:08,51,65,71,0
1/16/2023 14:23,52,66,72,0
1/16/2023 14:38,51,65,73,0
1/16/2023 14:53,50,66,72,0
1/16/2023 15:08,51,65,71,0
1/16/2023 15:23,52,66,72,0
1/16/2023 15:38,53,67,73,0
1/16/2023 15:53,52,66,74,0
1/16/2023 16:08,51,67,73,0
1/16/2023 16:23,50,66,74,0
1/16/2023 16:38,51,67,75,0
1/16/2023 16:53,50,66,74,0
1/16/2023 17:08,49,65,73,0
1/16/2023 17:23,48,64,74,0
1/16/2023 17:38,47,63,73,0
1/16/2023 17:53,48,64,72,0
1/16/2023 18:08,47,63,73,0
1/16/2023 18:23,48,64,72,0
1/16/2023 18:38,47,63,71,0
1/16/2023 18:53,48,62,72,0
1/16/2023 19:08,47,61,71,0
1/16/2023 19:23,46,62,72,0
1/16/2023 19:38,47,61,71,0
1/16/2023 19:53,48,62,70,0
1/16/2023 20:08,47,63,71,0
1/16/2023 20:23,46,64,70,0
1/16/2023 20:38,45,65,71,0
1/16/2023 20:53,44,66,70,0
1/16/2023 21:08,43,65,71,0
1/16/2023 21:23,44,66,70,0
1/16/2023 21:38,43,65,71,0
1/16/2023 21:53,44,64,72,0
1/16/2023 22:08,45,65,71,0
1/16/2023 22:23,46,66,72,0
1/16/2023 22:38,45,67,71,0
1/16/2023 22:53,44,66,72,0
1/16/2023 23:08,45,65,73,0
1/16/2023 23:23,44,66,72,0
1/16/2023 23:38,43,67,71,0
1/16/2023 23:53,42,66,70,0
1/17/2023 0:08,41,67,69,0
1/17/2023 0:23,40,68,68,0
1/17/2023 0:38,41,67,67,0
1/17/2023 0:53,42,66,66,0
1/17/2023 1:08,41,67,67,0
1/17/2023 1:23,40,68,68,0
1/17/2023 1:38,41,69,67,0
1/17/2023 1:53,40,68,66,0
1/17/2023 2:08,39,69,67,0
1/17/2023 2:23,40,68,68,0
1/17/2023 2:38,41,67,67,0
1/17/2023 2:53,40,68,68,0
1/17/2023 3:08,39,67,69,0
1/17/2023 3:23,38,66,68,0
1/17/2023 3:38,37,65,69,0
1/17/2023 3:53,38,64,70,0
1/17/2023 4:08,39,65,71,0
1/17/2023 4:23,38,64,70,0
1/17/2023 4:38,37,63,71,0
1/17/2023 4:53,36,62,72,0
1/17/2023 5:08,37,61,73,0
1/17/2023 5:23,38,62,74,0
1/17/2023 5:38,39,63,73,0
1/17/2023 5:53,38,62,74,0
1/17/2023 6:08,39,63,73,0
1/17/2023 6:23,38,64,72,0
1/17/2023 6:38,37,63,73,0
1/17/2023 6:53,38,64,74,0
1/17/2023 7:08,37,63,73,0
1/17/2023 7:23,38,64,74,0
1/17/2023 7:38,39,63,73,0
1/17/2023 7:53,38,62,72,0
1/17/2023 8:08,39,63,71,0
1/17/2023 8:23,40,64,72,0
1/17/2023 8:38,41,63,73,0
1/17/2023 8:53,40,62,74,0
1/17/2023 9:08,39,63,73,0
1/17/2023 9:23,38,62,72,0
1/17/2023 9:38,37,61,73,0
1/17/2023 9:53,38,60,74,0
1/17/2023 10:08,39,61,75,0
1/17/2023 10:23,40,60,76,0
1/17/2023 10:38,41,61,75,0
1/17/2023 10:53,40,62,76,0
1/17/2023 11:08,39,61,75,0
1/17/2023 11:23,38,60,74,0
1/17/2023 11:38,39,61,73,0
1/17/2023 11:53,38,60,72,0
1/17/2023 12:08,37,59,73,0
1/17/2023 12:23,38,60,74,0
1/17/2023 12:38,37,61,75,0
1/17/2023 12:53,38,62,74,0
1/17/2023 13:08,39,61,73,0
1/17/2023 13:23,38,60,72,0
1/17/2023 13:38,37,59,73,0
1/17/2023 13:53,36,60,72,0
1/17/2023 14:08,37,61,73,0
1/17/2023 14:23,36,62,74,0
1/17/2023 14:38,35,63,75,0
1/17/2023 14:53,36,64,76,0
1/17/2023 15:08,37,63,75,0
1/17/2023 15:23,36,64,74,0
1/17/2023 15:38,35,63,73,0
1/17/2023 15:53,34,64,72,0
1/17/2023 16:08,33,65,71,0
1/17/2023 16:23,34,66,72,0
1/17/2023 16:38,33,67,73,0
1/17/2023 16:53,34,68,74,0
1/17/2023 17:08,33,67,73,0
1/17/2023 17:23,32,68,72,0
1/17/2023 17:38,33,67,71,0
1/17/2023 17:53,32,66,72,0
1/17/2023 18:08,33,67,73,0
1/17/2023 18:23,32,68,74,0
1/17/2023 18:38,31,69,73,0
1/17/2023 18:53,30,68,72,0
1/17/2023 19:08,31,69,71,0
1/17/2023 19:23,30,70,72,0
1/17/2023 19:38,30,71,71,0
1/17/2023 19:53,30,70,70,0
1/17/2023 20:08,30,71,69,0
1/17/2023 20:23,30,70,70,0
1/17/2023 20:38,31,69,71,0
1/17/2023 20:53,30,70,70,0
1/17/2023 21:08,31,71,71,0
1/17/2023 21:23,30,70,70,0
1/17/2023 21:38,31,69,69,0
1/17/2023 21:53,30,70,70,0
1/17/2023 22:08,31,71,71,0
1/17/2023 22:23,30,70,72,0
1/17/2023 22:38,31,69,71,0
1/17/2023 22:53,32,68,70,0
1/17/2023 23:08,31,67,69,0
1/17/2023 23:23,30,66,70,0
1/17/2023 23:38,30,67,71,0
1/17/2023 23:53,30,68,70,0
1/18/2023 0:08,30,69,69,0
1/18/2023 0:23,31,68,70,0
1/18/2023 0:38,30,69,71,0
1/18/2023 0:53,30,68,72,0
1/18/2023 1:08,30,69,71,0
1/18/2023 1:23,30,70,72,0
1/18/2023 1:38,30,71,71,0
1/18/2023 1:53,31,70,70,0
1/18/2023 2:08,30,69,69,0
1/18/2023 2:23,30,68,70,0
1/18/2023 2:38,30,69,71,0
1/18/2023 2:53,31,68,72,0
1/18/2023 3:08,30,67,71,0
1/18/2023 3:23,30,68,72,0
1/18/2023 3:38,31,67,73,0
1/18/2023 3:53,32,68,72,0
1/18/2023 4:08,33,69,71,0
1/18/2023 4:23,32,70,72,0
1/18/2023 4:38,33,71,71,0
1/18/2023 4:53,32,70,70,0
1/18/2023 5:08,31,69,71,0
1/18/2023 5:23,32,70,70,0
1/18/2023 5:38,33,71,69,0
1/18/2023 5:53,34,72,70,0
1/18/2023 6:08,35,73,71,0
1/18/2023 6:23,34,72,72,0
1/18/2023 6:38,33,71,71,0
1/18/2023 6:53,32,70,72,0
1/18/2023 7:08,33,71,71,0
1/18/2023 7:23,34,70,70,0
1/18/2023 7:38,33,71,71,0
1/18/2023 7:53,34,72,70,0
1/18/2023 8:08,33,73,69,0
1/18/2023 8:23,32,74,70,0
1/18/2023 8:38,33,73,69,0
1/18/2023 8:53,32,74,70,0
1/18/2023 9:08,31,75,69,0
1/18/2023 9:23,32,76,70,0
1/18/2023 9:38,33,77,71,0
1/18/2023 9:53,34,78,72,0
1/18/2023 10:08,35,77,71,0
1/18/2023 10:23,36,76,72,0
1/18/2023 10:38,35,75,73,0
1/18/2023 10:53,36,74,72,0
1/18/2023 11:08,37,75,71,0
1/18/2023 11:23,38,74,70,0
1/18/2023 11:38,37,75,69,0
1/18/2023 11:53,38,74,70,0
1/18/2023 12:08,37,75,69,0
1/18/2023 12:23,36,74,70,0
1/18/2023 12:38,35,73,71,0
1/18/2023 12:53,36,72,72,0
1/18/2023 13:08,35,71,71,0
1/18/2023 13:23,36,70,70,0
1/18/2023 13:38,37,69,69,0
1/18/2023 13:53,36,70,70,0
1/18/2023 14:08,37,71,69,0
1/18/2023 14:23,36,72,70,0
1/18/2023 14:38,35,73,71,0
1/18/2023 14:53,34,74,72,0
1/18/2023 15:08,35,75,73,0
1/18/2023 15:23,36,74,74,0
1/18/2023 15:38,35,73,73,0
1/18/2023 15:53,34,74,72,0
1/18/2023 16:08,33,73,73,0
1/18/2023 16:23,32,72,74,0
1/18/2023 16:38,33,71,75,0
1/18/2023 16:53,34,72,76,0
1/18/2023 17:08,33,71,75,0
1/18/2023 17:23,32,72,74,0
1/18/2023 17:38,33,73,75,0
1/18/2023 17:53,32,72,74,0
1/18/2023 18:08,33,73,75,0
1/18/2023 18:23,34,74,74,0
1/18/2023 18:38,33,73,73,0
1/18/2023 18:53,32,72,74,0
1/18/2023 19:08,31,73,73,0
1/18/2023 19:23,32,74,74,0
1/18/2023 19:38,31,73,73,0
1/18/2023 19:53,32,74,74,0
1/18/2023 20:08,31,75,73,0
1/18/2023 20:23,32,74,72,0
1/18/2023 20:38,31,75,71,0
1/18/2023 20:53,30,76,72,0
1/18/2023 21:08,30,75,73,0
1/18/2023 21:23,30,74,72,0
1/18/2023 21:38,31,73,71,0
1/18/2023 21:53,32,72,70,0
1/18/2023 22:08,31,71,69,0
1/18/2023 22:23,30,72,68,0
1/18/2023 22:38,31,73,69,0
1/18/2023 22:53,30,72,70,0
1/18/2023 23:08,31,71,71,0
1/18/2023 23:23,32,70,72,0
1/18/2023 23:38,33,69,71,0
1/18/2023 23:53,32,70,72,0
1/19/2023 0:08,33,69,73,0
1/19/2023 0:23,34,70,72,0
1/19/2023 0:38,35,69,73,0
1/19/2023 0:53,34,70,72,0
1/19/2023 1:08,35,69,71,0
1/19/2023 1:23,34,68,70,0
1/19/2023 1:38,35,67,69,0
1/19/2023 1:53,36,68,70,0
1/19/2023 2:08,35,67,69,0
1/19/2023 2:23,36,68,70,0
1/19/2023 2:38,37,67,71,0
1/19/2023 2:53,38,68,70,0
1/19/2023 3:08,39,67,71,0
1/19/2023 3:23,40,68,72,0
1/19/2023 3:38,41,67,71,0
1/19/2023 3:53,42,68,70,0
1/19/2023 4:08,43,67,69,0
1/19/2023 4:23,42,68,70,0
1/19/2023 4:38,41,67,71,0
1/19/2023 4:53,42,66,72,0
1/19/2023 5:08,41,67,71,0
1/19/2023 5:23,42,66,70,0
1/19/2023 5:38,43,67,69,0
1/19/2023 5:53,42,66,68,0
1/19/2023 6:08,41,67,67,0
1/19/2023 6:23,42,68,68,0
1/19/2023 6:38,41,67,67,0
1/19/2023 6:53,42,68,68,0
1/19/2023 7:08,43,69,67,0
1/19/2023 7:23,44,70,66,0
1/19/2023 7:38,45,69,65,0
1/19/2023 7:53,46,70,64,0
1/19/2023 8:08,47,69,65,0
1/19/2023 8:23,46,68,64,0
1/19/2023 8:38,47,67,63,0
1/19/2023 8:53,46,66,62,0
1/19/2023 9:08,45,67,63,0
1/19/2023 9:23,44,66,62,0
1/19/2023 9:38,45,67,61,0
1/19/2023 9:53,46,68,62,0
1/19/2023 10:08,45,67,61,0
1/19/2023 10:23,44,66,62,0
1/19/2023 10:38,43,67,61,0
1/19/2023 10:53,44,68,60,0
1/19/2023 11:08,43,69,59,0
1/19/2023 11:23,42,68,60,0
1/19/2023 11:38,41,69,61,0
1/19/2023 11:53,42,70,60,0
1/19/2023 12:08,41,69,61,0
1/19/2023 12:23,42,68,62,0
1/19/2023 12:38,43,67,63,0
1/19/2023 12:53,44,68,64,0
1/19/2023 13:08,43,69,63,0
1/19/2023 13:23,42,68,62,0
1/19/2023 13:38,43,67,61,0
1/19/2023 13:53,42,68,62,0
1/19/2023 14:08,41,69,61,0
1/19/2023 14:23,40,68,62,0
1/19/2023 14:38,41,67,63,0
1/19/2023 14:53,42,68,62,0
1/19/2023 15:08,41,67,61,0
1/19/2023 15:23,42,66,60,0
1/19/2023 15:38,41,67,61,0
1/19/2023 15:53,40,66,62,0
1/19/2023 16:08,41,65,63,0
1/19/2023 16:23,42,64,62,0
1/19/2023 16:38,41,63,63,0
1/19/2023 16:53,40,62,62,0
1/19/2023 17:08,39,61,61,0
1/19/2023 17:23,40,60,62,0
1/19/2023 17:38,39,61,61,0
1/19/2023 17:53,40,60,60,0
1/19/2023 18:08,41,61,59,0
1/19/2023 18:23,42,60,60,0
1/19/2023 18:38,43,61,61,0
1/19/2023 18:53,42,60,62,0
1/19/2023 19:08,41,61,61,0
1/19/2023 19:23,42,60,60,0
1/19/2023 19:38,43,59,59,0
1/19/2023 19:53,42,60,60,0
1/19/2023 20:08,41,59,59,0
1/19/2023 20:23,42,60,58,0
1/19/2023 20:38,43,61,59,0
1/19/2023 20:53,44,60,60,0
1/19/2023 21:08,45,61,61,0
1/19/2023 21:23,44,60,62,0
1/19/2023 21:38,45,59,61,0
1/19/2023 21:53,46,60,62,0
1/19/2023 22:08,47,61,63,0
1/19/2023 22:23,48,60,64,0
1/19/2023 22:38,47,61,63,18
1/19/2023 22:53,48,60,62,19
1/19/2023 23:08,49,61,61,18
1/19/2023 23:23,50,60,60,17
1/19/2023 23:38,49,61,59,16
1/19/2023 23:53,48,62,60,17
1/20/2023 0:08,49,61,59,16
1/20/2023 0:23,48,62,58,17
1/20/2023 0:38,49,61,57,18
1/20/2023 0:53,48,62,56,17
1/20/2023 1:08,49,63,55,16
1/20/2023 1:23,48,62,54,15
1/20/2023 1:38,47,63,53,14
1/20/2023 1:53,48,64,52,13
1/20/2023 2:08,47,63,51,14
1/20/2023 2:23,46,62,50,15
1/20/2023 2:38,45,63,49,14
1/20/2023 2:53,46,62,50,15
1/20/2023 3:08,47,63,49,14
1/20/2023 3:23,48,62,48,13
1/20/2023 3:38,49,61,47,12
1/20/2023 3:53,48,62,48,13
1/20/2023 4:08,47,61,49,12
1/20/2023 4:23,46,62,48,11
1/20/2023 4:38,45,61,47,10
1/20/2023 4:53,46,62,46,11
1/20/2023 5:08,47,63,45,12
1/20/2023 5:23,46,64,44,13
1/20/2023 5:38,47,63,45,14
1/20/2023 5:53,46,62,44,15
1/20/2023 6:08,45,63,45,14
1/20/2023 6:23,44,64,44,13
1/20/2023 6:38,43,63,43,12
1/20/2023 6:53,44,64,44,11
1/20/2023 7:08,45,65,43,10
1/20/2023 7:23,46,66,42,11
1/20/2023 7:38,47,65,43,12
1/20/2023 7:53,48,66,42,11
1/20/2023 8:08,49,65,41,10
1/20/2023 8:23,48,66,40,10
1/20/2023 8:38,47,67,41,11
1/20/2023 8:53,46,68,42,10
1/20/2023 9:08,45,67,43,11
1/20/2023 9:23,46,66,42,12
1/20/2023 9:38,47,65,41,11
1/20/2023 9:53,48,64,42,12
1/20/2023 10:08,49,65,41,11
1/20/2023 10:23,48,64,42,12
1/20/2023 10:38,47,65,43,11
1/20/2023 10:53,48,64,42,12
1/20/2023 11:08,47,65,41,13
1/20/2023 11:23,46,64,42,12
1/20/2023 11:38,45,65,43,13
1/20/2023 11:53,46,64,42,14
1/20/2023 12:08,45,65,43,13
1/20/2023 12:23,46,66,42,14
1/20/2023 12:38,45,65,41,15
1/20/2023 12:53,46,66,40,14
1/20/2023 13:08,45,65,41,15
1/20/2023 13:23,46,66,40,16
1/20/2023 13:38,45,65,39,15
1/20/2023 13:53,44,66,38,14
1/20/2023 14:08,43,65,39,15
1/20/2023 14:23,42,64,38,14
1/20/2023 14:38,43,65,37,13
1/20/2023 14:53,44,66,36,12
1/20/2023 15:08,43,65,35,13
1/20/2023 15:23,42,64,34,12
1/20/2023 15:38,41,63,33,13
1/20/2023 15:53,42,62,34,12
1/20/2023 16:08,43,61,33,11
1/20/2023 16:23,42,60,34,12
1/20/2023 16:38,43,59,33,11
1/20/2023 16:53,42,60,34,12
1/20/2023 17:08,43,61,33,11
1/20/2023 17:23,42,62,34,10
1/20/2023 17:38,41,63,35,10
1/20/2023 17:53,40,62,36,10
1/20/2023 18:08,39,61,35,11
1/20/2023 18:23,38,60,34,10
1/20/2023 18:38,39,59,35,10
1/20/2023 18:53,38,60,34,11
1/20/2023 19:08,37,61,35,12
1/20/2023 19:23,36,60,36,13
1/20/2023 19:38,37,59,37,14
1/20/2023 19:53,36,58,36,15
1/20/2023 20:08,35,57,35,14
1/20/2023 20:23,36,56,34,15
1/20/2023 20:38,35,55,35,14
1/20/2023 20:53,36,56,36,13
1/20/2023 21:08,35,57,35,14
1/20/2023 21:23,34,56,34,15
1/20/2023 21:38,35,57,35,14
1/20/2023 21:53,36,56,34,13
1/20/2023 22:08,35,55,33,12
1/20/2023 22:23,36,54,32,11
1/20/2023 22:38,37,55,31,10
1/20/2023 22:53,36,56,32,10
1/20/2023 23:08,37,57,33,10
1/20/2023 23:23,38,58,32,11
1/20/2023 23:38,37,57,33,10
1/20/2023 23:53,38,56,32,10
1/21/2023 0:08,37,57,33,11
1/21/2023 0:23,38,56,32,10
1/21/2023 0:38,37,55,33,10
1/21/2023 0:53,36,56,34,11
1/21/2023 1:08,35,57,33,10
1/21/2023 1:23,36,58,32,10
1/21/2023 1:38,37,57,33,11
1/21/2023 1:53,38,56,34,12
1/21/2023 2:08,37,57,33,13
1/21/2023 2:23,38,56,32,12
1/21/2023 2:38,39,55,33,13
1/21/2023 2:53,38,56,32,12
1/21/2023 3:08,37,57,31,11
1/21/2023 3:23,38,58,30,10
1/21/2023 3:38,37,59,29,11
1/21/2023 3:53,38,58,28,10
1/21/2023 4:08,37,57,29,11
1/21/2023 4:23,38,58,30,12
1/21/2023 4:38,37,57,29,13
1/21/2023 4:53,38,58,28,12
1/21/2023 5:08,39,59,27,11
1/21/2023 5:23,40,60,28,12
1/21/2023 5:38,41,59,27,11
1/21/2023 5:53,42,58,26,10
1/21/2023 6:08,41,57,25,10
1/21/2023 6:23,40,58,26,11
1/21/2023 6:38,41,59,27,12
1/21/2023 6:53,40,60,28,11
1/21/2023 7:08,39,61,29,10
1/21/2023 7:23,38,60,30,10
1/21/2023 7:38,37,61,29,10
1/21/2023 7:53,36,62,30,10
1/21/2023 8:08,35,61,31,11
1/21/2023 8:23,36,62,30,10
1/21/2023 8:38,37,61,31,10
1/21/2023 8:53,36,62,32,10
1/21/2023 9:08,35,61,33,11
1/21/2023 9:23,34,60,32,10
1/21/2023 9:38,33,59,33,11
1/21/2023 9:53,32,60,32,10
1/21/2023 10:08,33,59,31,10
1/21/2023 10:23,32,60,30,10
1/21/2023 10:38,33,61,31,11
1/21/2023 10:53,32,62,30,10
1/21/2023 11:08,31,61,29,10
1/21/2023 11:23,30,60,28,10
1/21/2023 11:38,31,61,27,10
1/21/2023 11:53,32,60,26,11
1/21/2023 12:08,31,59,25,12
1/21/2023 12:23,32,60,26,13
